{
  "type": "FeatureCollection",
  "features": [
    {
      "type": "Feature",
      "geometry": {
        "type": "MultiPolygon",
        "coordinates": [
          [
            [
              [
                126.74268438138724,
                37.03800103405739
              ],
              [
                126.74267678786528,
                37.03800105860319
              ],
              [
                126.74251605585134,
                37.03807907766231
              ],
              [
                126.74268438138724,
                37.03800103405739
              ]
            ]
          ],
          [
            [
              [
                126.74251605585134,
                37.03807907766231
              ],
              [
                126.73952669995982,
                37.03946500872997
              ],
              [
                126.73626985518744,
                37.03919861929056
              ],
              [
                126.73537040366037,
                37.03860280140874
              ],
              [
                126.73431045156113,
                37.03825971095879
              ],
              [
                126.73426197682934,
                37.038248554097066
              ],
              [
                126.73401898590284,
                37.03822659019744
              ],
              [
                126.73399473592089,
                37.038231672661425
              ],
              [
                126.73399179199602,
                37.03827612405425
              ],
              [
                126.73400094883301,
                37.03834467988162
              ],
              [
                126.73402048195642,
                37.03842342378224
              ],
              [
                126.73403657444692,
                37.038485031205425
              ],
              [
                126.73411434404619,
                37.038614311166214
              ],
              [
                126.7341547253451,
                37.038635648707825
              ],
              [
                126.73421876516957,
                37.038662554637064
              ],
              [
                126.73623514763868,
                37.03925298555309
              ],
              [
                126.73797594361214,
                37.039391121513646
              ],
              [
                126.73954454592214,
                37.039515200321205
              ],
              [
                126.74026878686419,
                37.03916985669614
              ],
              [
                126.74251605585134,
                37.03807907766231
              ]
            ]
          ],
          [
            [
              [
                126.72654320873637,
                37.04477783488185
              ],
              [
                126.72613207527117,
                37.04475401749218
              ],
              [
                126.72616054683041,
                37.044807561468936
              ],
              [
                126.72620011407675,
                37.04485768032433
              ],
              [
                126.72622964521868,
                37.04488284388464
              ],
              [
                126.72642394102897,
                37.04500036801638
              ],
              [
                126.72699658959858,
                37.04525891567627
              ],
              [
                126.72719700371918,
                37.04533552719989
              ],
              [
                126.73026976703557,
                37.046173854938154
              ],
              [
                126.73080968633245,
                37.046284597894534
              ],
              [
                126.73085288947213,
                37.04627433326023
              ],
              [
                126.73108338595581,
                37.04615778007359
              ],
              [
                126.73170215618151,
                37.045858744416826
              ],
              [
                126.73044964471818,
                37.045558155764894
              ],
              [
                126.72654320873637,
                37.04477783488185
              ]
            ]
          ],
          [
            [
              [
                126.55596305162595,
                37.059858153968534
              ],
              [
                126.55599631623025,
                37.059859385905845
              ],
              [
                126.55603001345636,
                37.05985919796595
              ],
              [
                126.55601713799103,
                37.05983627926358
              ],
              [
                126.55596938651557,
                37.059766898869064
              ],
              [
                126.55593858810478,
                37.059732840435395
              ],
              [
                126.55589473377546,
                37.05970314001056
              ],
              [
                126.55549951168526,
                37.05945083952645
              ],
              [
                126.55596305162595,
                37.059858153968534
              ]
            ]
          ],
          [
            [
              [
                126.55596305162595,
                37.059858153968534
              ],
              [
                126.55590490575963,
                37.05985599926665
              ],
              [
                126.55584904389134,
                37.05985096832039
              ],
              [
                126.55574336281738,
                37.059832876104345
              ],
              [
                126.5557257780496,
                37.059829296377806
              ],
              [
                126.55570453555048,
                37.05982409024948
              ],
              [
                126.55568706713477,
                37.05981584219127
              ],
              [
                126.55528381293277,
                37.059575828033864
              ],
              [
                126.55526902405717,
                37.059565014236874
              ],
              [
                126.55347094866386,
                37.05798628758254
              ],
              [
                126.55342660278211,
                37.05794271698892
              ],
              [
                126.55336674749232,
                37.05787739801961
              ],
              [
                126.55332018018487,
                37.05782144605378
              ],
              [
                126.5532767482683,
                37.05776588506191
              ],
              [
                126.55257192479233,
                37.05679435872975
              ],
              [
                126.55257103672605,
                37.056790524291294
              ],
              [
                126.55256558694181,
                37.056766968639465
              ],
              [
                126.55257338682918,
                37.05675402192828
              ],
              [
                126.55261897884643,
                37.05672278296657
              ],
              [
                126.5526436892454,
                37.05670588255438
              ],
              [
                126.5526468128686,
                37.056690928030775
              ],
              [
                126.55255583796537,
                37.0562865021032
              ],
              [
                126.5525344032713,
                37.0562054951215
              ],
              [
                126.55246702546167,
                37.0560159459056
              ],
              [
                126.55244531022383,
                37.05596908892185
              ],
              [
                126.55242185128962,
                37.05592245056633
              ],
              [
                126.55235239193156,
                37.05578673250908
              ],
              [
                126.5523320635711,
                37.05575660395485
              ],
              [
                126.55159775875185,
                37.0547695610408
              ],
              [
                126.55081808993204,
                37.05372715971995
              ],
              [
                126.54974631931634,
                37.05275617893782
              ],
              [
                126.54972564139587,
                37.05274340630675
              ],
              [
                126.54967046305613,
                37.0527552611881
              ],
              [
                126.54966466700498,
                37.05275812267372
              ],
              [
                126.54965105013758,
                37.05276802814738
              ],
              [
                126.5496339272134,
                37.052781676991344
              ],
              [
                126.5496102522544,
                37.05280614062671
              ],
              [
                126.54957811192438,
                37.052847666651495
              ],
              [
                126.54954778199189,
                37.05290850796238
              ],
              [
                126.54953770940452,
                37.05294063790855
              ],
              [
                126.54933856175175,
                37.05390143682116
              ],
              [
                126.54932322518799,
                37.05397578761841
              ],
              [
                126.54931604803443,
                37.05407942900875
              ],
              [
                126.54932387661309,
                37.05413956828383
              ],
              [
                126.54934213935978,
                37.054222455989546
              ],
              [
                126.54936639342185,
                37.054295678214125
              ],
              [
                126.54940151404034,
                37.05435843571972
              ],
              [
                126.55250325793976,
                37.058878353896006
              ],
              [
                126.55522082640965,
                37.062199459971254
              ],
              [
                126.55754798429729,
                37.06330290498336
              ],
              [
                126.55927311753472,
                37.06166069002018
              ],
              [
                126.55943559996497,
                37.06177884684546
              ],
              [
                126.5601341445433,
                37.062003362793135
              ],
              [
                126.56017307567406,
                37.06199437962979
              ],
              [
                126.56018889055241,
                37.061979741804436
              ],
              [
                126.56053152775657,
                37.060963599887636
              ],
              [
                126.55940709296188,
                37.06081908761805
              ],
              [
                126.55874445676336,
                37.06074695462605
              ],
              [
                126.55873734282679,
                37.06083789091086
              ],
              [
                126.55842557130087,
                37.06120730352057
              ],
              [
                126.55788752596365,
                37.06115140634692
              ],
              [
                126.55761894474729,
                37.060988500943765
              ],
              [
                126.55662522903093,
                37.06037878769469
              ],
              [
                126.55639214934023,
                37.06023519763083
              ],
              [
                126.55596305162595,
                37.059858153968534
              ]
            ]
          ],
          [
            [
              [
                126.55477637118999,
                37.06828207969053
              ],
              [
                126.55461319878303,
                37.068277359307345
              ],
              [
                126.55458195155882,
                37.06828485506049
              ],
              [
                126.55448962140387,
                37.068309982001004
              ],
              [
                126.55445743266223,
                37.06832082882717
              ],
              [
                126.55443264938314,
                37.06834006180341
              ],
              [
                126.55442524873577,
                37.06835393842762
              ],
              [
                126.55428711274442,
                37.068658914217814
              ],
              [
                126.55319052511908,
                37.072168858547585
              ],
              [
                126.55319305755893,
                37.07219534921834
              ],
              [
                126.55319830477362,
                37.07222479831544
              ],
              [
                126.55321284107362,
                37.07228306173943
              ],
              [
                126.55326420494436,
                37.072371740252706
              ],
              [
                126.55328302979149,
                37.07240030258255
              ],
              [
                126.55330530287736,
                37.07242567083678
              ],
              [
                126.5533556325265,
                37.07247430996961
              ],
              [
                126.5533826971498,
                37.07249955239875
              ],
              [
                126.55340949319397,
                37.07252269242085
              ],
              [
                126.55367508765517,
                37.07270756490122
              ],
              [
                126.55369226878481,
                37.07271941475188
              ],
              [
                126.55383067555424,
                37.07278241618179
              ],
              [
                126.55385473502882,
                37.072784991412306
              ],
              [
                126.55386389593792,
                37.07278575676574
              ],
              [
                126.55405551581543,
                37.07259308082334
              ],
              [
                126.55428761644528,
                37.07231215597266
              ],
              [
                126.55512217083822,
                37.071170341447896
              ],
              [
                126.55515090595082,
                37.07108452468369
              ],
              [
                126.55517785730022,
                37.07094644865303
              ],
              [
                126.5551786883654,
                37.07082523882735
              ],
              [
                126.5549021798334,
                37.06844492476001
              ],
              [
                126.55487355542901,
                37.06831719923185
              ],
              [
                126.5548679228114,
                37.06830336475086
              ],
              [
                126.55483818251156,
                37.06829167639235
              ],
              [
                126.55480583068196,
                37.06828448863109
              ],
              [
                126.55477637118999,
                37.06828207969053
              ]
            ]
          ],
          [
            [
              [
                126.54195005116203,
                37.10368500147069
              ],
              [
                126.53938802731129,
                37.09866465397412
              ],
              [
                126.53923052141103,
                37.098992992052644
              ],
              [
                126.53795077245877,
                37.10986072425134
              ],
              [
                126.5381704388195,
                37.11050957568195
              ],
              [
                126.5381757245641,
                37.11052858203264
              ],
              [
                126.53818029390699,
                37.110546567604636
              ],
              [
                126.53819067399193,
                37.1105881464585
              ],
              [
                126.53820701600587,
                37.110653824597925
              ],
              [
                126.538235920074,
                37.11082990608217
              ],
              [
                126.53822103677963,
                37.111302072864
              ],
              [
                126.53822018534623,
                37.11132169465062
              ],
              [
                126.53821539469794,
                37.11134167027641
              ],
              [
                126.5382032422362,
                37.11139216317014
              ],
              [
                126.5381995369494,
                37.11140570085053
              ],
              [
                126.53797763295904,
                37.11198973254066
              ],
              [
                126.53773321156991,
                37.112431206279375
              ],
              [
                126.53554220758454,
                37.11453701060573
              ],
              [
                126.53630200617043,
                37.11433047008232
              ],
              [
                126.53631793135237,
                37.114326126832495
              ],
              [
                126.53634070227429,
                37.11431519597702
              ],
              [
                126.53636333043619,
                37.11430380605034
              ],
              [
                126.53943653214647,
                37.112646312265056
              ],
              [
                126.54081499554016,
                37.11172761560501
              ],
              [
                126.5411274369974,
                37.110814891819906
              ],
              [
                126.54138627990761,
                37.10965092506219
              ],
              [
                126.54138924666192,
                37.10963681703177
              ],
              [
                126.54139171861752,
                37.109622140729435
              ],
              [
                126.54145533863134,
                37.10921787255929
              ],
              [
                126.54145659445386,
                37.10920913741016
              ],
              [
                126.54145763770018,
                37.109196373124284
              ],
              [
                126.54145799461268,
                37.10918573598223
              ],
              [
                126.54145805059602,
                37.10916164944581
              ],
              [
                126.54145771600474,
                37.10915194235762
              ],
              [
                126.54145061181211,
                37.10911731654942
              ],
              [
                126.54144182865079,
                37.109082852036295
              ],
              [
                126.54143761063273,
                37.109067833197955
              ],
              [
                126.5414336380437,
                37.10905709434882
              ],
              [
                126.54142269379246,
                37.10903425473705
              ],
              [
                126.54141500515587,
                37.10902171190369
              ],
              [
                126.54134914223589,
                37.10859874213089
              ],
              [
                126.54122769291362,
                37.107052759956126
              ],
              [
                126.541209750072,
                37.106780381849646
              ],
              [
                126.54120616502544,
                37.10657625065585
              ],
              [
                126.54124080310315,
                37.10593488559707
              ],
              [
                126.54124200671102,
                37.105918147463456
              ],
              [
                126.54124487710439,
                37.10590095949241
              ],
              [
                126.5412528789953,
                37.1058668398014
              ],
              [
                126.54125676169195,
                37.10585541089776
              ],
              [
                126.54195005116203,
                37.10368500147069
              ]
            ]
          ],
          [
            [
              [
                126.61948282153611,
                37.12181239135016
              ],
              [
                126.62325190311056,
                37.12103713784216
              ],
              [
                126.62694689417594,
                37.12166714707639
              ],
              [
                126.63247058354246,
                37.121334454862904
              ],
              [
                126.63370900782533,
                37.12092685506419
              ],
              [
                126.63661653972775,
                37.12007868704512
              ],
              [
                126.6367017749579,
                37.12005986464384
              ],
              [
                126.6367939234514,
                37.12004008115197
              ],
              [
                126.63691832021533,
                37.12002019704969
              ],
              [
                126.63704846821207,
                37.12000493557867
              ],
              [
                126.63714061235243,
                37.12000000139311
              ],
              [
                126.6372960747381,
                37.11999951209925
              ],
              [
                126.63747916743044,
                37.12002120328715
              ],
              [
                126.63775321645242,
                37.120067668136905
              ],
              [
                126.63793744374304,
                37.12010606614566
              ],
              [
                126.6380698343547,
                37.1201539122213
              ],
              [
                126.63881480911128,
                37.120313960890975
              ],
              [
                126.63959090685414,
                37.120439568468164
              ],
              [
                126.63976248028435,
                37.1204659409208
              ],
              [
                126.63999516061101,
                37.12040951063793
              ],
              [
                126.64725205740851,
                37.11844532638922
              ],
              [
                126.64943202175489,
                37.11758182836219
              ],
              [
                126.65180477714118,
                37.11634013204065
              ],
              [
                126.65214737743142,
                37.11611621453298
              ],
              [
                126.65155937743819,
                37.11499497542765
              ],
              [
                126.65144523128181,
                37.11483084494664
              ],
              [
                126.65137604296969,
                37.11474090576421
              ],
              [
                126.65129533893557,
                37.11464726408893
              ],
              [
                126.6512076948111,
                37.114562909356344
              ],
              [
                126.65110506520048,
                37.114483197629916
              ],
              [
                126.65100242605465,
                37.11444246401538
              ],
              [
                126.65087902111402,
                37.1144258724705
              ],
              [
                126.6507556161261,
                37.11441856159466
              ],
              [
                126.65062644144133,
                37.114420533319716
              ],
              [
                126.65048112386205,
                37.11443179262111
              ],
              [
                126.65036001027494,
                37.11444767270387
              ],
              [
                126.65011434253069,
                37.11449520754296
              ],
              [
                126.64999999095548,
                37.11452076627002
              ],
              [
                126.6499851573396,
                37.114524083429636
              ],
              [
                126.64985943696894,
                37.11455573689056
              ],
              [
                126.64973602945703,
                37.114600379728756
              ],
              [
                126.64844992363007,
                37.11509418334819
              ],
              [
                126.64789738038074,
                37.115489920271116
              ],
              [
                126.64694106177554,
                37.11620982573361
              ],
              [
                126.64692260298648,
                37.11623303731422
              ],
              [
                126.6469398705257,
                37.1163230237178
              ],
              [
                126.6469894505408,
                37.11640184173293
              ],
              [
                126.646992907545,
                37.11642318105936
              ],
              [
                126.64698943513106,
                37.116441741095535
              ],
              [
                126.64697674071371,
                37.116464022451574
              ],
              [
                126.64690060962045,
                37.11653274526908
              ],
              [
                126.64609074589585,
                37.117230246644596
              ],
              [
                126.64601115199,
                37.11729526442675
              ],
              [
                126.64591078965445,
                37.117366788455165
              ],
              [
                126.64439248634918,
                37.118101590074495
              ],
              [
                126.64434059705837,
                37.11810068555136
              ],
              [
                126.64329018666919,
                37.117626898602786
              ],
              [
                126.6432256315149,
                37.11756315218509
              ],
              [
                126.64320258818805,
                37.117479058339875
              ],
              [
                126.6432177507016,
                37.1167969848994
              ],
              [
                126.64322238054294,
                37.11669717235635
              ],
              [
                126.64324436472134,
                37.11642174695304
              ],
              [
                126.64325938232139,
                37.116278495402334
              ],
              [
                126.6432755603768,
                37.116175896251015
              ],
              [
                126.64329749135437,
                37.11607238498867
              ],
              [
                126.64333096100053,
                37.11595314838585
              ],
              [
                126.64340018277738,
                37.11580617809249
              ],
              [
                126.64345325433186,
                37.11571558346915
              ],
              [
                126.64350516038736,
                37.1156333183289
              ],
              [
                126.6435709179455,
                37.11553163435951
              ],
              [
                126.6436332012752,
                37.11543919342735
              ],
              [
                126.64368626853808,
                37.115342135638215
              ],
              [
                126.64371166136571,
                37.11524138412591
              ],
              [
                126.64371168181856,
                37.11513602349026
              ],
              [
                126.64370133851008,
                37.115021431599615
              ],
              [
                126.64365639173077,
                37.114941957012924
              ],
              [
                126.64358260382464,
                37.11486527212166
              ],
              [
                126.64349037487007,
                37.11480338110715
              ],
              [
                126.64337968177225,
                37.114765526693375
              ],
              [
                126.6432620775533,
                37.114747079808055
              ],
              [
                126.64313062252991,
                37.114738799621634
              ],
              [
                126.64301531046564,
                37.114740688368244
              ],
              [
                126.64288500488523,
                37.114746268899964
              ],
              [
                126.6427500976022,
                37.114756478044235
              ],
              [
                126.64262785951986,
                37.114766690318945
              ],
              [
                126.64247334076241,
                37.11477966703294
              ],
              [
                126.64233727794125,
                37.1147917260308
              ],
              [
                126.64218852685462,
                37.114810253440396
              ],
              [
                126.64037347646982,
                37.11504369676185
              ],
              [
                126.64033195784398,
                37.115063114685796
              ],
              [
                126.63939202541953,
                37.11557354791316
              ],
              [
                126.63918558646206,
                37.11568912988238
              ],
              [
                126.63908178473827,
                37.11576402682771
              ],
              [
                126.63667856423565,
                37.117737809252894
              ],
              [
                126.63374448499675,
                37.117596244937644
              ],
              [
                126.63374680134842,
                37.1175731392323
              ],
              [
                126.633708772495,
                37.11751677824809
              ],
              [
                126.63362115522438,
                37.11745856937156
              ],
              [
                126.63350355125407,
                37.11740498897613
              ],
              [
                126.63337903190325,
                37.11736897661553
              ],
              [
                126.63306079117382,
                37.11729604164817
              ],
              [
                126.63290396885992,
                37.11726742739656
              ],
              [
                126.63274831406154,
                37.117246200312756
              ],
              [
                126.6326076369269,
                37.11723144647057
              ],
              [
                126.63258918244425,
                37.117229606005
              ],
              [
                126.63243581354037,
                37.11722409396265
              ],
              [
                126.63102784350289,
                37.11720498818247
              ],
              [
                126.63009955927043,
                37.11723660516079
              ],
              [
                126.62862809678306,
                37.117385692318265
              ],
              [
                126.62851276558881,
                37.11740419755567
              ],
              [
                126.62844818579993,
                37.11741715001299
              ],
              [
                126.62833631897632,
                37.11744489462125
              ],
              [
                126.62830056826931,
                37.11745506452118
              ],
              [
                126.62822328968261,
                37.11748743150492
              ],
              [
                126.62817716153414,
                37.11751423694685
              ],
              [
                126.62811948512906,
                37.11755121533271
              ],
              [
                126.62757069755648,
                37.118241615638695
              ],
              [
                126.62774345883618,
                37.11883883058348
              ],
              [
                126.62776527688492,
                37.118889141189975
              ],
              [
                126.62749874280577,
                37.11921705482751
              ],
              [
                126.62700504636564,
                37.119435929968404
              ],
              [
                126.62691758460777,
                37.119472255736696
              ],
              [
                126.62683991048867,
                37.11949786381803
              ],
              [
                126.62677144456389,
                37.11951322590104
              ],
              [
                126.62271029676327,
                37.11945721018996
              ],
              [
                126.61563653692295,
                37.11879952234066
              ],
              [
                126.61552035096663,
                37.11878365634637
              ],
              [
                126.6151844651479,
                37.11872023181512
              ],
              [
                126.61512292367698,
                37.118707632487826
              ],
              [
                126.61505218256744,
                37.11868758923961
              ],
              [
                126.6149463683846,
                37.118656826125054
              ],
              [
                126.61487046587875,
                37.11862513246045
              ],
              [
                126.61399012339986,
                37.11821360270965
              ],
              [
                126.61310764387115,
                37.117567316274425
              ],
              [
                126.61291376292678,
                37.11739283382617
              ],
              [
                126.61285957595076,
                37.11730647849433
              ],
              [
                126.61274064059151,
                37.11726757839019
              ],
              [
                126.61211701197678,
                37.11713814913476
              ],
              [
                126.61201538812016,
                37.11711781329482
              ],
              [
                126.61193799786567,
                37.11711138715247
              ],
              [
                126.61187909172246,
                37.11711423958111
              ],
              [
                126.61180512585827,
                37.117144976496405
              ],
              [
                126.61059379104452,
                37.11774902953291
              ],
              [
                126.61065832836766,
                37.11805714184993
              ],
              [
                126.61229709960094,
                37.12222086184523
              ],
              [
                126.61356259698401,
                37.12426823135144
              ],
              [
                126.61364192870543,
                37.124381223020734
              ],
              [
                126.61382588825137,
                37.124635900997596
              ],
              [
                126.61435137374558,
                37.125114570885366
              ],
              [
                126.61458289801716,
                37.12519729968932
              ],
              [
                126.61483115829711,
                37.12524633089086
              ],
              [
                126.61492302625025,
                37.12524663103723
              ],
              [
                126.61526701088951,
                37.125205504613504
              ],
              [
                126.61534098856244,
                37.125171993013694
              ],
              [
                126.61614509138279,
                37.123943130942294
              ],
              [
                126.61753108862254,
                37.123511129541164
              ],
              [
                126.61839326314794,
                37.12289042061826
              ],
              [
                126.61867226441588,
                37.12263621052588
              ],
              [
                126.61904003960662,
                37.12228613269552
              ],
              [
                126.61948282153611,
                37.12181239135016
              ]
            ]
          ],
          [
            [
              [
                126.65671078262532,
                37.15215040418604
              ],
              [
                126.65600101692179,
                37.151014416967485
              ],
              [
                126.65343469615388,
                37.14743560052145
              ],
              [
                126.65325434063604,
                37.14718852552646
              ],
              [
                126.65243452553001,
                37.14636563161643
              ],
              [
                126.65186471949285,
                37.14630258085645
              ],
              [
                126.65184203387786,
                37.146313534502426
              ],
              [
                126.6518227586973,
                37.146317153572404
              ],
              [
                126.65180881308316,
                37.14631421077585
              ],
              [
                126.64621758240268,
                37.14303043475591
              ],
              [
                126.64602178871533,
                37.14290323650131
              ],
              [
                126.64549803069963,
                37.14252567704161
              ],
              [
                126.64542408852306,
                37.142464409819354
              ],
              [
                126.64415259925651,
                37.141518355521285
              ],
              [
                126.64488637345531,
                37.14213795881999
              ],
              [
                126.64671350133385,
                37.143453752692615
              ],
              [
                126.64955467115976,
                37.14512108448892
              ],
              [
                126.65123447744239,
                37.1460588573041
              ],
              [
                126.65305074049049,
                37.1471066376026
              ],
              [
                126.65312617040557,
                37.14715540657423
              ],
              [
                126.65334689795947,
                37.14744798587758
              ],
              [
                126.65363234457752,
                37.14783502968504
              ],
              [
                126.65596909818528,
                37.15107546997369
              ],
              [
                126.65671078262532,
                37.15215040418604
              ]
            ]
          ],
          [
            [
              [
                126.65671078262532,
                37.15215040418604
              ],
              [
                126.65769318065324,
                37.15372267928709
              ],
              [
                126.65774175109749,
                37.15379595799034
              ],
              [
                126.65777544039338,
                37.153826637453115
              ],
              [
                126.65778927385743,
                37.15383699361371
              ],
              [
                126.6579197989775,
                37.15390257443473
              ],
              [
                126.65671078262532,
                37.15215040418604
              ]
            ]
          ],
          [
            [
              [
                126.6255713991471,
                37.175478976557066
              ],
              [
                126.62664658630528,
                37.17524719690187
              ],
              [
                126.62668159909242,
                37.175250882048495
              ],
              [
                126.62674093963508,
                37.17524861885132
              ],
              [
                126.62689077020839,
                37.17524147532468
              ],
              [
                126.62696203247151,
                37.17523789730588
              ],
              [
                126.62819159034596,
                37.17514369300863
              ],
              [
                126.62851253665583,
                37.1751156394175
              ],
              [
                126.62863662260064,
                37.1751016574878
              ],
              [
                126.6287658617493,
                37.175086815537085
              ],
              [
                126.6311915283105,
                37.17476597511421
              ],
              [
                126.63106486645582,
                37.17414926298332
              ],
              [
                126.63065292427575,
                37.17387790702952
              ],
              [
                126.63048874810806,
                37.17376081808757
              ],
              [
                126.63031765759688,
                37.17362552240733
              ],
              [
                126.6302197260635,
                37.17353824866665
              ],
              [
                126.63010824807027,
                37.17342604395055
              ],
              [
                126.63002060581788,
                37.173323049656126
              ],
              [
                126.6299641197561,
                37.17324803240881
              ],
              [
                126.62990466768815,
                37.17311675213436
              ],
              [
                126.62955144357788,
                37.17224157604764
              ],
              [
                126.62923210440046,
                37.17140531200191
              ],
              [
                126.62919838356046,
                37.17130980365092
              ],
              [
                126.62872440050828,
                37.169941371893
              ],
              [
                126.62858776875838,
                37.16951511361109
              ],
              [
                126.62835848586508,
                37.16900396770664
              ],
              [
                126.62809250842446,
                37.16849996795916
              ],
              [
                126.62052082009143,
                37.16109669003983
              ],
              [
                126.62051316533012,
                37.16102230104899
              ],
              [
                126.62032576964788,
                37.16022346884557
              ],
              [
                126.62015942490736,
                37.159570356171464
              ],
              [
                126.62009587355291,
                37.15944646604345
              ],
              [
                126.62001623636509,
                37.159304239346696
              ],
              [
                126.61990264890076,
                37.15911011624063
              ],
              [
                126.61917526777228,
                37.15791320995674
              ],
              [
                126.61913628481076,
                37.1578767888909
              ],
              [
                126.61904767806908,
                37.15783350712045
              ],
              [
                126.61902574048463,
                37.157830344213735
              ],
              [
                126.61900775525531,
                37.15782936680982
              ],
              [
                126.61897559383023,
                37.15783340751245
              ],
              [
                126.61894792524042,
                37.15784410502143
              ],
              [
                126.61885228653819,
                37.15790989848561
              ],
              [
                126.61883334220306,
                37.157934111374594
              ],
              [
                126.61882177571539,
                37.15796869282223
              ],
              [
                126.61811269317599,
                37.16010465474534
              ],
              [
                126.61805470630082,
                37.16032990947936
              ],
              [
                126.61741547298128,
                37.16365564972716
              ],
              [
                126.61707423130062,
                37.165480431705696
              ],
              [
                126.6170537703899,
                37.16562356036962
              ],
              [
                126.61695494447557,
                37.16640138924834
              ],
              [
                126.61617848088973,
                37.172863612039045
              ],
              [
                126.61617943013457,
                37.172871859603255
              ],
              [
                126.61635793608949,
                37.17353087924233
              ],
              [
                126.61636470215092,
                37.17355538253617
              ],
              [
                126.61683955507226,
                37.17476088488787
              ],
              [
                126.61702359331133,
                37.175028245036174
              ],
              [
                126.61825013232136,
                37.176728781403654
              ],
              [
                126.6184109097258,
                37.17689238968489
              ],
              [
                126.61860188095322,
                37.17707508838976
              ],
              [
                126.61885177642897,
                37.1773080843277
              ],
              [
                126.61906321956768,
                37.17746270850291
              ],
              [
                126.61991996199868,
                37.17808757099612
              ],
              [
                126.62202594683876,
                37.17962142467815
              ],
              [
                126.62206950218902,
                37.17963352133881
              ],
              [
                126.62209775138292,
                37.179634439147605
              ],
              [
                126.62216853830247,
                37.17961624002304
              ],
              [
                126.6222513251027,
                37.17958730950807
              ],
              [
                126.62228648521157,
                37.17956166953096
              ],
              [
                126.62206046662781,
                37.17875250917979
              ],
              [
                126.62205816750122,
                37.17869887043803
              ],
              [
                126.62205817199,
                37.17868212991319
              ],
              [
                126.62250683845016,
                37.17741876504081
              ],
              [
                126.62252622940288,
                37.17737633252761
              ],
              [
                126.62269880940376,
                37.177099647928905
              ],
              [
                126.62270659815633,
                37.1770912469817
              ],
              [
                126.62411686027099,
                37.17614172464881
              ],
              [
                126.6255713991471,
                37.175478976557066
              ]
            ]
          ],
          [
            [
              [
                126.76577554413264,
                37.26092227336915
              ],
              [
                126.76640576782181,
                37.25923004153339
              ],
              [
                126.76520605339849,
                37.25934943723351
              ],
              [
                126.76275596209615,
                37.2606000055882
              ],
              [
                126.76269501360804,
                37.26107665419902
              ],
              [
                126.76552446931508,
                37.261881029823854
              ],
              [
                126.76577554413264,
                37.26092227336915
              ]
            ]
          ],
          [
            [
              [
                126.74370159763104,
                37.28340627496268
              ],
              [
                126.74116534976523,
                37.28295850749613
              ],
              [
                126.73614274685583,
                37.2836810373893
              ],
              [
                126.73496923659789,
                37.283987967331136
              ],
              [
                126.73502487255723,
                37.28444597637905
              ],
              [
                126.73515952082062,
                37.28519322353157
              ],
              [
                126.73634121415932,
                37.28729325605693
              ],
              [
                126.73672413247257,
                37.28783104516445
              ],
              [
                126.73713963758867,
                37.288210442056624
              ],
              [
                126.74149903798462,
                37.29016716391074
              ],
              [
                126.7418681731098,
                37.29027360018689
              ],
              [
                126.74226753151252,
                37.2901008792838
              ],
              [
                126.7420992834436,
                37.28978758647352
              ],
              [
                126.74150783540138,
                37.28929082888244
              ],
              [
                126.7411506555372,
                37.28777324227399
              ],
              [
                126.74154283420162,
                37.28719792226874
              ],
              [
                126.7436612226684,
                37.287089494345224
              ],
              [
                126.74477500609133,
                37.28652619607149
              ],
              [
                126.74496522834043,
                37.28428556791067
              ],
              [
                126.74370159763104,
                37.28340627496268
              ]
            ]
          ],
          [
            [
              [
                126.74268438138724,
                37.03800103405739
              ],
              [
                126.74528493774376,
                37.03799256599521
              ],
              [
                126.74526073182096,
                37.03970986254308
              ],
              [
                126.74526052285707,
                37.03975198795463
              ],
              [
                126.74548474682483,
                37.04107784898429
              ],
              [
                126.74554790345523,
                37.04138871057463
              ],
              [
                126.7455618474188,
                37.041447760799834
              ],
              [
                126.7457978391736,
                37.042366883608594
              ],
              [
                126.74582156001527,
                37.04244956253677
              ],
              [
                126.74597756706308,
                37.0428348723561
              ],
              [
                126.74616024708385,
                37.04324141208921
              ],
              [
                126.74633327972495,
                37.043622342342026
              ],
              [
                126.74828993267757,
                37.04748683195392
              ],
              [
                126.74928405070467,
                37.0490176976247
              ],
              [
                126.75419946517276,
                37.05348875033625
              ],
              [
                126.75579284539353,
                37.054745954675724
              ],
              [
                126.75600352960184,
                37.054911904974176
              ],
              [
                126.75632533165992,
                37.05516608421109
              ],
              [
                126.75650909905784,
                37.05531125855303
              ],
              [
                126.7565516279648,
                37.05534618804941
              ],
              [
                126.75668090213271,
                37.05545580056888
              ],
              [
                126.75560169692544,
                37.05623280875793
              ],
              [
                126.73353941243325,
                37.073477685327354
              ],
              [
                126.72025337086167,
                37.08385129246263
              ],
              [
                126.7064457518532,
                37.09462278845669
              ],
              [
                126.69691836455407,
                37.10205963312455
              ],
              [
                126.69217560155938,
                37.10577061069046
              ],
              [
                126.68555892315351,
                37.110949008412945
              ],
              [
                126.68404466034563,
                37.1121422860517
              ],
              [
                126.68338803988799,
                37.11324972410877
              ],
              [
                126.68370079505232,
                37.11352466334236
              ],
              [
                126.68375877285153,
                37.11462363535006
              ],
              [
                126.68094189454054,
                37.11731925410016
              ],
              [
                126.67973076142864,
                37.117884403331786
              ],
              [
                126.67957784832606,
                37.11793818098028
              ],
              [
                126.67939554398376,
                37.11797310864045
              ],
              [
                126.67938576376463,
                37.117973821555466
              ],
              [
                126.67550067141661,
                37.1179715406647
              ],
              [
                126.67541808976394,
                37.11796721468493
              ],
              [
                126.6753825528353,
                37.11796029715235
              ],
              [
                126.67534297278394,
                37.11794839378867
              ],
              [
                126.67529993550039,
                37.117919622813105
              ],
              [
                126.6752199290369,
                37.11786032924643
              ],
              [
                126.6751794273348,
                37.11782465311986
              ],
              [
                126.6751443918037,
                37.11778729874678
              ],
              [
                126.67500000543465,
                37.117609142043825
              ],
              [
                126.67496747891452,
                37.11756899992288
              ],
              [
                126.67475754208671,
                37.11729324111026
              ],
              [
                126.67464601286738,
                37.11714128560517
              ],
              [
                126.67462174459614,
                37.117114161201926
              ],
              [
                126.67457508324289,
                37.11708045030232
              ],
              [
                126.67455103473961,
                37.11706792287499
              ],
              [
                126.67452026708386,
                37.11706135017613
              ],
              [
                126.67449753045813,
                37.11705820642692
              ],
              [
                126.67447696843564,
                37.11705734753949
              ],
              [
                126.67442904356156,
                37.11705749516534
              ],
              [
                126.67438214951247,
                37.11706450419205
              ],
              [
                126.67433540828124,
                37.117078377519924
              ],
              [
                126.67415285859535,
                37.11716011590086
              ],
              [
                126.67415021409818,
                37.11716523725893
              ],
              [
                126.67414982379412,
                37.11718044475414
              ],
              [
                126.67415238207656,
                37.11722160244508
              ],
              [
                126.67418855654412,
                37.11730781728739
              ],
              [
                126.67423588300522,
                37.11738889790382
              ],
              [
                126.67497849523224,
                37.11816097327948
              ],
              [
                126.67504230290801,
                37.11821167933154
              ],
              [
                126.6751835721175,
                37.11826640911123
              ],
              [
                126.67532240304894,
                37.11829689395066
              ],
              [
                126.67542260394976,
                37.11829927654047
              ],
              [
                126.67941542775321,
                37.118279830308325
              ],
              [
                126.67949651034196,
                37.118273966329376
              ],
              [
                126.6795714582852,
                37.11826372591197
              ],
              [
                126.67980478553024,
                37.11820266065963
              ],
              [
                126.68007123012363,
                37.11812781624245
              ],
              [
                126.68031605037086,
                37.11805493279123
              ],
              [
                126.68245740349525,
                37.117405363705245
              ],
              [
                126.68254480342037,
                37.117376944904635
              ],
              [
                126.68265369822164,
                37.117327956456364
              ],
              [
                126.68333225719061,
                37.11738486159732
              ],
              [
                126.68466555616116,
                37.119053331969624
              ],
              [
                126.68470871355535,
                37.11910887196107
              ],
              [
                126.68471321837445,
                37.11912146124281
              ],
              [
                126.6847185408613,
                37.1191377861398
              ],
              [
                126.684722335501,
                37.119177973201644
              ],
              [
                126.68473167537731,
                37.1192779539912
              ],
              [
                126.68474170174677,
                37.11953561054042
              ],
              [
                126.68473931207399,
                37.11975110255488
              ],
              [
                126.68472783691101,
                37.120043574710834
              ],
              [
                126.68471266401409,
                37.120343488615845
              ],
              [
                126.68469246942938,
                37.120595649677405
              ],
              [
                126.6846856914094,
                37.12068018679268
              ],
              [
                126.68436541632785,
                37.12220364912209
              ],
              [
                126.6839910313284,
                37.12351489267762
              ],
              [
                126.68386483434597,
                37.123939127346866
              ],
              [
                126.68373741790076,
                37.12435350836855
              ],
              [
                126.68366020292619,
                37.12459633635608
              ],
              [
                126.68343354819672,
                37.125261361588194
              ],
              [
                126.68326206580191,
                37.12572293133511
              ],
              [
                126.68280333566545,
                37.12688285537491
              ],
              [
                126.6826497966285,
                37.12724185144221
              ],
              [
                126.68254802883402,
                37.12747760094457
              ],
              [
                126.68241906029877,
                37.127766900513365
              ],
              [
                126.68220424744997,
                37.128218764430194
              ],
              [
                126.68203518367167,
                37.12855593960953
              ],
              [
                126.681957003034,
                37.128701808821134
              ],
              [
                126.68188003463811,
                37.12884066264793
              ],
              [
                126.6817918661537,
                37.12899860644414
              ],
              [
                126.68170969416741,
                37.129143492445465
              ],
              [
                126.68152619698328,
                37.12943833128236
              ],
              [
                126.681438822832,
                37.12957653425214
              ],
              [
                126.67818846052151,
                37.13457941500646
              ],
              [
                126.67794772469927,
                37.13493397602615
              ],
              [
                126.67792678249673,
                37.134960104707105
              ],
              [
                126.67773781808565,
                37.13516549156563
              ],
              [
                126.67756771074518,
                37.13534280784535
              ],
              [
                126.67747435407853,
                37.13542725373606
              ],
              [
                126.6771420901815,
                37.1356813842255
              ],
              [
                126.67712538318075,
                37.13569335958171
              ],
              [
                126.67658781238549,
                37.135923735444194
              ],
              [
                126.6765767139479,
                37.13592681323497
              ],
              [
                126.67567907896745,
                37.13826257186988
              ],
              [
                126.67910213088685,
                37.14052645687635
              ],
              [
                126.67924237003712,
                37.1406251700618
              ],
              [
                126.67932579415314,
                37.140694722553064
              ],
              [
                126.67942243414807,
                37.14081144640658
              ],
              [
                126.67950605173759,
                37.14091482590485
              ],
              [
                126.67955668377087,
                37.141006527487875
              ],
              [
                126.67958977693728,
                37.14107832200419
              ],
              [
                126.6796312454616,
                37.14124515820176
              ],
              [
                126.67967061935195,
                37.14146104828512
              ],
              [
                126.67970098244827,
                37.14169643267733
              ],
              [
                126.67970969736893,
                37.14197587350027
              ],
              [
                126.67971312430645,
                37.14221260923045
              ],
              [
                126.6796997459371,
                37.14237961022572
              ],
              [
                126.67965652498881,
                37.14264897271614
              ],
              [
                126.67957839848086,
                37.14313245813554
              ],
              [
                126.67956979920828,
                37.14314341907772
              ],
              [
                126.67893796187408,
                37.14327510229482
              ],
              [
                126.67841652576365,
                37.1432645247883
              ],
              [
                126.67828384827637,
                37.143261055878355
              ],
              [
                126.66609867387872,
                37.14243227312866
              ],
              [
                126.66604782028007,
                37.14242738131232
              ],
              [
                126.66602580102403,
                37.14242039020031
              ],
              [
                126.66594279324246,
                37.142384213617966
              ],
              [
                126.6658407665817,
                37.14233196105307
              ],
              [
                126.6656027357228,
                37.142127895341865
              ],
              [
                126.66468192486751,
                37.14133840169559
              ],
              [
                126.66412706183527,
                37.140852385954624
              ],
              [
                126.66297331230234,
                37.1398376846364
              ],
              [
                126.66033442431363,
                37.13792912015568
              ],
              [
                126.66029602991274,
                37.137992993268576
              ],
              [
                126.66578091725404,
                37.14240451858387
              ],
              [
                126.66607887943618,
                37.14249790505931
              ],
              [
                126.66616842705434,
                37.14250310333659
              ],
              [
                126.66671319654718,
                37.14253529066019
              ],
              [
                126.66811758798931,
                37.14262021865336
              ],
              [
                126.66989055128265,
                37.14273406333693
              ],
              [
                126.67404853589144,
                37.143002280632665
              ],
              [
                126.67525216688225,
                37.14308721947729
              ],
              [
                126.6763105854173,
                37.143163623006565
              ],
              [
                126.67687885104395,
                37.143209640760006
              ],
              [
                126.67741067794013,
                37.14325694429016
              ],
              [
                126.67963987248714,
                37.14389707261133
              ],
              [
                126.67967368553722,
                37.14390754289335
              ],
              [
                126.68063554731577,
                37.1442109663737
              ],
              [
                126.68074270505095,
                37.144244891102225
              ],
              [
                126.68084731689626,
                37.14430357029813
              ],
              [
                126.6809685139045,
                37.14438238761772
              ],
              [
                126.68105808419823,
                37.144444692661224
              ],
              [
                126.68113891204841,
                37.144511831816196
              ],
              [
                126.68118359462981,
                37.14456587992775
              ],
              [
                126.68125038915863,
                37.14466489636731
              ],
              [
                126.68136391429849,
                37.144887492400606
              ],
              [
                126.68153674416557,
                37.145229476692634
              ],
              [
                126.68248277323273,
                37.14711550037511
              ],
              [
                126.68248771506548,
                37.1471256805698
              ],
              [
                126.68249392050485,
                37.1472222520108
              ],
              [
                126.6856545509167,
                37.1501051624008
              ],
              [
                126.69465674542052,
                37.15226742334355
              ],
              [
                126.694676588476,
                37.152268827346475
              ],
              [
                126.69469586628921,
                37.1522666147123
              ],
              [
                126.69471377547933,
                37.15225859860546
              ],
              [
                126.69473658903826,
                37.15224345513387
              ],
              [
                126.69485038863124,
                37.15216370664891
              ],
              [
                126.69594163358579,
                37.151274971108165
              ],
              [
                126.69621237501448,
                37.15104906097882
              ],
              [
                126.69122361684305,
                37.157184916049545
              ],
              [
                126.69121587904814,
                37.15719430084232
              ],
              [
                126.68875015266894,
                37.158165334073836
              ],
              [
                126.68741488100174,
                37.15868903598368
              ],
              [
                126.68681176813762,
                37.158922818331746
              ],
              [
                126.68662511797903,
                37.158995163257714
              ],
              [
                126.68280243804328,
                37.160435466151455
              ],
              [
                126.68260027239994,
                37.16046071345154
              ],
              [
                126.68251499490277,
                37.160470640866734
              ],
              [
                126.68244850671367,
                37.16047269707869
              ],
              [
                126.68239317899824,
                37.16047145723952
              ],
              [
                126.68235462563999,
                37.16047020150994
              ],
              [
                126.68230868516324,
                37.16046383437348
              ],
              [
                126.68225020562194,
                37.160451152064454
              ],
              [
                126.68219103698725,
                37.160431765814884
              ],
              [
                126.68133207472826,
                37.16013114600139
              ],
              [
                126.67656625608976,
                37.15845074553692
              ],
              [
                126.6738667266388,
                37.157494852661664
              ],
              [
                126.67243239710987,
                37.15697736786359
              ],
              [
                126.67125342987667,
                37.1565413890674
              ],
              [
                126.66971200856294,
                37.156006158271666
              ],
              [
                126.66966974972874,
                37.156000841434526
              ],
              [
                126.66957204338739,
                37.15600123488787
              ],
              [
                126.66799050011777,
                37.15622375433754
              ],
              [
                126.664986341055,
                37.15674260647924
              ],
              [
                126.66206237700612,
                37.15598382655643
              ],
              [
                126.6579197989775,
                37.15390257443473
              ],
              [
                126.65796262136409,
                37.15396463312922
              ],
              [
                126.6586657997896,
                37.155036312104755
              ],
              [
                126.6563542053222,
                37.154316212192875
              ],
              [
                126.6558562923513,
                37.15417597946129
              ],
              [
                126.65384941066881,
                37.15367067008011
              ],
              [
                126.65104933808918,
                37.15392771151146
              ],
              [
                126.65100724576092,
                37.15393613004943
              ],
              [
                126.65014209044193,
                37.15436510332776
              ],
              [
                126.64982123254413,
                37.154639581710164
              ],
              [
                126.65050168458974,
                37.15630321401583
              ],
              [
                126.65099682426329,
                37.156550796139854
              ],
              [
                126.65176160538391,
                37.156540828154846
              ],
              [
                126.65302787930563,
                37.156530288607534
              ],
              [
                126.65307830319644,
                37.15653004684206
              ],
              [
                126.65317888544767,
                37.15653337784411
              ],
              [
                126.65324688876206,
                37.15653901070162
              ],
              [
                126.65331436185261,
                37.1565552292881
              ],
              [
                126.65334693999084,
                37.15656754249704
              ],
              [
                126.65376372219004,
                37.15680359414886
              ],
              [
                126.65774620092847,
                37.159131842266376
              ],
              [
                126.65781056612352,
                37.15917592708987
              ],
              [
                126.65786216966318,
                37.15921183930905
              ],
              [
                126.65938605741235,
                37.16046108859162
              ],
              [
                126.66000712531552,
                37.161033834632846
              ],
              [
                126.66004402919941,
                37.16107645983514
              ],
              [
                126.66090645911007,
                37.16227249353965
              ],
              [
                126.66091083811341,
                37.1622855262229
              ],
              [
                126.66108754302392,
                37.16299306106755
              ],
              [
                126.66109282335024,
                37.163038274401714
              ],
              [
                126.6610946940948,
                37.16306548263499
              ],
              [
                126.66109665992232,
                37.16313993168071
              ],
              [
                126.66109669436078,
                37.16317003660637
              ],
              [
                126.66099383754408,
                37.163691587385415
              ],
              [
                126.66097941695956,
                37.16372110321161
              ],
              [
                126.66092973425484,
                37.16379425992215
              ],
              [
                126.66085691166667,
                37.163900546552526
              ],
              [
                126.65795781258004,
                37.167705325212076
              ],
              [
                126.6573752288928,
                37.17033838250938
              ],
              [
                126.65569113507726,
                37.177792431400434
              ],
              [
                126.65551204822435,
                37.17785348977904
              ],
              [
                126.65539568826304,
                37.17791844195646
              ],
              [
                126.65529572978117,
                37.17801233737515
              ],
              [
                126.6552066115128,
                37.178101462327234
              ],
              [
                126.65405965549492,
                37.17954719774407
              ],
              [
                126.65349149728924,
                37.18048831627128
              ],
              [
                126.65345636370802,
                37.18055972024058
              ],
              [
                126.65344645418358,
                37.18061387337402
              ],
              [
                126.65360411326895,
                37.18104209752211
              ],
              [
                126.6539427724244,
                37.18128423522769
              ],
              [
                126.65577784322423,
                37.18065589863934
              ],
              [
                126.65583580238136,
                37.18063392831854
              ],
              [
                126.65596589641449,
                37.18058091964942
              ],
              [
                126.6560261624194,
                37.180546613035396
              ],
              [
                126.65692140922245,
                37.18003155306525
              ],
              [
                126.65703359066661,
                37.1799318265558
              ],
              [
                126.65705987982884,
                37.179885748901
              ],
              [
                126.65706558002965,
                37.179860202626536
              ],
              [
                126.65706596916792,
                37.17983674043629
              ],
              [
                126.65706376843649,
                37.179807701855786
              ],
              [
                126.65703834770916,
                37.17976144018894
              ],
              [
                126.65701267857831,
                37.17973591230228
              ],
              [
                126.65697295746473,
                37.17970853933879
              ],
              [
                126.65658903549362,
                37.179499727865895
              ],
              [
                126.65657975685208,
                37.17949755617128
              ],
              [
                126.65656503265083,
                37.179503892681836
              ],
              [
                126.65655577617636,
                37.17952343560486
              ],
              [
                126.65652187432437,
                37.17959702523392
              ],
              [
                126.65649654901921,
                37.17965892720651
              ],
              [
                126.65646004598993,
                37.1797224802599
              ],
              [
                126.6563232197506,
                37.179860745397505
              ],
              [
                126.65624811186319,
                37.17992944082925
              ],
              [
                126.65612379301578,
                37.18003091717313
              ],
              [
                126.65611029226987,
                37.18003561640363
              ],
              [
                126.65610087946226,
                37.18003496886586
              ],
              [
                126.65585156709339,
                37.179949203234955
              ],
              [
                126.65568031471854,
                37.179888505743456
              ],
              [
                126.6555356569837,
                37.179826039741
              ],
              [
                126.65545227327638,
                37.179780572463144
              ],
              [
                126.65542523630756,
                37.17975592325479
              ],
              [
                126.65541035386958,
                37.179734975252934
              ],
              [
                126.65540091237816,
                37.17970878029036
              ],
              [
                126.65540090262769,
                37.17969589576751
              ],
              [
                126.65697055065286,
                37.17620358895132
              ],
              [
                126.65697812898716,
                37.17620120551355
              ],
              [
                126.65699317378049,
                37.176198599372725
              ],
              [
                126.66001533988411,
                37.1764189852379
              ],
              [
                126.66001912727883,
                37.176422833980226
              ],
              [
                126.66507884618875,
                37.18271204340582
              ],
              [
                126.66747502101,
                37.18809623202437
              ],
              [
                126.6675122624923,
                37.188096318850064
              ],
              [
                126.66756328294575,
                37.18809824576651
              ],
              [
                126.66761705666622,
                37.188107381479504
              ],
              [
                126.66768829183923,
                37.188134728905204
              ],
              [
                126.6677815111805,
                37.18817287070835
              ],
              [
                126.66889567663995,
                37.188680432567146
              ],
              [
                126.66987304320205,
                37.189164402468386
              ],
              [
                126.66988970016706,
                37.1891746598017
              ],
              [
                126.6699037732174,
                37.189191239394106
              ],
              [
                126.66991827079494,
                37.189224411111745
              ],
              [
                126.66991732440741,
                37.189235320294486
              ],
              [
                126.6663927297962,
                37.191485794824985
              ],
              [
                126.66467024661306,
                37.19164289579219
              ],
              [
                126.65995499669047,
                37.19076977319621
              ],
              [
                126.65829439912298,
                37.190122611154365
              ],
              [
                126.65823295956417,
                37.19007102088033
              ],
              [
                126.65452376047203,
                37.18615715922895
              ],
              [
                126.65435729674988,
                37.18596492200272
              ],
              [
                126.65435755119853,
                37.18595564132602
              ],
              [
                126.65436396287991,
                37.18595007324663
              ],
              [
                126.65465304120407,
                37.185775374060285
              ],
              [
                126.65485907417013,
                37.18565966713717
              ],
              [
                126.65513382557721,
                37.185496990027836
              ],
              [
                126.65527603237233,
                37.1854045679552
              ],
              [
                126.6553424299482,
                37.18535541091932
              ],
              [
                126.65538086950784,
                37.18532002244464
              ],
              [
                126.65538604824386,
                37.18530800780519
              ],
              [
                126.65539407660495,
                37.18528148670976
              ],
              [
                126.65538747410034,
                37.18522003347789
              ],
              [
                126.65535589983799,
                37.185152263764984
              ],
              [
                126.6540998145716,
                37.18386846353103
              ],
              [
                126.65391111089839,
                37.18367667438342
              ],
              [
                126.65381910461923,
                37.18359999601844
              ],
              [
                126.65291952265783,
                37.18293279422566
              ],
              [
                126.65237063356058,
                37.182693065413964
              ],
              [
                126.65059913582334,
                37.182767795016765
              ],
              [
                126.65052261196408,
                37.18277329108377
              ],
              [
                126.65042312541378,
                37.1827861183884
              ],
              [
                126.65026354865526,
                37.182830843840506
              ],
              [
                126.65018732467726,
                37.182864064934435
              ],
              [
                126.65009171932573,
                37.18290712351128
              ],
              [
                126.64999982728973,
                37.18296785242126
              ],
              [
                126.64994898573673,
                37.183022892378
              ],
              [
                126.64973732079969,
                37.18326291850599
              ],
              [
                126.64960854767926,
                37.183537945215726
              ],
              [
                126.64960121230003,
                37.18356599964494
              ],
              [
                126.64958422012087,
                37.18364808967063
              ],
              [
                126.64957458533917,
                37.183701366455765
              ],
              [
                126.64957417649902,
                37.18371391624989
              ],
              [
                126.6499823727081,
                37.18557416062724
              ],
              [
                126.6520372120841,
                37.18723058477178
              ],
              [
                126.65476532519841,
                37.19040341796414
              ],
              [
                126.6544912655361,
                37.19043730150218
              ],
              [
                126.65430587526046,
                37.1904639266577
              ],
              [
                126.65405801133652,
                37.19050521088879
              ],
              [
                126.65342354792887,
                37.190610950864034
              ],
              [
                126.65239306885604,
                37.1907886644633
              ],
              [
                126.65083833475698,
                37.191057732241646
              ],
              [
                126.65058130338231,
                37.191106285258556
              ],
              [
                126.65072077363685,
                37.19162337784323
              ],
              [
                126.65076821458347,
                37.191799205328266
              ],
              [
                126.65199160162278,
                37.1917013987008
              ],
              [
                126.65327641935617,
                37.19426642581535
              ],
              [
                126.65460425434016,
                37.198059355888205
              ],
              [
                126.65474767778582,
                37.19852901178213
              ],
              [
                126.65598433445172,
                37.203302294973504
              ],
              [
                126.65862036580556,
                37.2118473366143
              ],
              [
                126.65882559618085,
                37.21213661351863
              ],
              [
                126.65951188113533,
                37.214391544007384
              ],
              [
                126.66034639464297,
                37.2171667538743
              ],
              [
                126.66060390228726,
                37.21852490721399
              ],
              [
                126.66086832509717,
                37.22091996441498
              ],
              [
                126.66086874351349,
                37.22094985363818
              ],
              [
                126.66086740798967,
                37.220988910119885
              ],
              [
                126.66078672488547,
                37.22283074719698
              ],
              [
                126.66073234843185,
                37.223388968616845
              ],
              [
                126.65935525663578,
                37.229066231534
              ],
              [
                126.65746011068215,
                37.23160119276545
              ],
              [
                126.65705860650753,
                37.23210854254613
              ],
              [
                126.65561299038492,
                37.233769240025175
              ],
              [
                126.65245870438193,
                37.23683202919065
              ],
              [
                126.65062074367836,
                37.23916405965387
              ],
              [
                126.64837004974581,
                37.24257467709332
              ],
              [
                126.64813019301496,
                37.24300185134738
              ],
              [
                126.64812247984531,
                37.2430270110335
              ],
              [
                126.64783810157557,
                37.24402077938308
              ],
              [
                126.64732659408581,
                37.248385283627016
              ],
              [
                126.64720231577698,
                37.25000025294453
              ],
              [
                126.6479118963313,
                37.25005145447758
              ],
              [
                126.64835924893151,
                37.24984765355062
              ],
              [
                126.648364798122,
                37.24983499124553
              ],
              [
                126.64837642997318,
                37.249822978416674
              ],
              [
                126.64838969067084,
                37.24981431420358
              ],
              [
                126.64840242322623,
                37.24981290228348
              ],
              [
                126.64841447267068,
                37.249815280250324
              ],
              [
                126.64842476319573,
                37.24982967355382
              ],
              [
                126.64855278236699,
                37.25003868815841
              ],
              [
                126.64883092945354,
                37.25057955161578
              ],
              [
                126.6488311722426,
                37.25060036798044
              ],
              [
                126.64882766893165,
                37.25061930598459
              ],
              [
                126.6483844776955,
                37.25215382094375
              ],
              [
                126.64806319494504,
                37.25311178861278
              ],
              [
                126.64690949551999,
                37.25344962309146
              ],
              [
                126.64637413891859,
                37.25803039332217
              ],
              [
                126.64638206154955,
                37.25813196348477
              ],
              [
                126.64640960599982,
                37.25823213376266
              ],
              [
                126.64688203051008,
                37.25951988335909
              ],
              [
                126.64701112403235,
                37.25984415529161
              ],
              [
                126.64772102813845,
                37.26099039962186
              ],
              [
                126.6479526606805,
                37.26124856074237
              ],
              [
                126.64831530815472,
                37.26155844032224
              ],
              [
                126.64871976515037,
                37.26159980198825
              ],
              [
                126.64893439660892,
                37.26154607812283
              ],
              [
                126.64945327354975,
                37.26141753367386
              ],
              [
                126.64948285455834,
                37.26143474073975
              ],
              [
                126.6500000456884,
                37.261897466640164
              ],
              [
                126.65036242291997,
                37.262221684340346
              ],
              [
                126.65126049629956,
                37.26304033288082
              ],
              [
                126.65161864773799,
                37.26337175268352
              ],
              [
                126.65198240201096,
                37.26372607404005
              ],
              [
                126.65227458839314,
                37.26404681934602
              ],
              [
                126.65249603840807,
                37.26431794157407
              ],
              [
                126.6527281886659,
                37.26463401407198
              ],
              [
                126.65294754617305,
                37.26496145467121
              ],
              [
                126.65316895086697,
                37.26535964047553
              ],
              [
                126.65405565015473,
                37.26695936918937
              ],
              [
                126.65393546449772,
                37.268631153506746
              ],
              [
                126.65389896973461,
                37.26900790561061
              ],
              [
                126.65383111839319,
                37.26942956361418
              ],
              [
                126.65373894038655,
                37.269899500175285
              ],
              [
                126.65368109261772,
                37.27009383778139
              ],
              [
                126.65361360692316,
                37.27030983499549
              ],
              [
                126.65354868394714,
                37.27047772425786
              ],
              [
                126.65346430278511,
                37.27069525728702
              ],
              [
                126.6533845616421,
                37.27088162863746
              ],
              [
                126.6533009024093,
                37.271059086146025
              ],
              [
                126.65319317577746,
                37.27126979441639
              ],
              [
                126.65309671124884,
                37.27145626945891
              ],
              [
                126.65296523905563,
                37.271672520532995
              ],
              [
                126.65285698357629,
                37.27184329196653
              ],
              [
                126.6527393677078,
                37.272014621853195
              ],
              [
                126.65263155136732,
                37.27216614824789
              ],
              [
                126.65250279274221,
                37.27233801105703
              ],
              [
                126.65238422586157,
                37.272482757622626
              ],
              [
                126.65227490065074,
                37.27261130223239
              ],
              [
                126.65210776982423,
                37.27280129947045
              ],
              [
                126.65197050971649,
                37.27294584680838
              ],
              [
                126.6518386902556,
                37.273076910538876
              ],
              [
                126.65169299084027,
                37.27321726877891
              ],
              [
                126.65156339331374,
                37.273335689208274
              ],
              [
                126.6514264244434,
                37.273455817936274
              ],
              [
                126.65130821582619,
                37.27355876379403
              ],
              [
                126.65115288818947,
                37.27368200011265
              ],
              [
                126.65087259055115,
                37.27389292694996
              ],
              [
                126.65067329724133,
                37.27404046017573
              ],
              [
                126.65047616161809,
                37.27418511693355
              ],
              [
                126.64934645631921,
                37.27500007793777
              ],
              [
                126.64811099451308,
                37.27589061867009
              ],
              [
                126.64286727560186,
                37.27966618449037
              ],
              [
                126.63295949831425,
                37.286815409052444
              ],
              [
                126.63273284490603,
                37.286979892898486
              ],
              [
                126.63274129631084,
                37.28701580777681
              ],
              [
                126.63284981421445,
                37.28712052018536
              ],
              [
                126.63289217009374,
                37.28712940974719
              ],
              [
                126.63289288184414,
                37.28712912291714
              ],
              [
                126.63300177106069,
                37.287055404211856
              ],
              [
                126.63371071838026,
                37.286548390804064
              ],
              [
                126.63922931325116,
                37.282559935602606
              ],
              [
                126.64496868174137,
                37.278412146030085
              ],
              [
                126.64499275548724,
                37.278411930528236
              ],
              [
                126.64616494470086,
                37.278505001798756
              ],
              [
                126.64632718910498,
                37.27852899478251
              ],
              [
                126.64644807286118,
                37.2785469529625
              ],
              [
                126.64648346280353,
                37.27855251904374
              ],
              [
                126.64658204647272,
                37.278571653926576
              ],
              [
                126.64661203145889,
                37.27857818693382
              ],
              [
                126.64683918464621,
                37.27863082770504
              ],
              [
                126.64686696745146,
                37.27863769450838
              ],
              [
                126.64689316849582,
                37.278646188602494
              ],
              [
                126.64691455778133,
                37.27865565935399
              ],
              [
                126.6469225566622,
                37.27866462978376
              ],
              [
                126.64705603805345,
                37.27893040084062
              ],
              [
                126.64693299245427,
                37.27908822979828
              ],
              [
                126.64692678834462,
                37.27910323081362
              ],
              [
                126.64668622358471,
                37.280187945717714
              ],
              [
                126.64668522632492,
                37.28020344034789
              ],
              [
                126.64668881199792,
                37.28022284933012
              ],
              [
                126.64669440151917,
                37.28024291453567
              ],
              [
                126.64670019716415,
                37.280262007743566
              ],
              [
                126.6467059882344,
                37.28028010760471
              ],
              [
                126.64671078729044,
                37.280294953567434
              ],
              [
                126.64671437558182,
                37.28030473950547
              ],
              [
                126.64672334255356,
                37.28032099461435
              ],
              [
                126.64673520207886,
                37.280331527022724
              ],
              [
                126.64675840713356,
                37.280350960250516
              ],
              [
                126.64678430883974,
                37.28037193262725
              ],
              [
                126.64681138392463,
                37.28039118642462
              ],
              [
                126.64683961685337,
                37.280406300441
              ],
              [
                126.64928424126286,
                37.28123091483197
              ],
              [
                126.65462745505769,
                37.28279945127661
              ],
              [
                126.65714265126441,
                37.28271971361842
              ],
              [
                126.65740246343579,
                37.282721267757545
              ],
              [
                126.6574166645786,
                37.28272267944658
              ],
              [
                126.65743690625796,
                37.28273281075561
              ],
              [
                126.65746036788869,
                37.282746339724326
              ],
              [
                126.65748442045982,
                37.282760592190876
              ],
              [
                126.65750838518187,
                37.28277493416462
              ],
              [
                126.65753125527867,
                37.282789920937034
              ],
              [
                126.65755222544456,
                37.28280564232271
              ],
              [
                126.65756849026437,
                37.28282138429818
              ],
              [
                126.66103517919692,
                37.28719027214138
              ],
              [
                126.66112062222253,
                37.2873237798245
              ],
              [
                126.66113423264026,
                37.28734657827362
              ],
              [
                126.66114495146032,
                37.28737010797277
              ],
              [
                126.66120550744743,
                37.28754404607001
              ],
              [
                126.66121404910919,
                37.28757122711937
              ],
              [
                126.66122178275255,
                37.28759914517338
              ],
              [
                126.66122872516986,
                37.28762771021385
              ],
              [
                126.66124796486997,
                37.2877157701017
              ],
              [
                126.66125401108656,
                37.28774498859449
              ],
              [
                126.66128550944664,
                37.28792388018434
              ],
              [
                126.66128923893936,
                37.28794970571401
              ],
              [
                126.66135970130887,
                37.28855790713351
              ],
              [
                126.66139765874756,
                37.28895097461061
              ],
              [
                126.6614134034712,
                37.28960951386288
              ],
              [
                126.6614176687397,
                37.289798093262405
              ],
              [
                126.66142055927632,
                37.28997310987378
              ],
              [
                126.66142099219083,
                37.29020366788476
              ],
              [
                126.66142023736293,
                37.29034953530174
              ],
              [
                126.66141185870376,
                37.29071481673759
              ],
              [
                126.6613796964182,
                37.29131318324239
              ],
              [
                126.66136886785388,
                37.29138109885552
              ],
              [
                126.66134332087663,
                37.291467721820815
              ],
              [
                126.66128244039203,
                37.29161468646418
              ],
              [
                126.66125035848479,
                37.29167186392763
              ],
              [
                126.66121612355931,
                37.29172643377566
              ],
              [
                126.6611539418647,
                37.29180846506082
              ],
              [
                126.66108692027917,
                37.29188326544759
              ],
              [
                126.66100704019638,
                37.291966833333454
              ],
              [
                126.66097964866498,
                37.29198838026258
              ],
              [
                126.66090314752182,
                37.292047142822184
              ],
              [
                126.66083226648716,
                37.29210086684679
              ],
              [
                126.66071851112119,
                37.292167432419696
              ],
              [
                126.66063341171542,
                37.292209429594116
              ],
              [
                126.66054995760364,
                37.292249556310416
              ],
              [
                126.66050220861203,
                37.29226440395588
              ],
              [
                126.66029438939124,
                37.292328203481816
              ],
              [
                126.66018773318227,
                37.29234877499961
              ],
              [
                126.660124119732,
                37.29235780062767
              ],
              [
                126.6600583552416,
                37.29236363992778
              ],
              [
                126.65988856941995,
                37.292371017732506
              ],
              [
                126.65091511833751,
                37.29271067716595
              ],
              [
                126.65013212834673,
                37.292738611775924
              ],
              [
                126.64964296534076,
                37.29275310401453
              ],
              [
                126.64940007019543,
                37.292749249384826
              ],
              [
                126.6491810126096,
                37.292741013695036
              ],
              [
                126.64892539146759,
                37.292721829819875
              ],
              [
                126.64871816761995,
                37.29269618454809
              ],
              [
                126.64849958639378,
                37.292666026060644
              ],
              [
                126.64796285855144,
                37.29256557956898
              ],
              [
                126.64762846411378,
                37.29249248260534
              ],
              [
                126.6472605918408,
                37.29240341997068
              ],
              [
                126.64694157000667,
                37.29232577173843
              ],
              [
                126.63414143363889,
                37.28920239293752
              ],
              [
                126.63392537449185,
                37.28914395904417
              ],
              [
                126.6337271776503,
                37.2890878872903
              ],
              [
                126.6335554792954,
                37.289037105545226
              ],
              [
                126.63335737057226,
                37.28896258094727
              ],
              [
                126.63316360273264,
                37.28888879809146
              ],
              [
                126.63299113208333,
                37.28881464813471
              ],
              [
                126.63281759869092,
                37.28873502602865
              ],
              [
                126.63268372335348,
                37.28866404278631
              ],
              [
                126.63252557179383,
                37.2885781242196
              ],
              [
                126.63223458956377,
                37.28839657324261
              ],
              [
                126.63214380465803,
                37.28833294862367
              ],
              [
                126.63206891257352,
                37.288268092028076
              ],
              [
                126.63202744499326,
                37.28822886852833
              ],
              [
                126.63118807998052,
                37.28718627378306
              ],
              [
                126.63101326731646,
                37.28693880970898
              ],
              [
                126.63083837346413,
                37.286638381995175
              ],
              [
                126.63048050071234,
                37.28596542876541
              ],
              [
                126.63019567893326,
                37.28541315147455
              ],
              [
                126.63006403102732,
                37.28515822432454
              ],
              [
                126.63004087741743,
                37.285119677351375
              ],
              [
                126.63000119914248,
                37.28507950362257
              ],
              [
                126.62964151880149,
                37.28480100445052
              ],
              [
                126.62963936483433,
                37.284801141844824
              ],
              [
                126.62933323755524,
                37.284906803492945
              ],
              [
                126.62986591692456,
                37.28592826816496
              ],
              [
                126.63031607536554,
                37.286753391238065
              ],
              [
                126.63049605407555,
                37.287078523990985
              ],
              [
                126.63059231490836,
                37.28722611677839
              ],
              [
                126.63067668694237,
                37.28734624391425
              ],
              [
                126.63081089616587,
                37.28752209380214
              ],
              [
                126.6309529135372,
                37.287682172787946
              ],
              [
                126.63108672433991,
                37.287821456211105
              ],
              [
                126.6312569611472,
                37.28799043481985
              ],
              [
                126.631431569159,
                37.288155679332
              ],
              [
                126.63160756258132,
                37.288296248798765
              ],
              [
                126.63183395661012,
                37.2884685986904
              ],
              [
                126.63209685742719,
                37.28863415270961
              ],
              [
                126.63237456567683,
                37.28880162644965
              ],
              [
                126.63261310249631,
                37.288931169414454
              ],
              [
                126.63291678654888,
                37.28907060851287
              ],
              [
                126.63329551606547,
                37.289223147091626
              ],
              [
                126.63350639838883,
                37.2892953063688
              ],
              [
                126.63376637195704,
                37.289370382662206
              ],
              [
                126.63415711275572,
                37.28947419354483
              ],
              [
                126.64755331747396,
                37.29272040122343
              ],
              [
                126.64788951365738,
                37.29279888174548
              ],
              [
                126.64817593431373,
                37.292864634456265
              ],
              [
                126.6484162338011,
                37.29291032000163
              ],
              [
                126.64869737643463,
                37.29294994417716
              ],
              [
                126.64902298384831,
                37.292980194051424
              ],
              [
                126.6491979182358,
                37.29299160477271
              ],
              [
                126.64946893050546,
                37.29299974329518
              ],
              [
                126.64981186344248,
                37.293000902051745
              ],
              [
                126.65000003961886,
                37.29299728710067
              ],
              [
                126.65011184778771,
                37.292995138948896
              ],
              [
                126.65397442370774,
                37.292848660520306
              ],
              [
                126.65463244828965,
                37.29281998462753
              ],
              [
                126.65834453491406,
                37.29268937666919
              ],
              [
                126.66157318129942,
                37.292560523128444
              ],
              [
                126.66165084941308,
                37.29255601480498
              ],
              [
                126.66167868094934,
                37.292551346334655
              ],
              [
                126.66169604667472,
                37.292546935433904
              ],
              [
                126.66170116548115,
                37.29253411090785
              ],
              [
                126.66170819351456,
                37.29134527911714
              ],
              [
                126.66170911755424,
                37.291166525434505
              ],
              [
                126.66169613897176,
                37.28299721526847
              ],
              [
                126.66169194465196,
                37.28096654846533
              ],
              [
                126.66169104598579,
                37.280389469688735
              ],
              [
                126.6616911528345,
                37.27986634703717
              ],
              [
                126.6617014144194,
                37.27843230587907
              ],
              [
                126.66171001562836,
                37.27812786983139
              ],
              [
                126.66173121268854,
                37.277972258801654
              ],
              [
                126.6617544691598,
                37.277912784942345
              ],
              [
                126.66175791581342,
                37.27790662231415
              ],
              [
                126.6617667159685,
                37.277904926951486
              ],
              [
                126.66182618375223,
                37.277897356465076
              ],
              [
                126.66190093273907,
                37.277891884380274
              ],
              [
                126.66279306802683,
                37.277916883088515
              ],
              [
                126.66389823648267,
                37.27794726493285
              ],
              [
                126.6642901791702,
                37.277951584904514
              ],
              [
                126.66455411611851,
                37.27795221495123
              ],
              [
                126.66478041331494,
                37.27793825057619
              ],
              [
                126.66498843263776,
                37.27791590745086
              ],
              [
                126.66561619919007,
                37.27782492184
              ],
              [
                126.66618239402472,
                37.277732037158536
              ],
              [
                126.66629544500024,
                37.277706251898906
              ],
              [
                126.66645533212798,
                37.27764761313146
              ],
              [
                126.66701125323688,
                37.27740661929899
              ],
              [
                126.667274923891,
                37.27726763642023
              ],
              [
                126.66754620843803,
                37.277114628814125
              ],
              [
                126.66788412661319,
                37.27691603414393
              ],
              [
                126.66811718069367,
                37.276759031971565
              ],
              [
                126.66838296808156,
                37.276588634112734
              ],
              [
                126.66857346935711,
                37.27647240232812
              ],
              [
                126.66871707210109,
                37.27639992896144
              ],
              [
                126.66883148072928,
                37.276351764235365
              ],
              [
                126.6688983387349,
                37.27633747094299
              ],
              [
                126.66897429993676,
                37.27633553988647
              ],
              [
                126.66905701800832,
                37.27634783664967
              ],
              [
                126.66916620819659,
                37.27638086691304
              ],
              [
                126.66936460402314,
                37.27645992715592
              ],
              [
                126.66992481234294,
                37.27673028901873
              ],
              [
                126.67007073833894,
                37.27682153809135
              ],
              [
                126.67015153483067,
                37.27689981932183
              ],
              [
                126.67293680080593,
                37.28045840389871
              ],
              [
                126.67503693688599,
                37.281689028666456
              ],
              [
                126.68026412877718,
                37.281939902352036
              ],
              [
                126.68419968197189,
                37.2810034875305
              ],
              [
                126.68368850210257,
                37.27905885980416
              ],
              [
                126.68354424427339,
                37.2786667200343
              ],
              [
                126.68263129471437,
                37.27730791931367
              ],
              [
                126.68214131227408,
                37.27659000150794
              ],
              [
                126.68204152261718,
                37.27647322016592
              ],
              [
                126.6810934364518,
                37.27562190257994
              ],
              [
                126.68059983679194,
                37.275269897628526
              ],
              [
                126.68008147629338,
                37.27493570878531
              ],
              [
                126.67991766784166,
                37.27484305372224
              ],
              [
                126.67968179180957,
                37.274715531364784
              ],
              [
                126.67655597186459,
                37.273140562818156
              ],
              [
                126.67628056570832,
                37.27301054674098
              ],
              [
                126.67600533380421,
                37.27288677597285
              ],
              [
                126.67528884099113,
                37.272571557980484
              ],
              [
                126.67460484876506,
                37.27245006793973
              ],
              [
                126.6735007532355,
                37.2723378119606
              ],
              [
                126.6733238579948,
                37.272320348385186
              ],
              [
                126.67305021530295,
                37.27246762568749
              ],
              [
                126.67195608517747,
                37.27318256184949
              ],
              [
                126.67278644415417,
                37.27089873109692
              ],
              [
                126.67580457979474,
                37.26296344021184
              ],
              [
                126.67671244884505,
                37.26060244469385
              ],
              [
                126.67692002404863,
                37.26006583008913
              ],
              [
                126.67715501575212,
                37.259503889391866
              ],
              [
                126.67717076683623,
                37.25947680067298
              ],
              [
                126.67727333771495,
                37.25936627980328
              ],
              [
                126.67961722652016,
                37.25719778121095
              ],
              [
                126.67969366479541,
                37.25716597297646
              ],
              [
                126.67978821188258,
                37.25712786331597
              ],
              [
                126.68082985305813,
                37.25688099789832
              ],
              [
                126.68109825681243,
                37.256823197802305
              ],
              [
                126.68163248286051,
                37.25689023157828
              ],
              [
                126.682382255796,
                37.25704404377038
              ],
              [
                126.68260316819938,
                37.257118043635806
              ],
              [
                126.68319671888945,
                37.25742801399139
              ],
              [
                126.68405834759992,
                37.25796296558682
              ],
              [
                126.68431929611083,
                37.25816549539144
              ],
              [
                126.68555481078454,
                37.25918618121371
              ],
              [
                126.68625723844495,
                37.2597824420314
              ],
              [
                126.6869733808843,
                37.260569989729504
              ],
              [
                126.68706211416514,
                37.26072986187041
              ],
              [
                126.6870829441448,
                37.260855801319984
              ],
              [
                126.6871540790607,
                37.26142749163188
              ],
              [
                126.68714987871518,
                37.26145388941293
              ],
              [
                126.68714090759356,
                37.26147759897629
              ],
              [
                126.69139553980096,
                37.26170777276503
              ],
              [
                126.69638681492428,
                37.26125855211263
              ],
              [
                126.697879192946,
                37.26110687692383
              ],
              [
                126.69800517684195,
                37.26109400782501
              ],
              [
                126.69806741946809,
                37.26107586644247
              ],
              [
                126.70080551498265,
                37.26019367982837
              ],
              [
                126.7023197434565,
                37.25942372957925
              ],
              [
                126.70232593243875,
                37.25930651978178
              ],
              [
                126.70234490166266,
                37.259252514314504
              ],
              [
                126.7027101018102,
                37.258642940841696
              ],
              [
                126.70273183395243,
                37.2586143511941
              ],
              [
                126.70279402061865,
                37.25856719330552
              ],
              [
                126.70423422743785,
                37.25803310480977
              ],
              [
                126.70475840904662,
                37.257898861693675
              ],
              [
                126.70525372729911,
                37.257795267730486
              ],
              [
                126.70631634903555,
                37.257764002630715
              ],
              [
                126.70635922950797,
                37.257767316917125
              ],
              [
                126.70641654660406,
                37.257774288408285
              ],
              [
                126.7076489115931,
                37.25798739731394
              ],
              [
                126.70849637969616,
                37.258256294272805
              ],
              [
                126.70851809177941,
                37.25826733891553
              ],
              [
                126.7095407971219,
                37.258293091420974
              ],
              [
                126.709592269449,
                37.25829289243477
              ],
              [
                126.70972158117092,
                37.258277341521605
              ],
              [
                126.70977494882341,
                37.25825947002192
              ],
              [
                126.71031887158576,
                37.25802282901196
              ],
              [
                126.71049996515494,
                37.257943420881624
              ],
              [
                126.71065887758533,
                37.257857444958034
              ],
              [
                126.7121726296688,
                37.25693346991963
              ],
              [
                126.71266701611644,
                37.25651880273694
              ],
              [
                126.71271776120814,
                37.256483804245704
              ],
              [
                126.71297345873235,
                37.256346376097035
              ],
              [
                126.71337781409514,
                37.25614854931075
              ],
              [
                126.71462528913659,
                37.25555822010833
              ],
              [
                126.71485356835586,
                37.255467908648974
              ],
              [
                126.71512528917549,
                37.255377006789395
              ],
              [
                126.71567037990752,
                37.25520660737227
              ],
              [
                126.71572625662316,
                37.25519415266381
              ],
              [
                126.71581899895374,
                37.25519306875705
              ],
              [
                126.71985436937162,
                37.25549050602063
              ],
              [
                126.72209746395612,
                37.25588601400873
              ],
              [
                126.72278758696208,
                37.25611116125687
              ],
              [
                126.72304626823626,
                37.256177713487524
              ],
              [
                126.72523050666055,
                37.256324158707145
              ],
              [
                126.72526769188858,
                37.25632665008212
              ],
              [
                126.725306876264,
                37.25632640891768
              ],
              [
                126.72534590491291,
                37.25632298484403
              ],
              [
                126.72538306541047,
                37.25631148297165
              ],
              [
                126.7292721516117,
                37.25400682708231
              ],
              [
                126.73137323649958,
                37.251614032148844
              ],
              [
                126.73401532745294,
                37.24939068557337
              ],
              [
                126.73574411408133,
                37.24995992307332
              ],
              [
                126.73573322493628,
                37.24998874211962
              ],
              [
                126.73572614722052,
                37.25003372413206
              ],
              [
                126.73572993667446,
                37.25008175806508
              ],
              [
                126.73580788859522,
                37.25022071005719
              ],
              [
                126.73617783453183,
                37.25076618773436
              ],
              [
                126.73633022335527,
                37.25098401103376
              ],
              [
                126.7364917073138,
                37.2511689580475
              ],
              [
                126.73859074234866,
                37.253163705845154
              ],
              [
                126.73882426275604,
                37.253352970808564
              ],
              [
                126.73903671005156,
                37.253491793695744
              ],
              [
                126.74067367519015,
                37.25439168335186
              ],
              [
                126.74071055680662,
                37.254402251528795
              ],
              [
                126.74073077196608,
                37.25440483833609
              ],
              [
                126.740761569756,
                37.254400597423235
              ],
              [
                126.74093497481638,
                37.25425054915984
              ],
              [
                126.74189009237715,
                37.25340779660592
              ],
              [
                126.74381834382899,
                37.25434303012713
              ],
              [
                126.74532795448762,
                37.255073791850705
              ],
              [
                126.74634485028093,
                37.25389548577424
              ],
              [
                126.74646251990656,
                37.25375950570154
              ],
              [
                126.7466675165532,
                37.25352279452789
              ],
              [
                126.74754832869161,
                37.25358237034762
              ],
              [
                126.74800401183144,
                37.25370501419484
              ],
              [
                126.74905992408713,
                37.254217345134904
              ],
              [
                126.74940887104009,
                37.25438013022538
              ],
              [
                126.75516911251661,
                37.25435637405263
              ],
              [
                126.75626525687271,
                37.25430855246251
              ],
              [
                126.75727778150734,
                37.25385591113153
              ],
              [
                126.7576724567331,
                37.25313619386594
              ],
              [
                126.75825056410063,
                37.251790661288
              ],
              [
                126.7582341885611,
                37.25172009388984
              ],
              [
                126.75816916565292,
                37.251610476606515
              ],
              [
                126.7579799167163,
                37.25140634588763
              ],
              [
                126.75768237299505,
                37.25110148952364
              ],
              [
                126.75713942464587,
                37.25061542366629
              ],
              [
                126.75685579638973,
                37.25036265698785
              ],
              [
                126.75772120168787,
                37.24891174010364
              ],
              [
                126.76026105973088,
                37.24900990992476
              ],
              [
                126.76165985834629,
                37.249064164213316
              ],
              [
                126.76367664402927,
                37.24914288295982
              ],
              [
                126.76409810184144,
                37.2486067921925
              ],
              [
                126.76499626610952,
                37.24746398644276
              ],
              [
                126.76500191281936,
                37.247456788779054
              ],
              [
                126.76509875431114,
                37.245172352619186
              ],
              [
                126.76705780984616,
                37.245163094441935
              ],
              [
                126.76700214230156,
                37.246718927139156
              ],
              [
                126.76696804631875,
                37.24731601189322
              ],
              [
                126.76695904898921,
                37.247512797118794
              ],
              [
                126.76696415396812,
                37.247698503281576
              ],
              [
                126.76698109469689,
                37.247771312092766
              ],
              [
                126.76701694198132,
                37.247878472554085
              ],
              [
                126.76705768486059,
                37.247941661283875
              ],
              [
                126.76714819461084,
                37.248042188740364
              ],
              [
                126.76722183968303,
                37.24810792104553
              ],
              [
                126.76733009344463,
                37.248167638887814
              ],
              [
                126.76740930011555,
                37.248198871618285
              ],
              [
                126.76752140322995,
                37.248234982386485
              ],
              [
                126.76761009099701,
                37.24825486209669
              ],
              [
                126.77109383789784,
                37.248624367878335
              ],
              [
                126.77135688678874,
                37.24864984838722
              ],
              [
                126.77169366024708,
                37.248660422202356
              ],
              [
                126.77189552171306,
                37.248657758863835
              ],
              [
                126.77219964333993,
                37.24864244457262
              ],
              [
                126.77258142415761,
                37.24860366401776
              ],
              [
                126.77283204148523,
                37.24854696849052
              ],
              [
                126.77319629484673,
                37.24845618013296
              ],
              [
                126.77356869358475,
                37.24833206772303
              ],
              [
                126.7738293849037,
                37.24823473612204
              ],
              [
                126.77419157871728,
                37.24806015366806
              ],
              [
                126.77441002546219,
                37.247923596718714
              ],
              [
                126.77477813804698,
                37.24768350896215
              ],
              [
                126.77507515032354,
                37.247415991866546
              ],
              [
                126.77520825921525,
                37.247284524751514
              ],
              [
                126.77533078177856,
                37.24715818106963
              ],
              [
                126.77559915604247,
                37.24677621324801
              ],
              [
                126.77567150839378,
                37.24666830747487
              ],
              [
                126.775704694271,
                37.246614533682774
              ],
              [
                126.77580925529836,
                37.24639915968919
              ],
              [
                126.77587138546255,
                37.24625277960159
              ],
              [
                126.77591287207122,
                37.24612179330487
              ],
              [
                126.7759915463467,
                37.24586658180873
              ],
              [
                126.77605247687933,
                37.24554449609499
              ],
              [
                126.77606295550292,
                37.245425380689134
              ],
              [
                126.7762611048076,
                37.24017175181531
              ],
              [
                126.77636770341488,
                37.236895280363285
              ],
              [
                126.7763809207237,
                37.236490279406624
              ],
              [
                126.7779667859266,
                37.23558701056892
              ],
              [
                126.77869028738445,
                37.23517555540767
              ],
              [
                126.77959993285826,
                37.234664635194534
              ],
              [
                126.78032589859006,
                37.23412549786129
              ],
              [
                126.78065292614728,
                37.233722460487165
              ],
              [
                126.78117558691602,
                37.233050214970945
              ],
              [
                126.78238437856805,
                37.22997772761305
              ],
              [
                126.78297159055391,
                37.2297483997701
              ],
              [
                126.78355075846373,
                37.22982856989505
              ],
              [
                126.78554561542913,
                37.23194486128134
              ],
              [
                126.78664630269338,
                37.23295663505229
              ],
              [
                126.78637222584324,
                37.233571861619524
              ],
              [
                126.78539768167276,
                37.23444348108283
              ],
              [
                126.78532924385952,
                37.23449138069377
              ],
              [
                126.78446194571097,
                37.23507486889525
              ],
              [
                126.78349824427585,
                37.23461683180938
              ],
              [
                126.78327970339086,
                37.23455015870552
              ],
              [
                126.78303182711933,
                37.234550863032624
              ],
              [
                126.78291061828567,
                37.234581446960114
              ],
              [
                126.78277716246224,
                37.23466908656843
              ],
              [
                126.78120260854209,
                37.23602513170477
              ],
              [
                126.7788723679709,
                37.23874195228238
              ],
              [
                126.7783355878372,
                37.23936996335532
              ],
              [
                126.77814032790633,
                37.2402571136382
              ],
              [
                126.77795295183128,
                37.24140558571303
              ],
              [
                126.77830360217018,
                37.24579945697893
              ],
              [
                126.7821916356242,
                37.24505088707454
              ],
              [
                126.78308148494443,
                37.244938108062485
              ],
              [
                126.78667670278874,
                37.24448948078676
              ],
              [
                126.78863471309748,
                37.244245384999154
              ],
              [
                126.7895647076693,
                37.2441299012699
              ],
              [
                126.78978062763025,
                37.247635741525436
              ],
              [
                126.78931792649794,
                37.25000813269823
              ],
              [
                126.78922741265858,
                37.250467975949434
              ],
              [
                126.78882415917516,
                37.25252755052759
              ],
              [
                126.78867708753587,
                37.25328425468179
              ],
              [
                126.78830634474116,
                37.255191835421826
              ],
              [
                126.79166893690842,
                37.25787993297267
              ],
              [
                126.79336941369611,
                37.25923082705046
              ],
              [
                126.79336326473906,
                37.25973789149045
              ],
              [
                126.79331130623807,
                37.26005845995682
              ],
              [
                126.79213156150935,
                37.264733924081916
              ],
              [
                126.7914033750662,
                37.26556344178775
              ],
              [
                126.79106274175517,
                37.2659475769513
              ],
              [
                126.79103554396596,
                37.26595352906719
              ],
              [
                126.79081840649509,
                37.266001078125285
              ],
              [
                126.79076045032146,
                37.26602392533986
              ],
              [
                126.79066729557476,
                37.26606065567029
              ],
              [
                126.79054916138344,
                37.26682665759524
              ],
              [
                126.79066149225876,
                37.26708692199552
              ],
              [
                126.79168652311566,
                37.268177191256655
              ],
              [
                126.79628364994008,
                37.27072695272182
              ],
              [
                126.79713637671816,
                37.27066657282418
              ],
              [
                126.797821805253,
                37.27057972327334
              ],
              [
                126.80312777966165,
                37.268962863735005
              ],
              [
                126.80780325711265,
                37.267251858731385
              ],
              [
                126.80815698607454,
                37.26710771285828
              ],
              [
                126.80850993533254,
                37.26696284386246
              ],
              [
                126.80883728637949,
                37.26680806596983
              ],
              [
                126.80903632852538,
                37.266457446257824
              ],
              [
                126.8088779598697,
                37.26639324282298
              ],
              [
                126.80955907265798,
                37.26651103133829
              ],
              [
                126.81005220496125,
                37.2667060743203
              ],
              [
                126.81048808490822,
                37.266879290998766
              ],
              [
                126.81062389516255,
                37.266972407146994
              ],
              [
                126.81087463392319,
                37.2672199990714
              ],
              [
                126.81100163743905,
                37.26734870066536
              ],
              [
                126.8112205612268,
                37.26762835462245
              ],
              [
                126.81088480089558,
                37.26887952164521
              ],
              [
                126.81069251450404,
                37.26900768053961
              ],
              [
                126.80959398244832,
                37.26895203283019
              ],
              [
                126.80909835183975,
                37.26875788377248
              ],
              [
                126.80907268905877,
                37.2686662434857
              ],
              [
                126.80824209464276,
                37.26964810584736
              ],
              [
                126.80702643192976,
                37.27169517254493
              ],
              [
                126.80407162642182,
                37.27682270386455
              ],
              [
                126.80354991866247,
                37.28006378733917
              ],
              [
                126.80392876671111,
                37.28092260657011
              ],
              [
                126.80500197371165,
                37.2839187177502
              ],
              [
                126.80497281077331,
                37.28427587230388
              ],
              [
                126.80462869089872,
                37.28427203850967
              ],
              [
                126.80467032165063,
                37.28736934720737
              ],
              [
                126.80475546597536,
                37.293703701046425
              ],
              [
                126.80626075716101,
                37.29376401349333
              ],
              [
                126.80703684577021,
                37.29376855997828
              ],
              [
                126.80805216790418,
                37.293726802804564
              ],
              [
                126.80924702322368,
                37.29363838559054
              ],
              [
                126.81124955145215,
                37.293363866598774
              ],
              [
                126.81361134034124,
                37.29297215307813
              ],
              [
                126.81521454342507,
                37.29247081545739
              ],
              [
                126.81683842648067,
                37.29176226757414
              ],
              [
                126.81788830270364,
                37.291195944712996
              ],
              [
                126.81920830366951,
                37.290464222474704
              ],
              [
                126.82149412550156,
                37.28854557059861
              ],
              [
                126.82312170463575,
                37.28679005428675
              ],
              [
                126.82402863123184,
                37.28550738424382
              ],
              [
                126.82496771658904,
                37.28396254998173
              ],
              [
                126.82545589220614,
                37.28277287630284
              ],
              [
                126.82585473048134,
                37.281558841844536
              ],
              [
                126.82640724083281,
                37.27984484819325
              ],
              [
                126.82698808343856,
                37.27829795685304
              ],
              [
                126.82753375437166,
                37.27734709185283
              ],
              [
                126.82810459053061,
                37.27692104824693
              ],
              [
                126.82918126833825,
                37.2766648139177
              ],
              [
                126.83019656256332,
                37.27659901484238
              ],
              [
                126.83118053568083,
                37.27669997547381
              ],
              [
                126.83226083615345,
                37.27690912006569
              ],
              [
                126.83396189125008,
                37.27691870328862
              ],
              [
                126.83501093692196,
                37.27678732476077
              ],
              [
                126.83560665612683,
                37.2765685587419
              ],
              [
                126.83667424149132,
                37.27564442777935
              ],
              [
                126.8370658550316,
                37.27522926057646
              ],
              [
                126.83720171074924,
                37.275024684055154
              ],
              [
                126.8372029278383,
                37.27488586498605
              ],
              [
                126.8371806121098,
                37.27402716911139
              ],
              [
                126.83723949660221,
                37.27323840741296
              ],
              [
                126.83733821581944,
                37.272186565827546
              ],
              [
                126.83922081766549,
                37.269850326536535
              ],
              [
                126.84006450615337,
                37.26892014422863
              ],
              [
                126.8413879335775,
                37.26772551332766
              ],
              [
                126.84277083456448,
                37.267233938912625
              ],
              [
                126.84327813004414,
                37.26766950875502
              ],
              [
                126.84391413061941,
                37.26748499244238
              ],
              [
                126.84498904305637,
                37.266803635726
              ],
              [
                126.84307725818847,
                37.26495265491106
              ],
              [
                126.8453989150806,
                37.259891020710484
              ],
              [
                126.8484629937184,
                37.25749439329371
              ],
              [
                126.84960456251773,
                37.25702257717246
              ],
              [
                126.85022602574128,
                37.25907316419262
              ],
              [
                126.84972446135332,
                37.26037958961287
              ],
              [
                126.84880824637922,
                37.26148879313524
              ],
              [
                126.84880373823175,
                37.26157700695625
              ],
              [
                126.84882290013616,
                37.26166251339952
              ],
              [
                126.84886044570231,
                37.26173792445317
              ],
              [
                126.85018002714006,
                37.26312727361104
              ],
              [
                126.85108232213194,
                37.2639785315178
              ],
              [
                126.85142212436983,
                37.26432604126969
              ],
              [
                126.85123365689358,
                37.26448348330042
              ],
              [
                126.84987874171082,
                37.265615219905534
              ],
              [
                126.8497970169195,
                37.265717671609536
              ],
              [
                126.84977706421769,
                37.26585165593438
              ],
              [
                126.8498421248352,
                37.26599815689553
              ],
              [
                126.85171391441227,
                37.26740161215576
              ],
              [
                126.85241122503214,
                37.2676735947431
              ],
              [
                126.85303051771257,
                37.26774897811193
              ],
              [
                126.85382084268062,
                37.267897231579454
              ],
              [
                126.85408602078218,
                37.26800038936663
              ],
              [
                126.85420271879559,
                37.26808814143512
              ],
              [
                126.85555579150045,
                37.269488057992696
              ],
              [
                126.85594927531032,
                37.269918547233885
              ],
              [
                126.85743774249185,
                37.272665910098866
              ],
              [
                126.8592402277158,
                37.27262418308383
              ],
              [
                126.86117596227622,
                37.272488607645236
              ],
              [
                126.86209492212866,
                37.27229277298593
              ],
              [
                126.86383571663507,
                37.272211338541574
              ],
              [
                126.86473041584638,
                37.27241356665124
              ],
              [
                126.86510138257061,
                37.27253541777463
              ],
              [
                126.87085779088143,
                37.27447740128828
              ],
              [
                126.87457105884398,
                37.27583288137886
              ],
              [
                126.87530825330998,
                37.27701055304508
              ],
              [
                126.87530840476306,
                37.277399114439056
              ],
              [
                126.87511601205608,
                37.27733134141547
              ],
              [
                126.87452351306919,
                37.277086761490175
              ],
              [
                126.87434163709106,
                37.276800370967514
              ],
              [
                126.87427022917856,
                37.27669434203833
              ],
              [
                126.8741998427856,
                37.2766171384909
              ],
              [
                126.87317030943782,
                37.27604062703746
              ],
              [
                126.87293033511068,
                37.275942830217005
              ],
              [
                126.87138835740316,
                37.27535687952147
              ],
              [
                126.86430129359141,
                37.2728581172973
              ],
              [
                126.86391647852916,
                37.2728056464962
              ],
              [
                126.86313504683513,
                37.274098256963484
              ],
              [
                126.86294853073147,
                37.27432578902893
              ],
              [
                126.86221913213652,
                37.275381749111425
              ],
              [
                126.86194344152706,
                37.279445992275114
              ],
              [
                126.86196065531715,
                37.280662262888725
              ],
              [
                126.86200777643822,
                37.280717506772525
              ],
              [
                126.8620851760327,
                37.28077841767289
              ],
              [
                126.86312694781437,
                37.281455339306376
              ],
              [
                126.8632388549218,
                37.28150863091644
              ],
              [
                126.86324962061926,
                37.281509752463336
              ],
              [
                126.86326896778829,
                37.28151176566976
              ],
              [
                126.86411326069067,
                37.28151893807926
              ],
              [
                126.8667750158209,
                37.281488776047375
              ],
              [
                126.86791665751879,
                37.2813129277413
              ],
              [
                126.87118517131363,
                37.28058085198549
              ],
              [
                126.87183394685552,
                37.28013779705445
              ],
              [
                126.8720652294048,
                37.279649528449525
              ],
              [
                126.87206700603049,
                37.279645863825564
              ],
              [
                126.87215285079688,
                37.279513065510876
              ],
              [
                126.87215991221666,
                37.279505188796904
              ],
              [
                126.87216216915994,
                37.2795037224948
              ],
              [
                126.87223187279885,
                37.279458521714346
              ],
              [
                126.87360928333686,
                37.27976946839793
              ],
              [
                126.87362248828526,
                37.27977624097883
              ],
              [
                126.87484789905737,
                37.28059073748486
              ],
              [
                126.87571728403634,
                37.281175650526905
              ],
              [
                126.87576603310416,
                37.281213421488346
              ],
              [
                126.875774297361,
                37.28122132154794
              ],
              [
                126.87583446244706,
                37.28128530548785
              ],
              [
                126.87687686293128,
                37.28255502509389
              ],
              [
                126.87710044307231,
                37.28284964432244
              ],
              [
                126.8770799469425,
                37.28291604609556
              ],
              [
                126.87707829172713,
                37.282921424064824
              ],
              [
                126.87703323798266,
                37.28310270977554
              ],
              [
                126.87703288299319,
                37.28310608810286
              ],
              [
                126.8770301700712,
                37.28325278152344
              ],
              [
                126.87702981755311,
                37.283357814510794
              ],
              [
                126.87706608623432,
                37.283588174158744
              ],
              [
                126.87706661013354,
                37.28359126506231
              ],
              [
                126.8770666844612,
                37.28359169090739
              ],
              [
                126.87715559206055,
                37.283969613901505
              ],
              [
                126.87716983570455,
                37.284030067247265
              ],
              [
                126.87718967776597,
                37.284073174943785
              ],
              [
                126.87736084803454,
                37.284390760974055
              ],
              [
                126.87738309719106,
                37.28442844774753
              ],
              [
                126.87739523277857,
                37.284440554088384
              ],
              [
                126.8774033310444,
                37.2844464827306
              ],
              [
                126.87748200562832,
                37.2844887947148
              ],
              [
                126.87870998997322,
                37.28510362397345
              ],
              [
                126.87979253744983,
                37.28510924708707
              ],
              [
                126.88635114763638,
                37.283363869847626
              ],
              [
                126.88636196698918,
                37.28336096037749
              ],
              [
                126.8864033111972,
                37.28334983707232
              ],
              [
                126.88849525532618,
                37.28269198576177
              ],
              [
                126.8887101865227,
                37.28258237145132
              ],
              [
                126.88922577825718,
                37.282311714665404
              ],
              [
                126.88976905448831,
                37.28202220432097
              ],
              [
                126.88984187247765,
                37.281985107266564
              ],
              [
                126.89005812255743,
                37.28205767104732
              ],
              [
                126.89312705205722,
                37.285171763334276
              ],
              [
                126.8931271141551,
                37.28517217829016
              ],
              [
                126.89320527782326,
                37.28571737483463
              ],
              [
                126.89438730166557,
                37.28710111733696
              ],
              [
                126.89724889274135,
                37.28934723944233
              ],
              [
                126.89791370934459,
                37.2894874822733
              ],
              [
                126.89863516634112,
                37.289699854995305
              ],
              [
                126.89997924577598,
                37.290645970413685
              ],
              [
                126.90092780160452,
                37.29142729892031
              ],
              [
                126.90105251172703,
                37.29139785895334
              ],
              [
                126.90561543556868,
                37.29000755975103
              ],
              [
                126.90650640838176,
                37.28995872180876
              ],
              [
                126.91002288695076,
                37.29005581151366
              ],
              [
                126.91273688332349,
                37.2901843108562
              ],
              [
                126.91300180244036,
                37.290279116744834
              ],
              [
                126.91314832426686,
                37.29035131781463
              ],
              [
                126.9133224265851,
                37.29048490819859
              ],
              [
                126.91397674264668,
                37.29074837796422
              ],
              [
                126.9142529727591,
                37.290807149168685
              ],
              [
                126.91455764071638,
                37.29065419772427
              ],
              [
                126.91472696861258,
                37.29051015716538
              ],
              [
                126.91497112422611,
                37.29026452594811
              ],
              [
                126.91544958098127,
                37.289758333203906
              ],
              [
                126.91700306388488,
                37.28720952524147
              ],
              [
                126.91761324355227,
                37.28610619579707
              ],
              [
                126.91770945026974,
                37.285786398247325
              ],
              [
                126.91777729115968,
                37.28562426057827
              ],
              [
                126.9178846434871,
                37.285421613253824
              ],
              [
                126.91797498227223,
                37.28530903889325
              ],
              [
                126.92159741743498,
                37.28282469205737
              ],
              [
                126.92488050717553,
                37.28115995327793
              ],
              [
                126.9250896692831,
                37.28061045925277
              ],
              [
                126.92551316045426,
                37.279970999225974
              ],
              [
                126.92574465485146,
                37.27963326003522
              ],
              [
                126.92593952366359,
                37.27945177236866
              ],
              [
                126.92618478609943,
                37.27926862313078
              ],
              [
                126.92654897439667,
                37.27907119468013
              ],
              [
                126.92728730643596,
                37.27880530902375
              ],
              [
                126.92844776273061,
                37.276779097835494
              ],
              [
                126.92844797113754,
                37.2767786860057
              ],
              [
                126.92853825998927,
                37.27650392612283
              ],
              [
                126.92836436105912,
                37.27579201151781
              ],
              [
                126.92824546508648,
                37.27559172920672
              ],
              [
                126.9279930008498,
                37.27504842057264
              ],
              [
                126.92734628114786,
                37.273417147245056
              ],
              [
                126.92698118313342,
                37.27206086200423
              ],
              [
                126.92706083901012,
                37.27133594995206
              ],
              [
                126.92746657184111,
                37.271259668675015
              ],
              [
                126.9287537701857,
                37.26928719409873
              ],
              [
                126.93024659027891,
                37.26308392088699
              ],
              [
                126.93079253717313,
                37.260944651635874
              ],
              [
                126.93182244281246,
                37.260922932793925
              ],
              [
                126.93229601211999,
                37.2608105817954
              ],
              [
                126.93286012061529,
                37.260306330241065
              ],
              [
                126.93517302973584,
                37.25809079817556
              ],
              [
                126.93520744096688,
                37.25739732235281
              ],
              [
                126.93520765042351,
                37.257396908711684
              ],
              [
                126.93557437548402,
                37.25697362596169
              ],
              [
                126.93579429637317,
                37.25686112850263
              ],
              [
                126.93622269176547,
                37.25679828334653
              ],
              [
                126.93907471886008,
                37.25666917144691
              ],
              [
                126.94248436730236,
                37.25699078828522
              ],
              [
                126.94634486450406,
                37.257438662243395
              ],
              [
                126.94658173593372,
                37.257451170473765
              ],
              [
                126.94675628646921,
                37.25745688259132
              ],
              [
                126.94788385138521,
                37.25702939740149
              ],
              [
                126.9483912895397,
                37.25677733642708
              ],
              [
                126.95008268077123,
                37.25571045215851
              ],
              [
                126.95009970380306,
                37.25550353898085
              ],
              [
                126.9500958401353,
                37.25548185786244
              ],
              [
                126.94999857909364,
                37.25502594580724
              ],
              [
                126.94993112122445,
                37.25476912034476
              ],
              [
                126.94976798088125,
                37.254323036335734
              ],
              [
                126.9498171029945,
                37.25409300555977
              ],
              [
                126.94982451895929,
                37.25406176077967
              ],
              [
                126.9503607101691,
                37.25292218233726
              ],
              [
                126.95059209706301,
                37.25246275242858
              ],
              [
                126.95059230184609,
                37.252462347751795
              ],
              [
                126.95249733683913,
                37.25172892494679
              ],
              [
                126.95270641080938,
                37.249761380272616
              ],
              [
                126.95275825800292,
                37.249395634177326
              ],
              [
                126.95281485289256,
                37.24900821162069
              ],
              [
                126.95289391965571,
                37.24874694377659
              ],
              [
                126.95289413013205,
                37.248746528305084
              ],
              [
                126.95303514150474,
                37.248575398406665
              ],
              [
                126.95339041572065,
                37.248210614198655
              ],
              [
                126.95363848896707,
                37.24802149645347
              ],
              [
                126.95430714875569,
                37.24780157856857
              ],
              [
                126.95438818295598,
                37.24777401237428
              ],
              [
                126.95499698628706,
                37.24748592083142
              ],
              [
                126.9561751370542,
                37.246761081998955
              ],
              [
                126.95669625396961,
                37.245127334916354
              ],
              [
                126.95677940315467,
                37.244707197736965
              ],
              [
                126.95714569501254,
                37.244432642401925
              ],
              [
                126.95729230186217,
                37.24427952113639
              ],
              [
                126.95729252470382,
                37.24427910571331
              ],
              [
                126.95772104221106,
                37.24347775477688
              ],
              [
                126.95792950047047,
                37.24303112514413
              ],
              [
                126.95797515631322,
                37.242932315889014
              ],
              [
                126.95799797033233,
                37.242459270821094
              ],
              [
                126.95795923221954,
                37.241247367751015
              ],
              [
                126.95794728744114,
                37.24118540885032
              ],
              [
                126.95793463407863,
                37.241122898655895
              ],
              [
                126.95786922438043,
                37.24096349933764
              ],
              [
                126.9577115969518,
                37.240697633952045
              ],
              [
                126.95765530348362,
                37.24059850028316
              ],
              [
                126.95759338710032,
                37.24048134176763
              ],
              [
                126.95750245304195,
                37.2403013798675
              ],
              [
                126.95749207969729,
                37.24026956897246
              ],
              [
                126.95752033693692,
                37.24014793972962
              ],
              [
                126.95752597327947,
                37.24012540542433
              ],
              [
                126.9575376171368,
                37.240084863518184
              ],
              [
                126.95756537158645,
                37.24001308092996
              ],
              [
                126.95756548527899,
                37.2400127912014
              ],
              [
                126.95765570797802,
                37.239900194690705
              ],
              [
                126.95776282778098,
                37.2398056258712
              ],
              [
                126.96046271911393,
                37.23841448648641
              ],
              [
                126.96072199165282,
                37.23828392486847
              ],
              [
                126.9609136215777,
                37.23819839317746
              ],
              [
                126.96163503070026,
                37.237910306024446
              ],
              [
                126.96173119974371,
                37.237879369200556
              ],
              [
                126.96186046021172,
                37.23783829775158
              ],
              [
                126.96215915031928,
                37.237752797992925
              ],
              [
                126.96238227306847,
                37.23771289318211
              ],
              [
                126.96246292796668,
                37.2376974308036
              ],
              [
                126.96281284935641,
                37.23762686910516
              ],
              [
                126.9630014604361,
                37.23757568874734
              ],
              [
                126.96344403275546,
                37.23745137137538
              ],
              [
                126.96368724936042,
                37.23736697659475
              ],
              [
                126.96405833559275,
                37.237221802044175
              ],
              [
                126.96412842511523,
                37.23719084618901
              ],
              [
                126.96434577913577,
                37.23707772630362
              ],
              [
                126.96446853984644,
                37.23700427598965
              ],
              [
                126.96694954053383,
                37.23548859424832
              ],
              [
                126.96709520556509,
                37.23539318078604
              ],
              [
                126.9672820848863,
                37.235263432663615
              ],
              [
                126.9674906334455,
                37.23511481990257
              ],
              [
                126.96769354673015,
                37.23496170239801
              ],
              [
                126.96787955088114,
                37.234817589232144
              ],
              [
                126.96793029012602,
                37.23475453014831
              ],
              [
                126.96805503384554,
                37.234588431306655
              ],
              [
                126.96805524195669,
                37.234588013993374
              ],
              [
                126.96813349295655,
                37.23442529197257
              ],
              [
                126.96885561103154,
                37.232348606382736
              ],
              [
                126.96941964873906,
                37.23042995251801
              ],
              [
                126.96941986245469,
                37.23042953702988
              ],
              [
                126.96946399329647,
                37.23034433814609
              ],
              [
                126.9694875282454,
                37.23029890317421
              ],
              [
                126.96958865843875,
                37.230123228498115
              ],
              [
                126.9697976663935,
                37.229803605817125
              ],
              [
                126.96986504003037,
                37.22974528233227
              ],
              [
                126.97040765393082,
                37.22940105594636
              ],
              [
                126.97047632600005,
                37.22935972925811
              ],
              [
                126.97134147976269,
                37.22903834933339
              ],
              [
                126.97142810943086,
                37.22901303535205
              ],
              [
                126.97167956008424,
                37.228957342239816
              ],
              [
                126.97289662115762,
                37.22872787724235
              ],
              [
                126.97771349077293,
                37.22968404486356
              ],
              [
                126.97895280869837,
                37.230364573305785
              ],
              [
                126.97905978582088,
                37.2306168854386
              ],
              [
                126.9807045464724,
                37.23223004621373
              ],
              [
                126.9810650664781,
                37.23252745257278
              ],
              [
                126.98232724266678,
                37.23224383524431
              ],
              [
                126.98509945505559,
                37.2317892274393
              ],
              [
                126.98662599847515,
                37.23364557147382
              ],
              [
                126.98742615909345,
                37.23336634652619
              ],
              [
                126.98734176434002,
                37.233735601115576
              ],
              [
                126.98733613208682,
                37.23385248259195
              ],
              [
                126.9873473666125,
                37.23396961916368
              ],
              [
                126.98738116009652,
                37.23404170598586
              ],
              [
                126.98741056366052,
                37.23408732859563
              ],
              [
                126.98746002350266,
                37.23414984005212
              ],
              [
                126.98751636354541,
                37.234185887385486
              ],
              [
                126.98767411997197,
                37.23423997777093
              ],
              [
                126.98795461806367,
                37.2341696037235
              ],
              [
                126.98827140746938,
                37.234077858656015
              ],
              [
                126.98953345036318,
                37.23355540539998
              ],
              [
                126.98958984114516,
                37.23305122086884
              ],
              [
                126.98957877683615,
                37.232754155394744
              ],
              [
                126.98938145066107,
                37.23246552267773
              ],
              [
                126.98934202056193,
                37.23240244590807
              ],
              [
                126.9892735485968,
                37.23226897631314
              ],
              [
                126.9892518979693,
                37.232222237403604
              ],
              [
                126.98921247239977,
                37.232132120474205
              ],
              [
                126.98922375064268,
                37.23207355481692
              ],
              [
                126.9892519435813,
                37.231947412192945
              ],
              [
                126.98929140384911,
                37.231816773300395
              ],
              [
                126.98929163211483,
                37.23181635783891
              ],
              [
                126.98929725405027,
                37.2318118444454
              ],
              [
                126.98938741590769,
                37.231739771639596
              ],
              [
                126.98946629343814,
                37.231685715937026
              ],
              [
                126.99128064942131,
                37.231041643262984
              ],
              [
                126.99159617906002,
                37.230969595562364
              ],
              [
                126.99333156591912,
                37.230622819208236
              ],
              [
                126.99384430246667,
                37.230532749974884
              ],
              [
                126.99526417375563,
                37.2300597868856
              ],
              [
                126.9967291229941,
                37.22938858058517
              ],
              [
                126.99700341333259,
                37.229253968184
              ],
              [
                126.9976588356014,
                37.22771717536612
              ],
              [
                126.99820658283774,
                37.22649164232559
              ],
              [
                126.99876648884005,
                37.225751108904944
              ],
              [
                127.0008925697937,
                37.22643367809517
              ],
              [
                127.00111792693343,
                37.22651926896735
              ],
              [
                127.00336029790859,
                37.22888449444133
              ],
              [
                127.00337157208116,
                37.229114259625284
              ],
              [
                127.00329280113084,
                37.229366229023746
              ],
              [
                127.00283254607416,
                37.2300014461186
              ],
              [
                127.00332672925188,
                37.23019509392653
              ],
              [
                127.00352958508007,
                37.23014103758844
              ],
              [
                127.00358028069029,
                37.23011849338519
              ],
              [
                127.00564797170217,
                37.22885699198607
              ],
              [
                127.00728156410152,
                37.2275553447585
              ],
              [
                127.0084421251486,
                37.22701915377148
              ],
              [
                127.00862239589678,
                37.22696507242257
              ],
              [
                127.01071830344759,
                37.22655487475519
              ],
              [
                127.01077065007803,
                37.226514412641066
              ],
              [
                127.01093226359745,
                37.22641978956932
              ],
              [
                127.01117240052291,
                37.22637922463038
              ],
              [
                127.01138297143211,
                37.22636146522934
              ],
              [
                127.01256523113776,
                37.22643345329813
              ],
              [
                127.01298602968355,
                37.22650436142062
              ],
              [
                127.01357409836575,
                37.22668506959404
              ],
              [
                127.0137021024765,
                37.22670365389498
              ],
              [
                127.01390685685796,
                37.22671263408889
              ],
              [
                127.01404629332347,
                37.22670332876184
              ],
              [
                127.02071907832159,
                37.2255217914977
              ],
              [
                127.02118063406122,
                37.2252818145574
              ],
              [
                127.0211808553694,
                37.22528139900526
              ],
              [
                127.02147650854667,
                37.22472389347091
              ],
              [
                127.02147856200139,
                37.224720020338204
              ],
              [
                127.0217264186292,
                37.224602842518
              ],
              [
                127.02187112567665,
                37.22454424986119
              ],
              [
                127.02206446767329,
                37.22463882632799
              ],
              [
                127.02256030876734,
                37.22490905045031
              ],
              [
                127.02270491307503,
                37.22509176480787
              ],
              [
                127.02327685969522,
                37.22588716709006
              ],
              [
                127.02310174935887,
                37.22621504767623
              ],
              [
                127.02310152805842,
                37.226215463231945
              ],
              [
                127.02328961836308,
                37.230745972135395
              ],
              [
                127.02380225000634,
                37.2308234581891
              ],
              [
                127.02490501717502,
                37.23098515435346
              ],
              [
                127.02510857296686,
                37.231012425036496
              ],
              [
                127.02521086492307,
                37.23101240430422
              ],
              [
                127.02566229238188,
                37.230961349764186
              ],
              [
                127.0257409974857,
                37.23094893540708
              ],
              [
                127.02608993949639,
                37.230873969297335
              ],
              [
                127.02990951339841,
                37.23207078625889
              ],
              [
                127.03012397551043,
                37.2330168266644
              ],
              [
                127.03044531990581,
                37.23349429960346
              ],
              [
                127.03463304774311,
                37.23649366386072
              ],
              [
                127.03667977298731,
                37.23888942241017
              ],
              [
                127.03647132375703,
                37.23897958843621
              ],
              [
                127.03626851902257,
                37.23956573828147
              ],
              [
                127.03629621328109,
                37.23967470141122
              ],
              [
                127.03649996643857,
                37.240466708752514
              ],
              [
                127.03657329611131,
                37.24062887426998
              ],
              [
                127.04011131132296,
                37.24454687507169
              ],
              [
                127.04022809514568,
                37.24425050365464
              ],
              [
                127.04025918338408,
                37.24375925791492
              ],
              [
                127.04026322603916,
                37.243733919087695
              ],
              [
                127.0402728875218,
                37.24369308901501
              ],
              [
                127.04028047475099,
                37.24367596126142
              ],
              [
                127.04037244827619,
                37.24356563202379
              ],
              [
                127.04039516573935,
                37.2435805554075
              ],
              [
                127.04056041737586,
                37.24369453666448
              ],
              [
                127.04071091870067,
                37.24393128857459
              ],
              [
                127.04088358170621,
                37.244268091244635
              ],
              [
                127.04040963181528,
                37.245673210283584
              ],
              [
                127.04034806236655,
                37.2457136423655
              ],
              [
                127.04027219195072,
                37.245789975647014
              ],
              [
                127.04002262861093,
                37.24608767917851
              ],
              [
                127.04002240847126,
                37.24608809476907
              ],
              [
                127.04001224693613,
                37.24653890552438
              ],
              [
                127.04022906542029,
                37.2469378137491
              ],
              [
                127.04067157677505,
                37.24743479674469
              ],
              [
                127.0411008925881,
                37.247449432433044
              ],
              [
                127.04253032417263,
                37.247024052237634
              ],
              [
                127.04189015027004,
                37.244838499284114
              ],
              [
                127.0412756707998,
                37.243164523862944
              ],
              [
                127.03921763106578,
                37.23755285110509
              ],
              [
                127.03917279701527,
                37.23724235204407
              ],
              [
                127.03921649495794,
                37.23716272123276
              ],
              [
                127.0414173873103,
                37.23548719304661
              ],
              [
                127.04193295785132,
                37.23523270693956
              ],
              [
                127.04290002057294,
                37.23478403572916
              ],
              [
                127.0430597051692,
                37.23475018065593
              ],
              [
                127.04371199683426,
                37.23458438458613
              ],
              [
                127.04398326196021,
                37.234479830492305
              ],
              [
                127.04407040168607,
                37.23442995264293
              ],
              [
                127.04430961086153,
                37.23429274647475
              ],
              [
                127.04433215378286,
                37.23427977193562
              ],
              [
                127.04438354483842,
                37.234244279647314
              ],
              [
                127.04442789153727,
                37.23421300763251
              ],
              [
                127.04476406629904,
                37.23396932520834
              ],
              [
                127.0448466098697,
                37.23390762798851
              ],
              [
                127.04492968316723,
                37.23384480419332
              ],
              [
                127.04494622987569,
                37.2338321382093
              ],
              [
                127.04504232306739,
                37.23373568085934
              ],
              [
                127.04504249094019,
                37.23373551023832
              ],
              [
                127.04505284070402,
                37.23368398633161
              ],
              [
                127.04499415040175,
                37.23323255261083
              ],
              [
                127.04589960140733,
                37.23278234171302
              ],
              [
                127.04593058680939,
                37.23277641032381
              ],
              [
                127.04594677923963,
                37.23277331390174
              ],
              [
                127.0462530088125,
                37.23281065445789
              ],
              [
                127.04670396849494,
                37.232872429970016
              ],
              [
                127.04691493302467,
                37.23292922321819
              ],
              [
                127.04803182695201,
                37.23326499432483
              ],
              [
                127.04890614949527,
                37.23371657328098
              ],
              [
                127.04945376433669,
                37.23401876905318
              ],
              [
                127.04953460840542,
                37.23405336313483
              ],
              [
                127.04958039228244,
                37.234067986714955
              ],
              [
                127.04966263454885,
                37.234086252663325
              ],
              [
                127.05115188053163,
                37.23430752846223
              ],
              [
                127.05127268469353,
                37.23432408345882
              ],
              [
                127.05142852182895,
                37.234336975239906
              ],
              [
                127.05143098962324,
                37.23433697377053
              ],
              [
                127.05146179865503,
                37.234336681227994
              ],
              [
                127.05152817722814,
                37.23432511166082
              ],
              [
                127.05163449767504,
                37.234286763063906
              ],
              [
                127.05194837137907,
                37.23416301606699
              ],
              [
                127.05243949930494,
                37.23396177516178
              ],
              [
                127.0531312846902,
                37.23367804704956
              ],
              [
                127.05335391586722,
                37.23358053696338
              ],
              [
                127.0534343624938,
                37.23354474017195
              ],
              [
                127.05348944783135,
                37.23351571096694
              ],
              [
                127.05352288240425,
                37.2334813395431
              ],
              [
                127.05353854436586,
                37.233463600445745
              ],
              [
                127.05357143569694,
                37.2334261387634
              ],
              [
                127.05357165459763,
                37.233425723141785
              ],
              [
                127.05358607149766,
                37.233398118028454
              ],
              [
                127.05360417424853,
                37.233339821516665
              ],
              [
                127.05362154660972,
                37.23326773082812
              ],
              [
                127.05377622271338,
                37.232351990056756
              ],
              [
                127.05377532861135,
                37.23233001415736
              ],
              [
                127.05376280676451,
                37.232310034313855
              ],
              [
                127.05373214621021,
                37.232264427818606
              ],
              [
                127.0536949704755,
                37.23223151191351
              ],
              [
                127.0536560433713,
                37.23220674075786
              ],
              [
                127.0535344982392,
                37.23214063092597
              ],
              [
                127.05340028265597,
                37.23206832744253
              ],
              [
                127.05318803225832,
                37.23194818596797
              ],
              [
                127.05302757195558,
                37.23185701588949
              ],
              [
                127.05273535143621,
                37.231689045427196
              ],
              [
                127.05256308714735,
                37.23158887833263
              ],
              [
                127.05250934773318,
                37.23154103898922
              ],
              [
                127.05248503455886,
                37.23151458566801
              ],
              [
                127.05246686767742,
                37.23147742529948
              ],
              [
                127.05245461690933,
                37.23143359799381
              ],
              [
                127.05245408906583,
                37.23138576950375
              ],
              [
                127.05265562557997,
                37.231280648856874
              ],
              [
                127.0526966509362,
                37.23127641399542
              ],
              [
                127.05438233065452,
                37.23199762243393
              ],
              [
                127.05596015320413,
                37.232763638390374
              ],
              [
                127.05761317264653,
                37.23374415360432
              ],
              [
                127.05813618246503,
                37.23406772030466
              ],
              [
                127.05831622559434,
                37.234184210118485
              ],
              [
                127.0594357859112,
                37.23517509064328
              ],
              [
                127.05958825953978,
                37.23538281389823
              ],
              [
                127.05984739388293,
                37.2357619695455
              ],
              [
                127.05989873117505,
                37.235886116340595
              ],
              [
                127.0599892661984,
                37.23614456228906
              ],
              [
                127.06002107746117,
                37.23630307535276
              ],
              [
                127.06225073425448,
                37.238160056683896
              ],
              [
                127.06247433882454,
                37.2383457817147
              ],
              [
                127.06331812027402,
                37.23895270766251
              ],
              [
                127.06514673532679,
                37.24012674710968
              ],
              [
                127.06559072661291,
                37.240181696248605
              ],
              [
                127.06575255027273,
                37.24019343016467
              ],
              [
                127.06594310042377,
                37.240203743088465
              ],
              [
                127.06625105683936,
                37.2401706327209
              ],
              [
                127.06646863017436,
                37.24008773541777
              ],
              [
                127.06691705450571,
                37.24018519499458
              ],
              [
                127.06744966904675,
                37.23970509486908
              ],
              [
                127.06792520740282,
                37.236795609024036
              ],
              [
                127.06939346378182,
                37.23210472507323
              ],
              [
                127.06945953293665,
                37.23175439881487
              ],
              [
                127.06947910895882,
                37.23162193522095
              ],
              [
                127.06945643267372,
                37.2312978316428
              ],
              [
                127.06940378186826,
                37.231092595866706
              ],
              [
                127.06937166763765,
                37.23101855791789
              ],
              [
                127.06926604933263,
                37.23084488942287
              ],
              [
                127.06912905308046,
                37.23063772779932
              ],
              [
                127.06889633152679,
                37.23031596142077
              ],
              [
                127.0688788705644,
                37.23030095533549
              ],
              [
                127.06885872310005,
                37.23017074673201
              ],
              [
                127.06887277963085,
                37.229886770049916
              ],
              [
                127.06888632689378,
                37.22986508298083
              ],
              [
                127.06890649153843,
                37.22984296659298
              ],
              [
                127.06973065800817,
                37.22899059082595
              ],
              [
                127.07056507401569,
                37.22888944080402
              ],
              [
                127.07062125863317,
                37.228902364188265
              ],
              [
                127.0715443195846,
                37.229035852375276
              ],
              [
                127.07200601906862,
                37.22910033592284
              ],
              [
                127.07259270192516,
                37.22912391700414
              ],
              [
                127.07261452646823,
                37.22912165121944
              ],
              [
                127.07264745587722,
                37.22911318870678
              ],
              [
                127.07457498150116,
                37.2281498751773
              ],
              [
                127.07494025681552,
                37.227727845298226
              ],
              [
                127.07592086648424,
                37.225581051457134
              ],
              [
                127.07605133062258,
                37.225513412208116
              ],
              [
                127.076143178338,
                37.225460418514274
              ],
              [
                127.07627987789368,
                37.22535671189597
              ],
              [
                127.07641445287463,
                37.225247654909104
              ],
              [
                127.0769236328186,
                37.22474162317426
              ],
              [
                127.07710443235436,
                37.22454806360245
              ],
              [
                127.07820117513451,
                37.223245448821096
              ],
              [
                127.07812344614034,
                37.22316065288907
              ],
              [
                127.07807834271132,
                37.22312746033444
              ],
              [
                127.07840864512434,
                37.22262660045992
              ],
              [
                127.0795885990265,
                37.22178068104289
              ],
              [
                127.08215892120076,
                37.21995294484609
              ],
              [
                127.08219052582726,
                37.21993239708175
              ],
              [
                127.08229596705819,
                37.21986387294876
              ],
              [
                127.08232095324315,
                37.21984921411031
              ],
              [
                127.08652788325467,
                37.2174700513554
              ],
              [
                127.08691247074226,
                37.21726309332864
              ],
              [
                127.08823399108616,
                37.216601978530356
              ],
              [
                127.08893336339892,
                37.2166047322559
              ],
              [
                127.09199945787377,
                37.21729409488706
              ],
              [
                127.09931340001226,
                37.21880653763379
              ],
              [
                127.10389458655872,
                37.21973073840818
              ],
              [
                127.10463834165571,
                37.21983371366787
              ],
              [
                127.10483024029571,
                37.21984340415998
              ],
              [
                127.10486403922779,
                37.21984224774438
              ],
              [
                127.10502141938426,
                37.2198367585073
              ],
              [
                127.10644167734092,
                37.21978482576364
              ],
              [
                127.10704894570469,
                37.21971642795784
              ],
              [
                127.10743459289871,
                37.21967074362809
              ],
              [
                127.10807473403258,
                37.219576128514085
              ],
              [
                127.10868421817457,
                37.21945872212212
              ],
              [
                127.11511604362694,
                37.21913313687251
              ],
              [
                127.11520142896147,
                37.21913615456964
              ],
              [
                127.1154969725204,
                37.21922851672917
              ],
              [
                127.11568208539963,
                37.21928914922171
              ],
              [
                127.11585784355105,
                37.21944976186501
              ],
              [
                127.11633328517442,
                37.21976466517925
              ],
              [
                127.11729133446887,
                37.22000223065867
              ],
              [
                127.11741634831773,
                37.22001477644428
              ],
              [
                127.11758429426118,
                37.22001545942717
              ],
              [
                127.11767453824234,
                37.22001209106204
              ],
              [
                127.11770822600073,
                37.2200108314675
              ],
              [
                127.11783538793475,
                37.22000333742038
              ],
              [
                127.1178879500144,
                37.220000239414176
              ],
              [
                127.11798986286492,
                37.21998801970828
              ],
              [
                127.11809018601888,
                37.21997498262373
              ],
              [
                127.11821373106407,
                37.21994754105616
              ],
              [
                127.11838407912745,
                37.21990654702044
              ],
              [
                127.11845251945999,
                37.219880574511826
              ],
              [
                127.11851181038021,
                37.219853772949506
              ],
              [
                127.1193408689821,
                37.219328932321275
              ],
              [
                127.1202946863667,
                37.219336710939814
              ],
              [
                127.12205758460841,
                37.21899675089333
              ],
              [
                127.13075250908943,
                37.217015148956015
              ],
              [
                127.13193465331524,
                37.216731998554096
              ],
              [
                127.13276606759854,
                37.2165215880239
              ],
              [
                127.13284400775962,
                37.21650150746912
              ],
              [
                127.13288940445595,
                37.21648485139834
              ],
              [
                127.13362163727545,
                37.21613318911931
              ],
              [
                127.13376909166331,
                37.21589453661845
              ],
              [
                127.13379019966456,
                37.215885223662205
              ],
              [
                127.13420901918086,
                37.21580422041658
              ],
              [
                127.13466939688907,
                37.21572880007766
              ],
              [
                127.13472325639765,
                37.21572000802051
              ],
              [
                127.13614936122676,
                37.215545801022145
              ],
              [
                127.13620075939076,
                37.2155406604365
              ],
              [
                127.13627961987632,
                37.215538597727154
              ],
              [
                127.13668466557934,
                37.215532514189974
              ],
              [
                127.13680878438166,
                37.21554447338308
              ],
              [
                127.1373153381901,
                37.215601055403305
              ],
              [
                127.13733771368798,
                37.21560750856737
              ],
              [
                127.1374656289269,
                37.21566959682653
              ],
              [
                127.1390450415569,
                37.216558669147894
              ],
              [
                127.14322677646707,
                37.21860726754104
              ],
              [
                127.14323628990479,
                37.21860979669377
              ],
              [
                127.14587399188785,
                37.21919144117502
              ],
              [
                127.14595286158537,
                37.219192751428835
              ],
              [
                127.14604281894553,
                37.21919405600444
              ],
              [
                127.14610389504563,
                37.21918778264561
              ],
              [
                127.14645139391334,
                37.219085711411346
              ],
              [
                127.14665141722509,
                37.21901759960778
              ],
              [
                127.14666373515617,
                37.21901335828659
              ],
              [
                127.14677497977934,
                37.219005627024984
              ],
              [
                127.15025413596791,
                37.219733116481166
              ],
              [
                127.15069057471385,
                37.220009646604495
              ],
              [
                127.15084382184307,
                37.219869503626896
              ],
              [
                127.1508655920633,
                37.21984273297574
              ],
              [
                127.15179905736191,
                37.218548838525805
              ],
              [
                127.15179928694005,
                37.21854842545573
              ],
              [
                127.15200668853628,
                37.2181700202436
              ],
              [
                127.15186527204216,
                37.21785044682749
              ],
              [
                127.15159568967204,
                37.21728453884588
              ],
              [
                127.15154522696245,
                37.21713649862798
              ],
              [
                127.1512763717957,
                37.216223407571604
              ],
              [
                127.15148950604008,
                37.214332077263315
              ],
              [
                127.15172699722794,
                37.21387484449715
              ],
              [
                127.15509351684341,
                37.20969187678899
              ],
              [
                127.1554271325506,
                37.20954305105764
              ],
              [
                127.15630131921932,
                37.208800804355306
              ],
              [
                127.15642561894985,
                37.2086463384153
              ],
              [
                127.15672572230703,
                37.20821365792268
              ],
              [
                127.15720967451622,
                37.20737133527162
              ],
              [
                127.1572184588431,
                37.20734001336137
              ],
              [
                127.15732692404552,
                37.206948241258644
              ],
              [
                127.15534536996564,
                37.204357241297906
              ],
              [
                127.15337705835117,
                37.20189345365988
              ],
              [
                127.15274443944617,
                37.20098589344579
              ],
              [
                127.15206079127235,
                37.199535803583665
              ],
              [
                127.1520023668229,
                37.199184750767934
              ],
              [
                127.15202552522707,
                37.19906110593806
              ],
              [
                127.15214687485008,
                37.19866534931819
              ],
              [
                127.15223177924773,
                37.19841898051495
              ],
              [
                127.15473092358714,
                37.197392679778964
              ],
              [
                127.15607740916722,
                37.19633980838813
              ],
              [
                127.15939102340421,
                37.193350304717534
              ],
              [
                127.16092990888598,
                37.19029342159593
              ],
              [
                127.16042362740153,
                37.18827857088165
              ],
              [
                127.15945834828605,
                37.18500611782018
              ],
              [
                127.15943662814564,
                37.18279899836199
              ],
              [
                127.15971730801115,
                37.18238864787154
              ],
              [
                127.16022164381953,
                37.1812301280371
              ],
              [
                127.16049463703835,
                37.18060156155972
              ],
              [
                127.16057810512112,
                37.18035155182426
              ],
              [
                127.16065790397454,
                37.17987552066842
              ],
              [
                127.15980384921157,
                37.17950602960983
              ],
              [
                127.15954880500836,
                37.17895673059119
              ],
              [
                127.15927152252355,
                37.17828722601432
              ],
              [
                127.1591202622445,
                37.17797488095059
              ],
              [
                127.1579543676623,
                37.17709142616526
              ],
              [
                127.15774206491011,
                37.17695147652963
              ],
              [
                127.15687122746662,
                37.176652185321196
              ],
              [
                127.1565845950875,
                37.176559914852376
              ],
              [
                127.15632570363508,
                37.17652083262361
              ],
              [
                127.1553968777951,
                37.17668958263095
              ],
              [
                127.15388931876451,
                37.17586904612933
              ],
              [
                127.15384760437944,
                37.17551233841947
              ],
              [
                127.15311338778164,
                37.17365909515324
              ],
              [
                127.15297645135902,
                37.173454561340094
              ],
              [
                127.15165919959998,
                37.17167357676078
              ],
              [
                127.14871325571718,
                37.16989178229241
              ],
              [
                127.14838405743227,
                37.16978462316681
              ],
              [
                127.14055760468209,
                37.16913925226059
              ],
              [
                127.14026227530502,
                37.16916579147648
              ],
              [
                127.13885484823145,
                37.1693625624579
              ],
              [
                127.13404789733353,
                37.16932692052227
              ],
              [
                127.13374549912214,
                37.16930724952533
              ],
              [
                127.13348991166042,
                37.16925377446307
              ],
              [
                127.13302414312733,
                37.16896852876908
              ],
              [
                127.13251923157603,
                37.16822132399649
              ],
              [
                127.13252110525146,
                37.16810606892054
              ],
              [
                127.13286290281253,
                37.16747391681141
              ],
              [
                127.1334620829814,
                37.16653530993822
              ],
              [
                127.13359844908533,
                37.166349881101326
              ],
              [
                127.13378250962423,
                37.166278150449436
              ],
              [
                127.13400048268517,
                37.166120066160815
              ],
              [
                127.13408487111168,
                37.165090614156675
              ],
              [
                127.13120181678845,
                37.16262803643171
              ],
              [
                127.1307858692044,
                37.16244607375302
              ],
              [
                127.13046759837184,
                37.16232921140838
              ],
              [
                127.13006859682854,
                37.16220643535785
              ],
              [
                127.12992672802507,
                37.16217186311985
              ],
              [
                127.12943542009347,
                37.162128675379115
              ],
              [
                127.12900727823097,
                37.16199538429978
              ],
              [
                127.12831555723459,
                37.16099441498064
              ],
              [
                127.12826117182323,
                37.1606653006604
              ],
              [
                127.12830839607896,
                37.16029243221958
              ],
              [
                127.12902115547885,
                37.155853016062686
              ],
              [
                127.12958297182172,
                37.152825165777536
              ],
              [
                127.12991302423727,
                37.151099844400214
              ],
              [
                127.1291233291773,
                37.148326453249545
              ],
              [
                127.12830752690563,
                37.14639005713604
              ],
              [
                127.12769623932125,
                37.14547051832427
              ],
              [
                127.12628092415568,
                37.145537342835155
              ],
              [
                127.1246990388553,
                37.14538018656845
              ],
              [
                127.1246420376964,
                37.14536559513988
              ],
              [
                127.1243870055629,
                37.14525633702113
              ],
              [
                127.12327578482557,
                37.14477146440519
              ],
              [
                127.12313545361538,
                37.144677006967676
              ],
              [
                127.1229413627285,
                37.14449320131156
              ],
              [
                127.11982166432631,
                37.144595608335585
              ],
              [
                127.1159829473295,
                37.14425697804664
              ],
              [
                127.11485746136434,
                37.14431212203591
              ],
              [
                127.11382223189003,
                37.144511339603866
              ],
              [
                127.11196416889018,
                37.144146473777226
              ],
              [
                127.11114234328029,
                37.14379300641527
              ],
              [
                127.10882228848502,
                37.14280397981726
              ],
              [
                127.10434115202303,
                37.14172667930007
              ],
              [
                127.1037561059076,
                37.14188937483318
              ],
              [
                127.10303835870867,
                37.14386329026064
              ],
              [
                127.10078275320272,
                37.1461250618675
              ],
              [
                127.10074726123077,
                37.146133210096124
              ],
              [
                127.10037768196074,
                37.14634892521729
              ],
              [
                127.09829045453988,
                37.15284090504069
              ],
              [
                127.09870520282637,
                37.15397857069971
              ],
              [
                127.09870525466617,
                37.1539789900325
              ],
              [
                127.09835344658754,
                37.15534662335028
              ],
              [
                127.09810206348082,
                37.15573033387307
              ],
              [
                127.09486123763732,
                37.158553928602316
              ],
              [
                127.0938626241193,
                37.159127148764426
              ],
              [
                127.08748057774814,
                37.16073906792288
              ],
              [
                127.08391976796247,
                37.16115608033072
              ],
              [
                127.08016280037882,
                37.16159537330718
              ],
              [
                127.07966752940311,
                37.161685796967554
              ],
              [
                127.0794426144343,
                37.161929228405754
              ],
              [
                127.07856872213056,
                37.16220528484382
              ],
              [
                127.07696611842293,
                37.16226421968924
              ],
              [
                127.0757280860976,
                37.16271509952859
              ],
              [
                127.07590907825586,
                37.163535369183755
              ],
              [
                127.07589798832116,
                37.163706575110076
              ],
              [
                127.07576299947407,
                37.163823796430115
              ],
              [
                127.07337803933181,
                37.165834190753266
              ],
              [
                127.0713026328958,
                37.168235881419776
              ],
              [
                127.07069106198023,
                37.17057502917941
              ],
              [
                127.07058106040326,
                37.173111118717024
              ],
              [
                127.07075603033897,
                37.17397574388626
              ],
              [
                127.07202652062469,
                37.1761449696036
              ],
              [
                127.07210498305804,
                37.17703062882462
              ],
              [
                127.07221902264087,
                37.17894359344165
              ],
              [
                127.0720073308392,
                37.18163208345996
              ],
              [
                127.07173909981847,
                37.18320414840938
              ],
              [
                127.07152549579072,
                37.183752992646056
              ],
              [
                127.07118540167728,
                37.18403256621585
              ],
              [
                127.06878088580712,
                37.18389361481626
              ],
              [
                127.0687719336987,
                37.183893629108155
              ],
              [
                127.06860456386441,
                37.183893994260885
              ],
              [
                127.06642888192398,
                37.18419283967545
              ],
              [
                127.06641369760798,
                37.184201876611255
              ],
              [
                127.06619603043046,
                37.184331494654295
              ],
              [
                127.06607994923151,
                37.1844154720107
              ],
              [
                127.06578486591378,
                37.18483349330717
              ],
              [
                127.0655353879588,
                37.185289783573424
              ],
              [
                127.06518923723704,
                37.18640322233626
              ],
              [
                127.06669991305955,
                37.18834482297757
              ],
              [
                127.06685490619645,
                37.191170365174045
              ],
              [
                127.06644779601528,
                37.191487360235016
              ],
              [
                127.06587237984382,
                37.191939204270966
              ],
              [
                127.06581680759069,
                37.191983838395466
              ],
              [
                127.06571585740822,
                37.1920737190313
              ],
              [
                127.06565624663617,
                37.19213175120621
              ],
              [
                127.06562062802746,
                37.19224413149147
              ],
              [
                127.06541846558925,
                37.19311852517259
              ],
              [
                127.06541832182245,
                37.19316189221315
              ],
              [
                127.06571174622776,
                37.19428268892593
              ],
              [
                127.06570629367599,
                37.19635566426711
              ],
              [
                127.06497498821582,
                37.19774910832752
              ],
              [
                127.0644357635038,
                37.19905046135929
              ],
              [
                127.0643923120876,
                37.19907019922048
              ],
              [
                127.06344114440769,
                37.19918756647145
              ],
              [
                127.06108702936574,
                37.199466674089
              ],
              [
                127.0608056381019,
                37.1994854125496
              ],
              [
                127.06074966477908,
                37.199481493937895
              ],
              [
                127.06058208720627,
                37.19946102442702
              ],
              [
                127.06054186931158,
                37.19945303481867
              ],
              [
                127.06053826421578,
                37.19945231564484
              ],
              [
                127.06051906468292,
                37.19944636815897
              ],
              [
                127.05957480926848,
                37.198733100224615
              ],
              [
                127.0592668558471,
                37.198524018730716
              ],
              [
                127.05809232586562,
                37.19791582151311
              ],
              [
                127.05671928698133,
                37.19728375528983
              ],
              [
                127.0558099660889,
                37.19726518228716
              ],
              [
                127.05559882211648,
                37.19733144238053
              ],
              [
                127.05521573796807,
                37.19741271048642
              ],
              [
                127.05517105036006,
                37.19742146210771
              ],
              [
                127.05505983535471,
                37.19743953318962
              ],
              [
                127.0548896553502,
                37.197457631425415
              ],
              [
                127.05445445379469,
                37.197491335984026
              ],
              [
                127.052322391139,
                37.1971208684628
              ],
              [
                127.05178166963384,
                37.197012973671704
              ],
              [
                127.0517253401567,
                37.196994976711196
              ],
              [
                127.05061549706492,
                37.1964861886272
              ],
              [
                127.0500576581369,
                37.195999600975426
              ],
              [
                127.04956204022334,
                37.19597277211011
              ],
              [
                127.04893130036139,
                37.19598653267307
              ],
              [
                127.0465829349839,
                37.19604601722109
              ],
              [
                127.04647593503881,
                37.19605000470946
              ],
              [
                127.04636329438652,
                37.19605512159697
              ],
              [
                127.04625632198352,
                37.19608669830793
              ],
              [
                127.04520370973462,
                37.196520314209984
              ],
              [
                127.04251667950795,
                37.197644130748195
              ],
              [
                127.04219983422912,
                37.19750969262842
              ],
              [
                127.04207083805385,
                37.19747651723886
              ],
              [
                127.04193090981256,
                37.19745544497131
              ],
              [
                127.04167060036555,
                37.197439197215154
              ],
              [
                127.04147473950725,
                37.19748487428597
              ],
              [
                127.03754003719725,
                37.19930230971414
              ],
              [
                127.03744435868337,
                37.19943749570743
              ],
              [
                127.03705596384941,
                37.199883630488884
              ],
              [
                127.03699383949942,
                37.19990139055122
              ],
              [
                127.03692644482769,
                37.19991971048408
              ],
              [
                127.03680255589065,
                37.19995128459595
              ],
              [
                127.03515793246395,
                37.200139017855264
              ],
              [
                127.02771269254593,
                37.20055241419369
              ],
              [
                127.02722829840124,
                37.20043537544919
              ],
              [
                127.02685655151866,
                37.20033221110279
              ],
              [
                127.02729572939141,
                37.19998484872272
              ],
              [
                127.02736323042342,
                37.19971001489835
              ],
              [
                127.02712662194543,
                37.19951184523365
              ],
              [
                127.02509866658127,
                37.19804805882553
              ],
              [
                127.02505923611331,
                37.19802554051628
              ],
              [
                127.01955078922929,
                37.19592707280124
              ],
              [
                127.01934240618424,
                37.19587304015493
              ],
              [
                127.01671801704076,
                37.19544583517692
              ],
              [
                127.01421187163106,
                37.19505417575221
              ],
              [
                127.01409924116855,
                37.195072208873896
              ],
              [
                127.01387397681158,
                37.19507223212518
              ],
              [
                127.01349101825878,
                37.195018208270504
              ],
              [
                127.00952052779036,
                37.19365753977577
              ],
              [
                127.00832097627332,
                37.1932161020497
              ],
              [
                127.00829282770407,
                37.19320258855167
              ],
              [
                127.00803938960084,
                37.193076455720856
              ],
              [
                127.00796055517444,
                37.19301789219218
              ],
              [
                127.00789296241277,
                37.19296383365334
              ],
              [
                127.007814112945,
                37.19285572155945
              ],
              [
                127.00780285878268,
                37.1928241761239
              ],
              [
                127.00779159212715,
                37.1927881344293
              ],
              [
                127.00778037563757,
                37.192743324979716
              ],
              [
                127.0077803664998,
                37.19263538264587
              ],
              [
                127.00778035089319,
                37.19244616333452
              ],
              [
                127.007791608611,
                37.19239209878743
              ],
              [
                127.0078028686563,
                37.19234704649182
              ],
              [
                127.00784790812507,
                37.19221188769341
              ],
              [
                127.00846163312787,
                37.19114861821387
              ],
              [
                127.00855735374819,
                37.191022467083094
              ],
              [
                127.00909219151752,
                37.189648338178294
              ],
              [
                127.00986344911952,
                37.18766147825491
              ],
              [
                127.0098295746244,
                37.18740876251118
              ],
              [
                127.00978452670398,
                37.187300639137995
              ],
              [
                127.00960993029193,
                37.1870934118241
              ],
              [
                127.00879335034861,
                37.18612934360187
              ],
              [
                127.00859624279322,
                37.18598969356497
              ],
              [
                127.00851177304601,
                37.18593113041856
              ],
              [
                127.0083428377612,
                37.185836530088665
              ],
              [
                127.00741373871172,
                37.18590415966331
              ],
              [
                127.00728985836281,
                37.185913185040484
              ],
              [
                127.00722228853714,
                37.18593119895536
              ],
              [
                127.00594949266767,
                37.18649133562701
              ],
              [
                127.0054203767858,
                37.18549877009088
              ],
              [
                127.00374230108594,
                37.1836516752575
              ],
              [
                127.00254294567289,
                37.18271909920374
              ],
              [
                127.00233706166955,
                37.18240711257081
              ],
              [
                127.00231778196165,
                37.182372331067526
              ],
              [
                127.00233465252057,
                37.18209329870293
              ],
              [
                127.00274005491404,
                37.18180495988933
              ],
              [
                127.00370288903727,
                37.181678798607116
              ],
              [
                127.00426594884493,
                37.181611208428514
              ],
              [
                127.00468261358529,
                37.18157065069926
              ],
              [
                127.00492472652013,
                37.18150757079928
              ],
              [
                127.00507111238015,
                37.18129131485012
              ],
              [
                127.00507111146098,
                37.18128230438994
              ],
              [
                127.00505984208311,
                37.181102095059565
              ],
              [
                127.00505980323669,
                37.18110200565808
              ],
              [
                127.004913432037,
                37.180768712144534
              ],
              [
                127.00475576591498,
                37.18050741251987
              ],
              [
                127.00463188828596,
                37.18036775360168
              ],
              [
                127.0045417951672,
                37.180268640465336
              ],
              [
                127.00251337650081,
                37.1783370537455
              ],
              [
                127.00244721877172,
                37.17829538066605
              ],
              [
                127.00232334978526,
                37.1782187925632
              ],
              [
                127.00209268426262,
                37.17809095323476
              ],
              [
                127.00201930888613,
                37.17805210073546
              ],
              [
                127.00072433409625,
                37.17743488101041
              ],
              [
                127.00038088593855,
                37.17738532076957
              ],
              [
                127.00017238515228,
                37.17737743390091
              ],
              [
                127.00001491606837,
                37.17738531668315
              ],
              [
                126.9997221395996,
                37.17746190114881
              ],
              [
                126.99965457508308,
                37.17748442686046
              ],
              [
                126.9993561649287,
                37.17758804234629
              ],
              [
                126.99924004400248,
                37.177636192454614
              ],
              [
                126.99921540602536,
                37.177646607741956
              ],
              [
                126.99901834215227,
                37.177732203370944
              ],
              [
                126.99895077626621,
                37.177763738231015
              ],
              [
                126.99890907680684,
                37.17781667456618
              ],
              [
                126.99879875088128,
                37.17795746014746
              ],
              [
                126.99877938660931,
                37.17813794887876
              ],
              [
                126.99877622048558,
                37.17821425846984
              ],
              [
                126.99893386124441,
                37.178475565965606
              ],
              [
                126.99924915597165,
                37.178727865722934
              ],
              [
                126.99972632574033,
                37.17900691957952
              ],
              [
                126.9998234496729,
                37.17906126345456
              ],
              [
                127.00009933684339,
                37.1792234558666
              ],
              [
                127.00041449841218,
                37.17965578171571
              ],
              [
                127.00039204807486,
                37.17996189205298
              ],
              [
                126.99982897376086,
                37.18057910341754
              ],
              [
                126.99947425806442,
                37.18070073939216
              ],
              [
                126.99923231474423,
                37.18064670811242
              ],
              [
                126.99923215726275,
                37.18064667229201
              ],
              [
                126.99731219362245,
                37.17948877266598
              ],
              [
                126.9971714377947,
                37.17939415785714
              ],
              [
                126.99716436571858,
                37.17938849946491
              ],
              [
                126.99710387496778,
                37.179340092326676
              ],
              [
                126.99670976990207,
                37.17893010901183
              ],
              [
                126.99512777231647,
                37.17715045588855
              ],
              [
                126.99506023440176,
                37.17697925242068
              ],
              [
                126.99497537548315,
                37.176571667763746
              ],
              [
                126.99497019503663,
                37.17654674432843
              ],
              [
                126.9949251918288,
                37.176010618525346
              ],
              [
                126.9949139516743,
                37.17565019815318
              ],
              [
                126.99498154663068,
                37.175262750678534
              ],
              [
                126.9951448471697,
                37.17494739261254
              ],
              [
                126.99527435144705,
                37.17481674725527
              ],
              [
                126.99752889599613,
                37.17416724287396
              ],
              [
                126.99901841086344,
                37.173771668227154
              ],
              [
                126.99984603181045,
                37.173496863073844
              ],
              [
                127.0014336964137,
                37.17278504564279
              ],
              [
                127.00163638583909,
                37.17264988852513
              ],
              [
                127.00164552858918,
                37.1725504936297
              ],
              [
                127.00170393296901,
                37.17210024826262
              ],
              [
                127.00194601640816,
                37.17170378586815
              ],
              [
                127.00329715944113,
                37.17046032514745
              ],
              [
                127.00585299113943,
                37.168842874982346
              ],
              [
                127.00987812097439,
                37.168081272219055
              ],
              [
                127.01066062055864,
                37.16794156071106
              ],
              [
                127.01219183674867,
                37.16768462467395
              ],
              [
                127.01324454542349,
                37.16753585189302
              ],
              [
                127.0155414059622,
                37.1675085705123
              ],
              [
                127.01747655167375,
                37.167680984761496
              ],
              [
                127.01961148759855,
                37.167098049660716
              ],
              [
                127.02039956610412,
                37.16682309762602
              ],
              [
                127.02144085527594,
                37.1662102126126
              ],
              [
                127.02290427392677,
                37.16534044392196
              ],
              [
                127.02378243643206,
                37.16525468251736
              ],
              [
                127.02469186838222,
                37.16527683415424
              ],
              [
                127.0247000375286,
                37.16527703368015
              ],
              [
                127.02527972160506,
                37.16481738315148
              ],
              [
                127.02650086946504,
                37.1635286287505
              ],
              [
                127.02657470418961,
                37.163429146701006
              ],
              [
                127.02661833438026,
                37.16337035257328
              ],
              [
                127.02991608628797,
                37.1588424043515
              ],
              [
                127.03002854462225,
                37.15852249628172
              ],
              [
                127.030528846153,
                37.15676532396069
              ],
              [
                127.03058293653567,
                37.15640812520582
              ],
              [
                127.03060180304048,
                37.1562834554804
              ],
              [
                127.03060183476222,
                37.15628324287306
              ],
              [
                127.03059277597026,
                37.156261511836234
              ],
              [
                127.03056803327559,
                37.1562021568839
              ],
              [
                127.03055531034315,
                37.15619054859764
              ],
              [
                127.0289635867698,
                37.15546367667377
              ],
              [
                127.02780375725867,
                37.15418905069484
              ],
              [
                127.02771908429024,
                37.15368931440338
              ],
              [
                127.02779759621295,
                37.152860329780246
              ],
              [
                127.02809567462731,
                37.15219798989023
              ],
              [
                127.02811886834287,
                37.15214673243323
              ],
              [
                127.02848378296467,
                37.15145453418421
              ],
              [
                127.02874666695419,
                37.15131058497968
              ],
              [
                127.02876513428507,
                37.15129678568223
              ],
              [
                127.02920398423691,
                37.150850663348045
              ],
              [
                127.02976083064965,
                37.149886405511765
              ],
              [
                127.0312848567484,
                37.14674135878029
              ],
              [
                127.03104774025479,
                37.1448987053086
              ],
              [
                127.0316325645042,
                37.142184926414345
              ],
              [
                127.03215471717864,
                37.14072617539946
              ],
              [
                127.03376297103429,
                37.1376806160088
              ],
              [
                127.0339935714788,
                37.137396720189095
              ],
              [
                127.03570053068775,
                37.13648843280332
              ],
              [
                127.03537722603812,
                37.135891571962865
              ],
              [
                127.03533218766019,
                37.13584652302534
              ],
              [
                127.03526463345615,
                37.13578347830462
              ],
              [
                127.03520834527312,
                37.13574745163759
              ],
              [
                127.02752079066073,
                37.133613458206014
              ],
              [
                127.0246170712445,
                37.133136500294626
              ],
              [
                127.02121818101557,
                37.13205587488127
              ],
              [
                127.02110552713596,
                37.132001803711944
              ],
              [
                127.01919213470947,
                37.13104698578849
              ],
              [
                127.01903454790195,
                37.130947884132816
              ],
              [
                127.01832579912865,
                37.13045262507148
              ],
              [
                127.01833677523808,
                37.13044383310428
              ],
              [
                127.01837054339971,
                37.13042580770578
              ],
              [
                127.01837027747972,
                37.13042548842611
              ],
              [
                127.01834801944125,
                37.13039877922613
              ],
              [
                127.0182129520923,
                37.13029067179745
              ],
              [
                127.01757144033263,
                37.13002944525303
              ],
              [
                127.01694120602532,
                37.12986734827263
              ],
              [
                127.01335113588188,
                37.129065400137975
              ],
              [
                127.00853464807251,
                37.12828228622453
              ],
              [
                127.00571004898165,
                37.128021113979266
              ],
              [
                127.00399948512403,
                37.12789458423883
              ],
              [
                127.00311048826896,
                37.127939661217965
              ],
              [
                127.00213144263975,
                37.12799372448011
              ],
              [
                127.00188386991654,
                37.12801175569804
              ],
              [
                127.00142248525192,
                37.12801174696693
              ],
              [
                127.0011220564412,
                37.127869172879755
              ],
              [
                126.99772027700064,
                37.1255247718361
              ],
              [
                126.99770568283417,
                37.12550928229505
              ],
              [
                126.99761901771433,
                37.125416641783666
              ],
              [
                126.99754024098004,
                37.125326534264374
              ],
              [
                126.99742773126012,
                37.124957105732925
              ],
              [
                126.99743900599272,
                37.124560641137656
              ],
              [
                126.99760450698612,
                37.12431328325203
              ],
              [
                126.99875078160315,
                37.123151382986684
              ],
              [
                126.99885708256376,
                37.11977649287247
              ],
              [
                126.99551331685656,
                37.11671432685867
              ],
              [
                126.99535938870685,
                37.11665887652591
              ],
              [
                126.9953592876443,
                37.11665884003912
              ],
              [
                126.99535788107858,
                37.11665826435754
              ],
              [
                126.9952791257099,
                37.11658619265837
              ],
              [
                126.99522287482871,
                37.11651410494705
              ],
              [
                126.99512161198163,
                37.11634288976291
              ],
              [
                126.99508786444876,
                37.11627080406441
              ],
              [
                126.99507674223102,
                37.11624404414626
              ],
              [
                126.99517798805306,
                37.11592883917346
              ],
              [
                126.99530175823104,
                37.115748643073104
              ],
              [
                126.99541428512477,
                37.115595459488055
              ],
              [
                126.99557181937782,
                37.11543328546459
              ],
              [
                126.99561682668782,
                37.11538822586881
              ],
              [
                126.99586437246104,
                37.11519000632137
              ],
              [
                126.9960669054363,
                37.115081887960066
              ],
              [
                126.99624694287687,
                37.11501882198751
              ],
              [
                126.99718079790286,
                37.11477557459935
              ],
              [
                126.9974283414173,
                37.11471251005095
              ],
              [
                126.99754085629702,
                37.11469449168054
              ],
              [
                126.99763086768601,
                37.11469449451296
              ],
              [
                126.99782212726385,
                37.11470351124807
              ],
              [
                126.99793465174419,
                37.11472152755037
              ],
              [
                126.99801340879213,
                37.11473955943079
              ],
              [
                126.99805841424768,
                37.11475759079809
              ],
              [
                126.99822718822927,
                37.11491075807431
              ],
              [
                126.99828336516055,
                37.11507278194869
              ],
              [
                126.99828335694349,
                37.11527976143767
              ],
              [
                126.99828339462647,
                37.11543338270075
              ],
              [
                126.99831712056508,
                37.11579336883042
              ],
              [
                126.9988796399869,
                37.11575734563289
              ],
              [
                126.99877842898464,
                37.11502748662342
              ],
              [
                126.99869968000863,
                37.11475717688864
              ],
              [
                126.99867717998967,
                37.11468508114768
              ],
              [
                126.9986546894361,
                37.114631018269705
              ],
              [
                126.99855342324146,
                37.11445080439108
              ],
              [
                126.99839591176804,
                37.114279599205105
              ],
              [
                126.99822715921253,
                37.11418048656467
              ],
              [
                126.99813713885409,
                37.114153453384574
              ],
              [
                126.99801433278678,
                37.1141266148531
              ],
              [
                126.99801337741161,
                37.11412640889093
              ],
              [
                126.99746206540455,
                37.11413540059603
              ],
              [
                126.99613441203601,
                37.11424347584275
              ],
              [
                126.99597690495698,
                37.114270500573404
              ],
              [
                126.99580813401967,
                37.114306543637014
              ],
              [
                126.99542557075691,
                37.11440563136654
              ],
              [
                126.99522304414681,
                37.114459685352394
              ],
              [
                126.99458170089898,
                37.114666892885026
              ],
              [
                126.99455919699122,
                37.11467590125179
              ],
              [
                126.9945317782928,
                37.11467872117369
              ],
              [
                126.99446918764876,
                37.11468490755052
              ],
              [
                126.99431166917681,
                37.114666875445444
              ],
              [
                126.99425541586255,
                37.1146398418174
              ],
              [
                126.99423327596465,
                37.114613240339445
              ],
              [
                126.99423292653472,
                37.11461280797206
              ],
              [
                126.99421051669373,
                37.114540997528856
              ],
              [
                126.99423299781678,
                37.11439698587446
              ],
              [
                126.99443558415591,
                37.11371219505099
              ],
              [
                126.99450310664531,
                37.11354999910657
              ],
              [
                126.9953583410847,
                37.11171189573557
              ],
              [
                126.99541460308433,
                37.111639814549946
              ],
              [
                126.99556086803022,
                37.11157674825088
              ],
              [
                126.99563962632897,
                37.11154972080688
              ],
              [
                126.99769854763922,
                37.11100015899566
              ],
              [
                126.99800227308435,
                37.110919086494704
              ],
              [
                126.99842979660828,
                37.1110448009232
              ],
              [
                126.99882356595954,
                37.11127007502257
              ],
              [
                126.99899009608389,
                37.11140345291608
              ],
              [
                126.99904857624577,
                37.11145029062864
              ],
              [
                126.99905313235612,
                37.11145303035356
              ],
              [
                126.99909357925199,
                37.11147732314269
              ],
              [
                126.99916108315598,
                37.111513358486555
              ],
              [
                126.99932985391787,
                37.111594466813045
              ],
              [
                126.99948734444463,
                37.111630501526335
              ],
              [
                126.99980238173116,
                37.111540420150305
              ],
              [
                127.00007240267084,
                37.11142328591935
              ],
              [
                127.00020742871709,
                37.11113494754265
              ],
              [
                127.00029743044296,
                37.11077451684486
              ],
              [
                127.0003536885572,
                37.11048617799168
              ],
              [
                127.00035369345375,
                37.11026117718017
              ],
              [
                127.000353692932,
                37.110260913964275
              ],
              [
                127.00028689949933,
                37.11007366421436
              ],
              [
                127.00028617981248,
                37.11007168257133
              ],
              [
                127.00015118466942,
                37.109972573367266
              ],
              [
                126.99992617414178,
                37.10990049377469
              ],
              [
                126.99941989647009,
                37.10988245642191
              ],
              [
                126.99710233511146,
                37.1098377807152
              ],
              [
                126.99678732646822,
                37.109909835756675
              ],
              [
                126.99653979469262,
                37.110026973298375
              ],
              [
                126.99635977484247,
                37.110162124367385
              ],
              [
                126.99625851460759,
                37.110234204154374
              ],
              [
                126.9960560047142,
                37.11020716286311
              ],
              [
                126.99597725051622,
                37.110189138711476
              ],
              [
                126.99578600919327,
                37.110071992382224
              ],
              [
                126.9956847504529,
                37.10997286202077
              ],
              [
                126.99564011139995,
                37.10991570441679
              ],
              [
                126.99562850281858,
                37.10990078346439
              ],
              [
                126.99562532982918,
                37.1098948710964
              ],
              [
                126.99556099871013,
                37.10977463148574
              ],
              [
                126.99550476436954,
                37.109657491106255
              ],
              [
                126.99530229950152,
                37.10909883280834
              ],
              [
                126.99530223934666,
                37.109098399872245
              ],
              [
                126.99530224383258,
                37.109035307929716
              ],
              [
                126.99606739058152,
                37.10746752069127
              ],
              [
                126.99622490424075,
                37.107296327656634
              ],
              [
                126.99643866685665,
                37.10717919872016
              ],
              [
                126.99659440676211,
                37.10711373387564
              ],
              [
                126.99661228589288,
                37.10710625590648
              ],
              [
                126.996719929787,
                37.10706206386111
              ],
              [
                126.99694493689985,
                37.10698998768451
              ],
              [
                126.9970912030268,
                37.106953960132124
              ],
              [
                126.99730494630089,
                37.10691791561719
              ],
              [
                126.99741744964372,
                37.10689989905747
              ],
              [
                126.99782245446633,
                37.10690892372649
              ],
              [
                126.99799121463226,
                37.10675574840008
              ],
              [
                126.99816103495714,
                37.10651274567742
              ],
              [
                126.99821621616839,
                37.10623329286763
              ],
              [
                126.99777769726349,
                37.10216934938416
              ],
              [
                126.99713664829173,
                37.09900660500117
              ],
              [
                126.99699060150643,
                37.09682646739983
              ],
              [
                126.99700187078258,
                37.096475053853894
              ],
              [
                126.99709187945611,
                37.096330887707495
              ],
              [
                126.99728310771542,
                37.09608760876096
              ],
              [
                126.9976205833244,
                37.09571818442448
              ],
              [
                126.99773306272803,
                37.09561006154585
              ],
              [
                126.99792430643097,
                37.09542985567372
              ],
              [
                126.99816053642274,
                37.095168553514334
              ],
              [
                126.9982280358074,
                37.09498834441646
              ],
              [
                126.99837428265073,
                37.094528806752606
              ],
              [
                126.9984417889367,
                37.09415036375738
              ],
              [
                126.9984418051803,
                37.094006193552744
              ],
              [
                126.99843055439514,
                37.09378992976268
              ],
              [
                126.99840807042071,
                37.09346555631427
              ],
              [
                126.99834053567687,
                37.093113706313744
              ],
              [
                126.99817640411642,
                37.0928681629588
              ],
              [
                126.998171824947,
                37.092861413584615
              ],
              [
                126.99810223667063,
                37.09280565295413
              ],
              [
                126.99803685378093,
                37.09275327237747
              ],
              [
                126.99797252691477,
                37.09271412907093
              ],
              [
                126.99771066826051,
                37.092555030272734
              ],
              [
                126.9971370375625,
                37.09222161787597
              ],
              [
                126.99693458120677,
                37.09210447250249
              ],
              [
                126.99674337120472,
                37.09200535602388
              ],
              [
                126.99665371631023,
                37.091969292834094
              ],
              [
                126.9963497038563,
                37.09183412957634
              ],
              [
                126.99603671308755,
                37.091610264672724
              ],
              [
                126.99603477804413,
                37.09160885023514
              ],
              [
                126.99594480111509,
                37.09152774932489
              ],
              [
                126.99584357780968,
                37.091419617445375
              ],
              [
                126.9957423596804,
                37.09125742196677
              ],
              [
                126.99567489421192,
                37.091113248697
              ],
              [
                126.99561865532705,
                37.090969085275425
              ],
              [
                126.99540498802504,
                37.09040139797101
              ],
              [
                126.9953932582508,
                37.090329852867896
              ],
              [
                126.99537126657832,
                37.09019414972577
              ],
              [
                126.99536002573072,
                37.09009503407409
              ],
              [
                126.99538254064417,
                37.089860758968825
              ],
              [
                126.99540504354152,
                37.08977966384896
              ],
              [
                126.99541629143853,
                37.08975263305999
              ],
              [
                126.99556252670176,
                37.08954539500065
              ],
              [
                126.99601245558796,
                37.089383227019454
              ],
              [
                126.99658608968882,
                37.0892661126421
              ],
              [
                126.99740715075548,
                37.08903186909206
              ],
              [
                126.99759837247657,
                37.0889597995362
              ],
              [
                126.99772209886179,
                37.08887869824847
              ],
              [
                126.99963421665801,
                37.087184746884176
              ],
              [
                126.99974669059745,
                37.0870766218682
              ],
              [
                126.9998929085472,
                37.086932454231224
              ],
              [
                126.99999413662461,
                37.0867972966319
              ],
              [
                127.00010661051459,
                37.08664412548734
              ],
              [
                127.00018534572631,
                37.086418851657925
              ],
              [
                127.00023035002572,
                37.08612150227828
              ],
              [
                127.00021914337023,
                37.08602280900998
              ],
              [
                127.00016294188332,
                37.08576150096292
              ],
              [
                127.00006164339497,
                37.085481745412196
              ],
              [
                126.99992668690216,
                37.08521142453897
              ],
              [
                126.99989294507102,
                37.08516637168468
              ],
              [
                126.99979178667049,
                37.08503165504198
              ],
              [
                126.99966807402393,
                37.08487846319689
              ],
              [
                126.99963328893732,
                37.08485283688802
              ],
              [
                126.99939815420711,
                37.084680224948585
              ],
              [
                126.99928568581001,
                37.084626158906495
              ],
              [
                126.9990719984584,
                37.084545058945274
              ],
              [
                126.9988920614634,
                37.08450901358925
              ],
              [
                126.99880207504113,
                37.084490988930376
              ],
              [
                126.99856589071791,
                37.08452702723922
              ],
              [
                126.9984084320016,
                37.0845720751363
              ],
              [
                126.9980035354657,
                37.08478832007128
              ],
              [
                126.99792480507554,
                37.084833370615534
              ],
              [
                126.99758736811032,
                37.08542806088068
              ],
              [
                126.99753112211756,
                37.085626291926594
              ],
              [
                126.99747485777878,
                37.08595968362965
              ],
              [
                126.99746361517997,
                37.08609484363078
              ],
              [
                126.99739612593255,
                37.086229999638924
              ],
              [
                126.99715991669683,
                37.08656338380635
              ],
              [
                126.99700244443329,
                37.08677062318643
              ],
              [
                126.99696870106668,
                37.08680666487482
              ],
              [
                126.99660876900045,
                37.08716707495817
              ],
              [
                126.99648504422524,
                37.087221133417884
              ],
              [
                126.99591142173924,
                37.08741033130295
              ],
              [
                126.99566397627514,
                37.08747338465694
              ],
              [
                126.99340323749661,
                37.08777961288955
              ],
              [
                126.99228973493113,
                37.087905687697116
              ],
              [
                126.99174986041781,
                37.087923676089844
              ],
              [
                126.99169362277283,
                37.08792366131811
              ],
              [
                126.99137870186037,
                37.087896604420315
              ],
              [
                126.99111790050571,
                37.08786899108393
              ],
              [
                126.99078260656036,
                37.08778842343955
              ],
              [
                126.99072638612996,
                37.08775238574526
              ],
              [
                126.99064765238087,
                37.087698305867654
              ],
              [
                126.99061831123866,
                37.08767155010177
              ],
              [
                126.99056893128531,
                37.08762621291986
              ],
              [
                126.990516047229,
                37.087535542683234
              ],
              [
                126.99049021848336,
                37.087491045806736
              ],
              [
                126.99049015831122,
                37.087490621880896
              ],
              [
                126.9904789613684,
                37.08713919760966
              ],
              [
                126.99051275189267,
                37.08687789224582
              ],
              [
                126.99081673043757,
                37.086022066322826
              ],
              [
                126.99087284822131,
                37.08590521277937
              ],
              [
                126.99109784516908,
                37.08549975337277
              ],
              [
                126.9911428440411,
                37.08541866179432
              ],
              [
                126.99131158773399,
                37.08512131668411
              ],
              [
                126.99177281269729,
                37.08433744127589
              ],
              [
                126.99218900969726,
                37.08381485700368
              ],
              [
                126.99227899794805,
                37.083706738297224
              ],
              [
                126.99233523867967,
                37.08365267748122
              ],
              [
                126.99250394129537,
                37.08353555319067
              ],
              [
                126.99280763723229,
                37.08333734094162
              ],
              [
                126.99460726788088,
                37.08153533477034
              ],
              [
                126.99503466944662,
                37.081093838264316
              ],
              [
                126.9950909064124,
                37.08103076548498
              ],
              [
                126.99531585708289,
                37.080742437093036
              ],
              [
                126.9955070637572,
                37.08049014055555
              ],
              [
                126.99568702285497,
                37.08023786077173
              ],
              [
                126.99575451977879,
                37.08012071782317
              ],
              [
                126.99613691998574,
                37.07939089196438
              ],
              [
                126.99615943016525,
                37.07930077695595
              ],
              [
                126.99626066418122,
                37.078850251115206
              ],
              [
                126.99627192802151,
                37.07876014419806
              ],
              [
                126.99627193571337,
                37.0786520169329
              ],
              [
                126.99626070069947,
                37.078489834153594
              ],
              [
                126.9961933844888,
                37.07790651604047
              ],
              [
                126.99591208325138,
                37.07757069511101
              ],
              [
                126.99582217989837,
                37.07752566737084
              ],
              [
                126.99539485433105,
                37.07732741231039
              ],
              [
                126.99486629285838,
                37.077309362266746
              ],
              [
                126.99482132109542,
                37.077309360025325
              ],
              [
                126.9948100742202,
                37.07730935899483
              ],
              [
                126.99477634820762,
                37.077309357762054
              ],
              [
                126.99350556217287,
                37.077318288436345
              ],
              [
                126.99279708343136,
                37.07736329217362
              ],
              [
                126.99253841311526,
                37.07740832587799
              ],
              [
                126.99224602728225,
                37.0774623587035
              ],
              [
                126.99195361891617,
                37.07750739812994
              ],
              [
                126.99180740926727,
                37.07752540773762
              ],
              [
                126.99172871190859,
                37.077534411043224
              ],
              [
                126.9915712440004,
                37.077552418986656
              ],
              [
                126.99151502632621,
                37.07755241415634
              ],
              [
                126.99126761793153,
                37.077552393450894
              ],
              [
                126.99116641711895,
                37.07755238480003
              ],
              [
                126.99095274844045,
                37.077534344540474
              ],
              [
                126.99089985121864,
                37.07751828312976
              ],
              [
                126.99071658539614,
                37.077462239212764
              ],
              [
                126.99069409456322,
                37.07745321676247
              ],
              [
                126.99062661592146,
                37.07739915539546
              ],
              [
                126.9906009928395,
                37.07737183324162
              ],
              [
                126.99059289706328,
                37.077363101557495
              ],
              [
                126.9904804555497,
                37.07723695141854
              ],
              [
                126.9904579694012,
                37.077209926657055
              ],
              [
                126.99041581023437,
                37.07711343586548
              ],
              [
                126.99040172715073,
                37.07687608247933
              ],
              [
                126.9904129926348,
                37.076822020355344
              ],
              [
                126.99059743127086,
                37.07646705223528
              ],
              [
                126.99243754029284,
                37.07414604040285
              ],
              [
                126.99249376406036,
                37.07408297051827
              ],
              [
                126.99253874950718,
                37.074037920625955
              ],
              [
                126.99278618372877,
                37.073803653773545
              ],
              [
                126.99289863684022,
                37.073704543699776
              ],
              [
                126.9931235565833,
                37.07356940119134
              ],
              [
                126.99343844159065,
                37.073398221451285
              ],
              [
                126.99376455769766,
                37.07323605073973
              ],
              [
                126.99413567472722,
                37.07310091540765
              ],
              [
                126.99440556527829,
                37.07301983482405
              ],
              [
                126.99461922642983,
                37.07299281572554
              ],
              [
                126.99532769747937,
                37.07281264165357
              ],
              [
                126.99592368868583,
                37.07264147013331
              ],
              [
                126.9962048117977,
                37.072560386299486
              ],
              [
                126.996306021609,
                37.07250632696289
              ],
              [
                126.99685706129489,
                37.072163945581316
              ],
              [
                126.99699201249075,
                37.07198374670677
              ],
              [
                126.99701450540779,
                37.07194769685554
              ],
              [
                126.99714946024106,
                37.07167738260369
              ],
              [
                126.99723943119392,
                37.07147915087285
              ],
              [
                126.99725068227308,
                37.07137102335226
              ],
              [
                126.9972731959246,
                37.07096554532855
              ],
              [
                126.99727319857723,
                37.07092049223847
              ],
              [
                126.99727320016316,
                37.07086673861254
              ],
              [
                126.99727319990063,
                37.070866437536274
              ],
              [
                126.9971720232581,
                37.070605115328405
              ],
              [
                126.99710455141901,
                37.07045193177481
              ],
              [
                126.99705307753489,
                37.07036941904526
              ],
              [
                126.99703709055886,
                37.0703438013319
              ],
              [
                126.99687967448789,
                37.07013655108802
              ],
              [
                126.99658732554576,
                37.06992929413131
              ],
              [
                126.99620503341602,
                37.069685990578925
              ],
              [
                126.9958603166347,
                37.069543498367096
              ],
              [
                126.99585247974368,
                37.06955109109479
              ],
              [
                126.99483315122214,
                37.06992920808891
              ],
              [
                126.98635091701387,
                37.0711723054224
              ],
              [
                126.98473503509656,
                37.071631223920505
              ],
              [
                126.98304832096265,
                37.07151383455879
              ],
              [
                126.98248991918794,
                37.07146877491008
              ],
              [
                126.97895529261007,
                37.07108061581235
              ],
              [
                126.97644778365301,
                37.0707827626018
              ],
              [
                126.97560444899864,
                37.07070148515129
              ],
              [
                126.97483975350904,
                37.07087251802199
              ],
              [
                126.97418743488987,
                37.0711697302923
              ],
              [
                126.97392862516634,
                37.07169227891123
              ],
              [
                126.97379364203842,
                37.07178235234599
              ],
              [
                126.97348996782114,
                37.07194447393607
              ],
              [
                126.971240638622,
                37.07277289982913
              ],
              [
                126.97013851541232,
                37.073042933021995
              ],
              [
                126.96962120817064,
                37.07311488093832
              ],
              [
                126.96935129839686,
                37.07315085101524
              ],
              [
                126.96913764282561,
                37.073168813980644
              ],
              [
                126.96899148065555,
                37.073087688045526
              ],
              [
                126.96827209151746,
                37.072393668306745
              ],
              [
                126.96729429826881,
                37.07122199620034
              ],
              [
                126.96722690938968,
                37.07111388533385
              ],
              [
                126.96722688826887,
                37.07111384918213
              ],
              [
                126.96662028360926,
                37.069735043574426
              ],
              [
                126.96632826088135,
                37.06914069199555
              ],
              [
                126.9646534451317,
                37.067842649740385
              ],
              [
                126.96392263567404,
                37.06768923990039
              ],
              [
                126.96285436596338,
                37.06779701544705
              ],
              [
                126.96148234840342,
                37.06818402700452
              ],
              [
                126.95753529614274,
                37.068642173378265
              ],
              [
                126.95717552283519,
                37.06853391096669
              ],
              [
                126.95604002913491,
                37.068200087868654
              ],
              [
                126.95596131635878,
                37.06820005679453
              ],
              [
                126.95345283641889,
                37.06824390109925
              ],
              [
                126.95257661800707,
                37.06828837950318
              ],
              [
                126.95185682109103,
                37.06852235721498
              ],
              [
                126.95120448529768,
                37.06875635962813
              ],
              [
                126.95109199170246,
                37.068828388175106
              ],
              [
                126.9508895598754,
                37.06889137639733
              ],
              [
                126.950653395486,
                37.06891831526704
              ],
              [
                126.9494502778111,
                37.06884570925672
              ],
              [
                126.94939407345811,
                37.06883667394003
              ],
              [
                126.94904562665513,
                37.06877345825242
              ],
              [
                126.94838297384965,
                37.06759319286089
              ],
              [
                126.94758591182699,
                37.06579070281098
              ],
              [
                126.94737265949962,
                37.065231944169966
              ],
              [
                126.94731656612157,
                37.06506971902272
              ],
              [
                126.94723804518468,
                37.06480838260572
              ],
              [
                126.94714864666126,
                37.06410544127643
              ],
              [
                126.94803754155963,
                37.06311474291823
              ],
              [
                126.94791483589512,
                37.061745067056115
              ],
              [
                126.9450481860612,
                37.06114904314991
              ],
              [
                126.94394648301214,
                37.06095027028526
              ],
              [
                126.94034880818805,
                37.06069617304918
              ],
              [
                126.94002274442236,
                37.06070501415741
              ],
              [
                126.93442268833729,
                37.06168414167531
              ],
              [
                126.93218469329538,
                37.062304591095
              ],
              [
                126.93157727326127,
                37.06258356450278
              ],
              [
                126.93150977951193,
                37.06261956743426
              ],
              [
                126.93149849301935,
                37.062709431007406
              ],
              [
                126.93171162696545,
                37.063133161096154
              ],
              [
                126.93175637075315,
                37.063457704049
              ],
              [
                126.93175628804416,
                37.063547811504726
              ],
              [
                126.93106886292126,
                37.06523239644322
              ],
              [
                126.9304005523754,
                37.06673734428385
              ],
              [
                126.929695081728,
                37.06736709691126
              ],
              [
                126.92849124072451,
                37.06809622351523
              ],
              [
                126.92780537269817,
                37.06804173788154
              ],
              [
                126.9274343869142,
                37.067969420574684
              ],
              [
                126.92393877231032,
                37.06659756729541
              ],
              [
                126.9227024704854,
                37.066056114074804
              ],
              [
                126.92261538971444,
                37.065986224081506
              ],
              [
                126.92244407101391,
                37.065848687858164
              ],
              [
                126.92241045023854,
                37.06574054661983
              ],
              [
                126.92001617797726,
                37.06508115748893
              ],
              [
                126.91495572497499,
                37.06565424560029
              ],
              [
                126.91458449689249,
                37.06580715542289
              ],
              [
                126.91332407375778,
                37.06674333376064
              ],
              [
                126.91303139538765,
                37.06696794566632
              ],
              [
                126.91286247947916,
                37.067184074184006
              ],
              [
                126.91288455950249,
                37.06753550637588
              ],
              [
                126.91288416103085,
                37.06787791044104
              ],
              [
                126.91276026342841,
                37.06804902024623
              ],
              [
                126.91215262192073,
                37.06843602214966
              ],
              [
                126.91151131319857,
                37.06875090887707
              ],
              [
                126.91051041249047,
                37.0688762858767
              ],
              [
                126.91031922269298,
                37.06889416980427
              ],
              [
                126.90896973666251,
                37.06901927503361
              ],
              [
                126.90869022201379,
                37.06899867360002
              ],
              [
                126.90823885209757,
                37.06900068901443
              ],
              [
                126.90624830653523,
                37.06921535358425
              ],
              [
                126.90609082597753,
                37.069251270956876
              ],
              [
                126.90582085523964,
                37.06933214903612
              ],
              [
                126.90569709528357,
                37.069386112640736
              ],
              [
                126.90557332549875,
                37.069449096565826
              ],
              [
                126.905302794942,
                37.06997148475378
              ],
              [
                126.90505332351916,
                37.071674730979
              ],
              [
                126.90525460640407,
                37.07252145856824
              ],
              [
                126.90529838002107,
                37.073476621841806
              ],
              [
                126.90455630909493,
                37.073376982483126
              ],
              [
                126.90450010646508,
                37.073367852899324
              ],
              [
                126.90397195302992,
                37.07307006754382
              ],
              [
                126.90391244104104,
                37.07303650883933
              ],
              [
                126.90347753815024,
                37.072790322846885
              ],
              [
                126.9019830880279,
                37.0719421075739
              ],
              [
                126.90171437913138,
                37.07105924448951
              ],
              [
                126.90140071903195,
                37.070148906661466
              ],
              [
                126.90137810311228,
                37.07011706979697
              ],
              [
                126.9013558248429,
                37.070085785399066
              ],
              [
                126.89708491141188,
                37.068568323629734
              ],
              [
                126.89145352986426,
                37.06705801760569
              ],
              [
                126.89109377943015,
                37.067012630177885
              ],
              [
                126.89061035466227,
                37.06695811498634
              ],
              [
                126.88949734694535,
                37.066839930720086
              ],
              [
                126.88895770418446,
                37.06678535741505
              ],
              [
                126.88880029888767,
                37.06677619661163
              ],
              [
                126.88549459594141,
                37.0667099348593
              ],
              [
                126.88374009654785,
                37.06698753135508
              ],
              [
                126.8835870864215,
                37.064167489293204
              ],
              [
                126.88320620744392,
                37.063257034272084
              ],
              [
                126.8817723392416,
                37.05986758965186
              ],
              [
                126.88061733545976,
                37.057947147979824
              ],
              [
                126.87872232112765,
                37.05481849292695
              ],
              [
                126.87787017277007,
                37.053420954536044
              ],
              [
                126.8774440856876,
                37.052726699017065
              ],
              [
                126.87395547117491,
                37.048127557079276
              ],
              [
                126.87112898910851,
                37.04440307467477
              ],
              [
                126.86955916029632,
                37.04214867012813
              ],
              [
                126.8660836560822,
                37.03703569489165
              ],
              [
                126.86385283627453,
                37.03376224669788
              ],
              [
                126.86183498535411,
                37.030969846563835
              ],
              [
                126.86182734317678,
                37.03095923988643
              ],
              [
                126.86148734140671,
                37.03048859702555
              ],
              [
                126.8591108284253,
                37.02720587327403
              ],
              [
                126.85659964652783,
                37.0239319476029
              ],
              [
                126.85479463125046,
                37.02169507283474
              ],
              [
                126.85443198794842,
                37.021366859977725
              ],
              [
                126.85434592292529,
                37.021289036060544
              ],
              [
                126.8511440152559,
                37.01839821566521
              ],
              [
                126.85113771184774,
                37.01839256713101
              ],
              [
                126.84458134518137,
                37.015428571239035
              ],
              [
                126.84365237524331,
                37.01501031440447
              ],
              [
                126.84317665921358,
                37.014796236288646
              ],
              [
                126.84211159206082,
                37.01431696290095
              ],
              [
                126.83437160773389,
                37.01342326433154
              ],
              [
                126.83151766251696,
                37.01338316953993
              ],
              [
                126.8166969268781,
                37.0133790399667
              ],
              [
                126.81394401113857,
                37.013383731855
              ],
              [
                126.81262065384261,
                37.01340911333192
              ],
              [
                126.81077523586092,
                37.013432748261295
              ],
              [
                126.80373005020112,
                37.01343022831729
              ],
              [
                126.79771019882503,
                37.01342004625749
              ],
              [
                126.79763313923537,
                37.01413102856634
              ],
              [
                126.79750870015961,
                37.01615849749119
              ],
              [
                126.79724642076606,
                37.01683466947844
              ],
              [
                126.79710708552075,
                37.017079029149016
              ],
              [
                126.79708732367727,
                37.01711170401183
              ],
              [
                126.7970549317586,
                37.01715590355129
              ],
              [
                126.79550503067104,
                37.02099601546436
              ],
              [
                126.79522122309055,
                37.0250004252423
              ],
              [
                126.79519036951567,
                37.02541061354141
              ],
              [
                126.79517360268372,
                37.02562864501217
              ],
              [
                126.79459718272282,
                37.02647538334395
              ],
              [
                126.78964050522295,
                37.02964222787319
              ],
              [
                126.78942345244185,
                37.02970645062931
              ],
              [
                126.78937119823452,
                37.029716422890736
              ],
              [
                126.78933969014113,
                37.02971803342158
              ],
              [
                126.78756297021951,
                37.029808534560175
              ],
              [
                126.77766790208798,
                37.02975674069366
              ],
              [
                126.76920792813635,
                37.02961364509676
              ],
              [
                126.76375601582434,
                37.02958353382403
              ],
              [
                126.75226650765337,
                37.029613153270375
              ],
              [
                126.75215544465668,
                37.02961699288109
              ],
              [
                126.7509237289446,
                37.02968189400268
              ],
              [
                126.75061902113406,
                37.029705700064774
              ],
              [
                126.75057713756303,
                37.029711505684716
              ],
              [
                126.75027458059735,
                37.029792705048436
              ],
              [
                126.75021413553777,
                37.0298147702041
              ],
              [
                126.75002068386445,
                37.029899218316
              ],
              [
                126.75000000619677,
                37.02990921233589
              ],
              [
                126.7496194652362,
                37.03009512145217
              ],
              [
                126.749432376462,
                37.03021675081573
              ],
              [
                126.74921928196423,
                37.03041669990073
              ],
              [
                126.7490073196548,
                37.0306580992972
              ],
              [
                126.74889293136549,
                37.03083868624149
              ],
              [
                126.74876984901444,
                37.03112613867171
              ],
              [
                126.74869467953027,
                37.031397007200525
              ],
              [
                126.74867892860675,
                37.031731891934086
              ],
              [
                126.74870094424114,
                37.032811165792886
              ],
              [
                126.7488041652569,
                37.03321038062018
              ],
              [
                126.74880893870807,
                37.03436801873699
              ],
              [
                126.74880484690877,
                37.03501626974216
              ],
              [
                126.74879831829345,
                37.035166069013826
              ],
              [
                126.74268438138724,
                37.03800103405739
              ]
            ],
            [
              [
                126.77089097519695,
                37.06438743816133
              ],
              [
                126.76952810189,
                37.06439611327025
              ],
              [
                126.76744142040104,
                37.06433025603487
              ],
              [
                126.76631940792288,
                37.0641012836004
              ],
              [
                126.76527380626864,
                37.06360653080426
              ],
              [
                126.76515355215457,
                37.06355599544691
              ],
              [
                126.76477464532098,
                37.063449500063925
              ],
              [
                126.76413078410931,
                37.063275885063696
              ],
              [
                126.76389777333547,
                37.063213911250784
              ],
              [
                126.76324278023311,
                37.063045684922656
              ],
              [
                126.76317847953129,
                37.06303815715325
              ],
              [
                126.76312481289985,
                37.06306677535763
              ],
              [
                126.76163737258706,
                37.06812502254297
              ],
              [
                126.76376503712451,
                37.06859456991472
              ],
              [
                126.7645052585224,
                37.06875791708407
              ],
              [
                126.76454038503046,
                37.069152517054434
              ],
              [
                126.76452929241336,
                37.069219273546345
              ],
              [
                126.76396458101809,
                37.070386848799075
              ],
              [
                126.76325964211456,
                37.07522785196323
              ],
              [
                126.76324744671548,
                37.07537290697728
              ],
              [
                126.76325698472037,
                37.075606112555654
              ],
              [
                126.7634819790368,
                37.07920617744258
              ],
              [
                126.76480664631049,
                37.081674716355344
              ],
              [
                126.76510435215204,
                37.08423077136257
              ],
              [
                126.7651704259645,
                37.085148002740496
              ],
              [
                126.76580711685749,
                37.08899793160806
              ],
              [
                126.7669733303627,
                37.09259165885654
              ],
              [
                126.76825835363316,
                37.09483609960274
              ],
              [
                126.76846623199187,
                37.09531797161713
              ],
              [
                126.77026278548426,
                37.09959318049387
              ],
              [
                126.77080967207792,
                37.10160387496698
              ],
              [
                126.7699914139285,
                37.103978090046766
              ],
              [
                126.76965624288593,
                37.10414349122358
              ],
              [
                126.7688512372146,
                37.10332977325064
              ],
              [
                126.7686577034695,
                37.1032582825808
              ],
              [
                126.76817581343232,
                37.10332483307515
              ],
              [
                126.76753855213879,
                37.10351985495327
              ],
              [
                126.76658989883981,
                37.10382424082094
              ],
              [
                126.76639730321895,
                37.10393376919181
              ],
              [
                126.76610438985449,
                37.10423011309821
              ],
              [
                126.76541433144243,
                37.10498347590146
              ],
              [
                126.76276925429602,
                37.10802011316015
              ],
              [
                126.75896345186311,
                37.11076004366803
              ],
              [
                126.7582866421043,
                37.11142173558542
              ],
              [
                126.7585302731671,
                37.11276313335361
              ],
              [
                126.75871871465573,
                37.11356538673919
              ],
              [
                126.75972180462013,
                37.11632722525554
              ],
              [
                126.76004036151015,
                37.11710531423598
              ],
              [
                126.76019207685634,
                37.1174751283958
              ],
              [
                126.76026848914816,
                37.11765809813378
              ],
              [
                126.76040940956676,
                37.11792680080822
              ],
              [
                126.7604480533751,
                37.11798242055695
              ],
              [
                126.76545900852594,
                37.12411476367853
              ],
              [
                126.76863285535697,
                37.12709986977072
              ],
              [
                126.76865286226084,
                37.127117994230055
              ],
              [
                126.76885829832999,
                37.1272765311324
              ],
              [
                126.77144881721213,
                37.12914726391026
              ],
              [
                126.77213210128673,
                37.129233782903604
              ],
              [
                126.77202269254202,
                37.128548913432525
              ],
              [
                126.77194379219175,
                37.12786785300687
              ],
              [
                126.7721345514841,
                37.12749331220199
              ],
              [
                126.77224098048062,
                37.12752022532085
              ],
              [
                126.77360719381949,
                37.127915447593494
              ],
              [
                126.77395741819878,
                37.12801738931951
              ],
              [
                126.77413976270992,
                37.12808597604276
              ],
              [
                126.77414887688128,
                37.12808998540613
              ],
              [
                126.77434584387505,
                37.12817665696891
              ],
              [
                126.7757354909979,
                37.12967646638104
              ],
              [
                126.77631863354097,
                37.13204666049041
              ],
              [
                126.77633167177329,
                37.13206793207641
              ],
              [
                126.77635549149477,
                37.13210309159508
              ],
              [
                126.77639710413371,
                37.13213915836732
              ],
              [
                126.77655638869444,
                37.13221961992285
              ],
              [
                126.7776503957282,
                37.13270726770983
              ],
              [
                126.78250738490183,
                37.134865241950585
              ],
              [
                126.78257208116848,
                37.134890330177384
              ],
              [
                126.78261675235679,
                37.13489269179199
              ],
              [
                126.78335154625533,
                37.13461384713019
              ],
              [
                126.7834824908902,
                37.13453884874487
              ],
              [
                126.78650913883988,
                37.132568439711505
              ],
              [
                126.7865472144869,
                37.13252754685024
              ],
              [
                126.78657165306228,
                37.132493233275156
              ],
              [
                126.78659759005616,
                37.13243134215499
              ],
              [
                126.78661100995095,
                37.13239404531459
              ],
              [
                126.78695477526266,
                37.1308294467994
              ],
              [
                126.78722263774866,
                37.12961081448497
              ],
              [
                126.79340688802408,
                37.128929182597446
              ],
              [
                126.79500285160562,
                37.128753222612694
              ],
              [
                126.79525698709323,
                37.128860106128926
              ],
              [
                126.7957577021024,
                37.13033803752559
              ],
              [
                126.7958533501916,
                37.13073945847385
              ],
              [
                126.79590333611105,
                37.131185622442004
              ],
              [
                126.79590152129398,
                37.13155695238296
              ],
              [
                126.79589839436086,
                37.132056401906596
              ],
              [
                126.79595347012166,
                37.13389970195684
              ],
              [
                126.79597814043838,
                37.13402406194431
              ],
              [
                126.79602375343507,
                37.13414860399185
              ],
              [
                126.79611560182123,
                37.13430624069479
              ],
              [
                126.79624718455115,
                37.13443955358346
              ],
              [
                126.80043365214186,
                37.137664722196156
              ],
              [
                126.80136705315749,
                37.138359599168545
              ],
              [
                126.80147193378491,
                37.13839423085291
              ],
              [
                126.80157456938899,
                37.13839751282304
              ],
              [
                126.80210051509185,
                37.138377071419015
              ],
              [
                126.80306756440002,
                37.138320477914654
              ],
              [
                126.80363211445076,
                37.1382908478323
              ],
              [
                126.8062464235531,
                37.13819766142425
              ],
              [
                126.80682272074962,
                37.13852907909878
              ],
              [
                126.80684646206589,
                37.13855818725151
              ],
              [
                126.80754376852107,
                37.139081381365685
              ],
              [
                126.80768963013895,
                37.13916592332397
              ],
              [
                126.80785611618158,
                37.139262408349204
              ],
              [
                126.81017460954435,
                37.13975383219876
              ],
              [
                126.81049306121065,
                37.13963275884903
              ],
              [
                126.81178398441608,
                37.139110417804844
              ],
              [
                126.81229616737747,
                37.1397339855194
              ],
              [
                126.8165959357959,
                37.14335389630623
              ],
              [
                126.81639523388802,
                37.14369750595852
              ],
              [
                126.815490466433,
                37.14381604693481
              ],
              [
                126.81465289144518,
                37.14392161253527
              ],
              [
                126.80874489204315,
                37.144720261536804
              ],
              [
                126.80815966810643,
                37.144800996558764
              ],
              [
                126.80803538928915,
                37.144837899232805
              ],
              [
                126.80746235342465,
                37.14529437241729
              ],
              [
                126.80740682888417,
                37.145368511059715
              ],
              [
                126.8060135824335,
                37.14876431420516
              ],
              [
                126.80601340734248,
                37.1487647440502
              ],
              [
                126.80568487499924,
                37.14955629898632
              ],
              [
                126.8053747153769,
                37.150302351422184
              ],
              [
                126.80449726219075,
                37.15240357052843
              ],
              [
                126.80321383232834,
                37.15288626630571
              ],
              [
                126.80049948253924,
                37.153777492128995
              ],
              [
                126.80009460556822,
                37.153896996438995
              ],
              [
                126.80001118381287,
                37.153907874024135
              ],
              [
                126.7993872726864,
                37.153806084251585
              ],
              [
                126.79928923794598,
                37.15377450548267
              ],
              [
                126.79762779665367,
                37.15308239296365
              ],
              [
                126.79540762486374,
                37.151980037106654
              ],
              [
                126.79339197036451,
                37.150865123701394
              ],
              [
                126.79105726814947,
                37.149888073596365
              ],
              [
                126.7895216947901,
                37.1504505127016
              ],
              [
                126.78822243269744,
                37.150912934572794
              ],
              [
                126.78494771807087,
                37.15130727013237
              ],
              [
                126.78310576057585,
                37.15145101414964
              ],
              [
                126.78295760989899,
                37.15147004247214
              ],
              [
                126.78279723607154,
                37.151528683507046
              ],
              [
                126.78247447785459,
                37.15173281531112
              ],
              [
                126.78180433237841,
                37.1521710896525
              ],
              [
                126.78174275679466,
                37.152253872487904
              ],
              [
                126.78232784784443,
                37.152872705650566
              ],
              [
                126.78555789633855,
                37.15462043658484
              ],
              [
                126.78578558972069,
                37.15467479689863
              ],
              [
                126.78604369621996,
                37.15470691135457
              ],
              [
                126.78624242613846,
                37.15473124012461
              ],
              [
                126.78630314869324,
                37.15473866738617
              ],
              [
                126.78672046396805,
                37.15472418836119
              ],
              [
                126.78720859407206,
                37.15470613158073
              ],
              [
                126.78768528937564,
                37.154746367932674
              ],
              [
                126.78901179156995,
                37.155042682320186
              ],
              [
                126.7945985988346,
                37.157394992167575
              ],
              [
                126.7949788296632,
                37.1576469048153
              ],
              [
                126.79507604546788,
                37.15772335758662
              ],
              [
                126.79537511777147,
                37.15796317795253
              ],
              [
                126.7978136115681,
                37.16233234776254
              ],
              [
                126.79611040411595,
                37.16554893607091
              ],
              [
                126.79588581966071,
                37.16620362570928
              ],
              [
                126.79587816861363,
                37.166530072396455
              ],
              [
                126.79587051851917,
                37.169308188610216
              ],
              [
                126.79495189445134,
                37.171634745030524
              ],
              [
                126.79492080820512,
                37.17164148460228
              ],
              [
                126.79441582112256,
                37.171798592241956
              ],
              [
                126.79407883259336,
                37.17194865820755
              ],
              [
                126.79379574355391,
                37.172145500704985
              ],
              [
                126.79230047091205,
                37.17323645459128
              ],
              [
                126.79259180864439,
                37.17527069464866
              ],
              [
                126.79272859022471,
                37.17617849733844
              ],
              [
                126.79307726541137,
                37.176683282024484
              ],
              [
                126.79314809736938,
                37.176779926965274
              ],
              [
                126.79435179819725,
                37.17727222469241
              ],
              [
                126.79472769718834,
                37.17726750215633
              ],
              [
                126.7961094664053,
                37.17830981265014
              ],
              [
                126.79601715099788,
                37.17983064593387
              ],
              [
                126.79690406973954,
                37.18458871046537
              ],
              [
                126.79772614537332,
                37.18785874230245
              ],
              [
                126.7976303305981,
                37.187988633344816
              ],
              [
                126.79729217908887,
                37.18862499129211
              ],
              [
                126.79716638280382,
                37.188970938126104
              ],
              [
                126.79716160209057,
                37.18923269130596
              ],
              [
                126.79834011393329,
                37.19192358935554
              ],
              [
                126.79898605001416,
                37.19336866316087
              ],
              [
                126.7995111193253,
                37.194119706996304
              ],
              [
                126.79978199244792,
                37.19431209941105
              ],
              [
                126.80000243811145,
                37.19447202246441
              ],
              [
                126.80008853293636,
                37.19457432929449
              ],
              [
                126.80019374245325,
                37.194747905099774
              ],
              [
                126.80062913107304,
                37.195975828901446
              ],
              [
                126.80064985149613,
                37.19616550734949
              ],
              [
                126.80059037878064,
                37.196174948998255
              ],
              [
                126.7997132925797,
                37.19618533282654
              ],
              [
                126.79796927012833,
                37.192950899362955
              ],
              [
                126.79785632379945,
                37.19272857152363
              ],
              [
                126.79779442809976,
                37.19252249546056
              ],
              [
                126.7975463039969,
                37.191768651495906
              ],
              [
                126.79612095366146,
                37.18837952209808
              ],
              [
                126.7947711915055,
                37.18448047883599
              ],
              [
                126.79474997886166,
                37.18153434721942
              ],
              [
                126.78880696819208,
                37.1738260528072
              ],
              [
                126.78385214897496,
                37.16973137377323
              ],
              [
                126.78372368376294,
                37.16973031787267
              ],
              [
                126.78353932822223,
                37.16977356294415
              ],
              [
                126.78264151391463,
                37.1700387181114
              ],
              [
                126.78249093019309,
                37.17008558228647
              ],
              [
                126.78239586276256,
                37.17013373796775
              ],
              [
                126.78215972330385,
                37.17030651902367
              ],
              [
                126.78199253262156,
                37.170426093256154
              ],
              [
                126.78195246157414,
                37.17041426928601
              ],
              [
                126.77997310676405,
                37.169810687374564
              ],
              [
                126.77925365855769,
                37.16852748252245
              ],
              [
                126.7775014877048,
                37.16520456933242
              ],
              [
                126.77192155021669,
                37.16519368410672
              ],
              [
                126.76174207248847,
                37.16581192011344
              ],
              [
                126.75862128078221,
                37.16626363095687
              ],
              [
                126.75661746966718,
                37.16670077712172
              ],
              [
                126.75002111833601,
                37.1681015639473
              ],
              [
                126.74716770673398,
                37.16758230106213
              ],
              [
                126.74703840414331,
                37.16747854727815
              ],
              [
                126.74682749808375,
                37.16729422531594
              ],
              [
                126.74659391251019,
                37.1670849956265
              ],
              [
                126.7465444478587,
                37.16703170065594
              ],
              [
                126.74613416446161,
                37.16634755268799
              ],
              [
                126.74630098363585,
                37.166197310849995
              ],
              [
                126.74656075484903,
                37.16591847347675
              ],
              [
                126.74664197127886,
                37.1657991509794
              ],
              [
                126.74677244344015,
                37.165468756828545
              ],
              [
                126.74695522987189,
                37.164988918909934
              ],
              [
                126.74669024632105,
                37.163995393708525
              ],
              [
                126.74667444873498,
                37.16394275627579
              ],
              [
                126.74662200589093,
                37.16383567226767
              ],
              [
                126.74657042142485,
                37.163763989740815
              ],
              [
                126.74648889958107,
                37.16368670304559
              ],
              [
                126.74642052994196,
                37.16362537533217
              ],
              [
                126.74633494741855,
                37.16355394522336
              ],
              [
                126.74616869931272,
                37.1634440639538
              ],
              [
                126.7469324785854,
                37.161698025935046
              ],
              [
                126.74692599895226,
                37.16166251838833
              ],
              [
                126.74376319026274,
                37.156793202292874
              ],
              [
                126.74215894543627,
                37.15392667368146
              ],
              [
                126.74204272039593,
                37.15371797970234
              ],
              [
                126.7416057361616,
                37.152963519142936
              ],
              [
                126.74154897991703,
                37.15289399526613
              ],
              [
                126.74122788951007,
                37.152601143529985
              ],
              [
                126.7401639922601,
                37.15186733171622
              ],
              [
                126.73995189579115,
                37.151738806070895
              ],
              [
                126.73611051269765,
                37.14994098126059
              ],
              [
                126.73532821166172,
                37.15015552428349
              ],
              [
                126.73377632859984,
                37.15012406979025
              ],
              [
                126.73081659775482,
                37.149342290085784
              ],
              [
                126.73129719735397,
                37.14772366849057
              ],
              [
                126.73169999970155,
                37.14632625532658
              ],
              [
                126.73171048827636,
                37.14623490528018
              ],
              [
                126.73073316111066,
                37.144130371344815
              ],
              [
                126.73044111333708,
                37.14351152027336
              ],
              [
                126.72986700758322,
                37.142297618201475
              ],
              [
                126.72978159351571,
                37.14214282840599
              ],
              [
                126.72958063276738,
                37.1418399664981
              ],
              [
                126.72936940509713,
                37.141560165588224
              ],
              [
                126.72893145207425,
                37.14098261229947
              ],
              [
                126.72871867352762,
                37.14072272825757
              ],
              [
                126.72694977376166,
                37.13872523996692
              ],
              [
                126.72522987805235,
                37.138115484876465
              ],
              [
                126.72376615173168,
                37.137728171521104
              ],
              [
                126.72352829732813,
                37.13768702237386
              ],
              [
                126.72330134881335,
                37.13764696099173
              ],
              [
                126.72321686593624,
                37.137623803884615
              ],
              [
                126.72309784627556,
                37.13759016783956
              ],
              [
                126.72263211747914,
                37.13745831161436
              ],
              [
                126.72249084347932,
                37.13740446566266
              ],
              [
                126.72220586249217,
                37.137279558591466
              ],
              [
                126.7218274872772,
                37.137067144642224
              ],
              [
                126.72139835315997,
                37.136785210074905
              ],
              [
                126.72127380524003,
                37.13669533364047
              ],
              [
                126.72054254467356,
                37.135702427626974
              ],
              [
                126.72044906850758,
                37.135539963027455
              ],
              [
                126.7202420312002,
                37.134956852421226
              ],
              [
                126.71916780085377,
                37.13245124884566
              ],
              [
                126.71906800493569,
                37.132304725096766
              ],
              [
                126.71898633151415,
                37.132215072805344
              ],
              [
                126.71781118209472,
                37.131759326717685
              ],
              [
                126.71445833856446,
                37.13052530251471
              ],
              [
                126.71198108193931,
                37.130976400115564
              ],
              [
                126.71164196524653,
                37.13138879450327
              ],
              [
                126.71133527588022,
                37.1315900146203
              ],
              [
                126.71077192906165,
                37.13171182654984
              ],
              [
                126.7095669142079,
                37.131944364720795
              ],
              [
                126.7093985519946,
                37.13194552607883
              ],
              [
                126.70617120302362,
                37.13173987509364
              ],
              [
                126.70540606569362,
                37.131200318070086
              ],
              [
                126.70505249888484,
                37.13094598658376
              ],
              [
                126.70481009872242,
                37.1307604392474
              ],
              [
                126.70182471981158,
                37.12772583609918
              ],
              [
                126.70135942307894,
                37.12717563022655
              ],
              [
                126.70167214780588,
                37.12461114312467
              ],
              [
                126.70205902477274,
                37.124143337794
              ],
              [
                126.70235728817366,
                37.123782679303744
              ],
              [
                126.70374107416538,
                37.124516826730826
              ],
              [
                126.70486014246345,
                37.12316507866395
              ],
              [
                126.69810751282498,
                37.119581170977874
              ],
              [
                126.69698837728923,
                37.120932857099454
              ],
              [
                126.6983714947849,
                37.12166697417067
              ],
              [
                126.69807288152808,
                37.122027804222654
              ],
              [
                126.69775830926734,
                37.12240791280337
              ],
              [
                126.69450681823434,
                37.12248509810693
              ],
              [
                126.69422610101292,
                37.12246924214798
              ],
              [
                126.69387772006745,
                37.12241491520693
              ],
              [
                126.69335651980204,
                37.1222065268278
              ],
              [
                126.69139315681119,
                37.12132171938671
              ],
              [
                126.69122249533842,
                37.12086087912519
              ],
              [
                126.69135089136327,
                37.1196310248588
              ],
              [
                126.69160483613182,
                37.11887225442341
              ],
              [
                126.69004180337238,
                37.11602380277846
              ],
              [
                126.68640087749745,
                37.1151701665106
              ],
              [
                126.68407625934135,
                37.11462612721985
              ],
              [
                126.68404696100608,
                37.11461018893399
              ],
              [
                126.68398535558389,
                37.113519744563966
              ],
              [
                126.6839855762512,
                37.11351973887157
              ],
              [
                126.68450091871794,
                37.11348346446343
              ],
              [
                126.68596055285718,
                37.11328660236001
              ],
              [
                126.68640337713893,
                37.1129645716421
              ],
              [
                126.6863331160898,
                37.11286923325469
              ],
              [
                126.68619717948339,
                37.11284823867698
              ],
              [
                126.68612176557843,
                37.11163485904013
              ],
              [
                126.68889136673096,
                37.10947560626105
              ],
              [
                126.68981232405613,
                37.10934007834548
              ],
              [
                126.69789003733585,
                37.10303048974932
              ],
              [
                126.69809531900438,
                37.10210536028144
              ],
              [
                126.70301278922638,
                37.09820184703007
              ],
              [
                126.71907076181914,
                37.08558401255132
              ],
              [
                126.73243221915365,
                37.07513087978085
              ],
              [
                126.73461575970565,
                37.073426228304776
              ],
              [
                126.75627600789468,
                37.05627484170539
              ],
              [
                126.75678547074146,
                37.056012242085764
              ],
              [
                126.77002391860714,
                37.06007142449701
              ],
              [
                126.77089097519695,
                37.06438743816133
              ]
            ]
          ]
        ]
      },
      "properties": {
        "name": "화성시",
        "base_year": "2018",
        "name_eng": "Hwaseongsi",
        "code": "31240"
      }
    }
  ]
}