{
  "type": "FeatureCollection",
  "features": [
    {
      "type": "Feature",
      "geometry": {
        "type": "MultiPolygon",
        "coordinates": [
          [
            [
              [
                126.95677940349725,
                37.24470719779358
              ],
              [
                126.95714569532605,
                37.24443264244653
              ],
              [
                126.95729230215254,
                37.24427952087631
              ],
              [
                126.95729252447909,
                37.24427910588527
              ],
              [
                126.95772104235411,
                37.24347775486692
              ],
              [
                126.95792950071316,
                37.24303112477468
              ],
              [
                126.95797515639583,
                37.242932316035535
              ],
              [
                126.95799796998057,
                37.242459270588434
              ],
              [
                126.95795923227345,
                37.24124736799161
              ],
              [
                126.95794728775304,
                37.241185408574935
              ],
              [
                126.95793463355132,
                37.2411228988014
              ],
              [
                126.95786922401953,
                37.240963499075434
              ],
              [
                126.95771159726242,
                37.240697634166494
              ],
              [
                126.95765530362804,
                37.24059849987363
              ],
              [
                126.95759338745845,
                37.2404813413437
              ],
              [
                126.95750245253296,
                37.24030137953379
              ],
              [
                126.95749207983357,
                37.240269568624974
              ],
              [
                126.95752033716442,
                37.24014793932622
              ],
              [
                126.95752597347975,
                37.24012540543715
              ],
              [
                126.95753761744449,
                37.24008486352667
              ],
              [
                126.95756537107769,
                37.24001308048356
              ],
              [
                126.95756548482417,
                37.240012790910605
              ],
              [
                126.95765570744605,
                37.23990019425786
              ],
              [
                126.9577628273787,
                37.239805625545465
              ],
              [
                126.96046271921661,
                37.23841448675757
              ],
              [
                126.96072199182267,
                37.23828392506116
              ],
              [
                126.96091362105433,
                37.23819839277063
              ],
              [
                126.96163503049978,
                37.23791030580968
              ],
              [
                126.96173119931227,
                37.237879369026096
              ],
              [
                126.96186045973386,
                37.23783829783349
              ],
              [
                126.96215914995054,
                37.237752798060825
              ],
              [
                126.96238227283963,
                37.23771289339631
              ],
              [
                126.96246292744688,
                37.237697430825044
              ],
              [
                126.96281284944816,
                37.23762686890226
              ],
              [
                126.9630014602397,
                37.237575688420776
              ],
              [
                126.96344403253386,
                37.23745137095319
              ],
              [
                126.96368724915055,
                37.23736697661322
              ],
              [
                126.96405833571114,
                37.237221801648616
              ],
              [
                126.96412842459935,
                37.23719084596927
              ],
              [
                126.96434577937947,
                37.23707772632498
              ],
              [
                126.96446853994185,
                37.237004275811856
              ],
              [
                126.96694954057752,
                37.235488594454964
              ],
              [
                126.96709520564409,
                37.235393180826485
              ],
              [
                126.96728208499822,
                37.23526343240799
              ],
              [
                126.96749063302367,
                37.23511482007986
              ],
              [
                126.96769354620416,
                37.23496170244146
              ],
              [
                126.96787955115043,
                37.234817588979865
              ],
              [
                126.9679302901965,
                37.23475452991274
              ],
              [
                126.96805503396337,
                37.23458843146038
              ],
              [
                126.96805524200916,
                37.234588014206665
              ],
              [
                126.96813349244272,
                37.23442529224405
              ],
              [
                126.96885561065295,
                37.23234860660068
              ],
              [
                126.969419648229,
                37.23042995233397
              ],
              [
                126.9694198624986,
                37.23042953728274
              ],
              [
                126.96946399343652,
                37.23034433787694
              ],
              [
                126.9694875277461,
                37.23029890342026
              ],
              [
                126.96958865794078,
                37.23012322816407
              ],
              [
                126.96979766603077,
                37.22980360558314
              ],
              [
                126.96986504005598,
                37.229745281896236
              ],
              [
                126.9704076535052,
                37.22940105597045
              ],
              [
                126.97047632607674,
                37.229359729399256
              ],
              [
                126.97068598735763,
                37.229198243315416
              ],
              [
                126.97112107736905,
                37.228525620576704
              ],
              [
                126.97144382600055,
                37.22794328025585
              ],
              [
                126.97147794327203,
                37.227869023825235
              ],
              [
                126.97154035161518,
                37.22771120440729
              ],
              [
                126.97157265694321,
                37.22762552474957
              ],
              [
                126.9716485980317,
                37.22738492171
              ],
              [
                126.97183310018491,
                37.22675075107996
              ],
              [
                126.97187652083194,
                37.226568040232024
              ],
              [
                126.97189774288847,
                37.22620875636913
              ],
              [
                126.97188945918607,
                37.226012317510786
              ],
              [
                126.97188214794234,
                37.225891270532856
              ],
              [
                126.97188686711804,
                37.22578268751281
              ],
              [
                126.97190428116514,
                37.225569045273346
              ],
              [
                126.97197060270676,
                37.225137823558896
              ],
              [
                126.97200996594877,
                37.22501029971132
              ],
              [
                126.97213219478841,
                37.22469583131845
              ],
              [
                126.972266851478,
                37.22446560288464
              ],
              [
                126.97285074973118,
                37.22357821118226
              ],
              [
                126.97304394682499,
                37.2233535569928
              ],
              [
                126.97418155550172,
                37.22238786797751
              ],
              [
                126.97502270082556,
                37.22195572253147
              ],
              [
                126.9752212867357,
                37.22192090536595
              ],
              [
                126.97528685375238,
                37.2219154322967
              ],
              [
                126.97540990094525,
                37.221920523991
              ],
              [
                126.97584699171286,
                37.22201132637428
              ],
              [
                126.97602336354014,
                37.22209392660043
              ],
              [
                126.97606779110599,
                37.22212932117335
              ],
              [
                126.9760675669939,
                37.222129738371166
              ],
              [
                126.97611024777274,
                37.2221675010622
              ],
              [
                126.97616698828955,
                37.2222042046285
              ],
              [
                126.9762710966766,
                37.22220742517763
              ],
              [
                126.97636709262306,
                37.22220740961633
              ],
              [
                126.97639391045355,
                37.222205577687674
              ],
              [
                126.97649099776623,
                37.22218348625054
              ],
              [
                126.97678798956439,
                37.22211323096889
              ],
              [
                126.97687333004473,
                37.22207601794881
              ],
              [
                126.97774336468504,
                37.221675610657634
              ],
              [
                126.97834688183178,
                37.22085955840477
              ],
              [
                126.9786258201954,
                37.21873434231069
              ],
              [
                126.97864589179868,
                37.21758696509752
              ],
              [
                126.97859326647158,
                37.21751584358317
              ],
              [
                126.97861379554598,
                37.21740021792973
              ],
              [
                126.97888932512595,
                37.216740482477476
              ],
              [
                126.97897483497952,
                37.21661990696178
              ],
              [
                126.98050210454683,
                37.214721980630486
              ],
              [
                126.98135692044286,
                37.21366872852227
              ],
              [
                126.98180741797009,
                37.213180971108045
              ],
              [
                126.98005865690115,
                37.21292514000746
              ],
              [
                126.97971609954918,
                37.21256321979247
              ],
              [
                126.97968499202875,
                37.212490895186505
              ],
              [
                126.97966853033151,
                37.212419466217874
              ],
              [
                126.9791668639322,
                37.20986701487298
              ],
              [
                126.97927082827235,
                37.20941439584939
              ],
              [
                126.97988929450273,
                37.20776018606795
              ],
              [
                126.98076724220532,
                37.20640851575092
              ],
              [
                126.98213614325303,
                37.20477515596575
              ],
              [
                126.98514356276624,
                37.202380272262765
              ],
              [
                126.98539583740751,
                37.20089000743814
              ],
              [
                126.98487133132043,
                37.19958122062005
              ],
              [
                126.98420508482423,
                37.19829531538118
              ],
              [
                126.98417518669807,
                37.1982657036524
              ],
              [
                126.98371891628926,
                37.19754089760512
              ],
              [
                126.98372219153804,
                37.19750602762913
              ],
              [
                126.98372992526801,
                37.19742371808544
              ],
              [
                126.98373007183868,
                37.19742239335817
              ],
              [
                126.9837547052586,
                37.197280537441856
              ],
              [
                126.98387498050663,
                37.19659164278543
              ],
              [
                126.98394640686334,
                37.19622824516062
              ],
              [
                126.98447087679692,
                37.19572775465739
              ],
              [
                126.9820361405652,
                37.196986814967985
              ],
              [
                126.98086421175402,
                37.19795497860397
              ],
              [
                126.97859119892,
                37.19811144548057
              ],
              [
                126.9780541852708,
                37.19810073559549
              ],
              [
                126.97637497734921,
                37.19784675567795
              ],
              [
                126.97611714974632,
                37.197793997695555
              ],
              [
                126.9759576670262,
                37.19769891187724
              ],
              [
                126.97591783312099,
                37.19767283670436
              ],
              [
                126.97537103735432,
                37.197298270541346
              ],
              [
                126.97529604256036,
                37.19723889285915
              ],
              [
                126.97522764080465,
                37.19709488128836
              ],
              [
                126.97515057663186,
                37.1969357486736
              ],
              [
                126.97508533957517,
                37.196865732474585
              ],
              [
                126.97312934268494,
                37.19533507971528
              ],
              [
                126.97295070831119,
                37.19527030546538
              ],
              [
                126.97285041870676,
                37.19524276316743
              ],
              [
                126.97275070192043,
                37.195222591323514
              ],
              [
                126.97143652233969,
                37.19540632196718
              ],
              [
                126.97136023473402,
                37.195444651657816
              ],
              [
                126.97123565127387,
                37.195553771035016
              ],
              [
                126.97120819169594,
                37.19560852965593
              ],
              [
                126.97119512522616,
                37.19586436153758
              ],
              [
                126.97108409507668,
                37.19608147691883
              ],
              [
                126.97055592927589,
                37.19675125572376
              ],
              [
                126.9691082924133,
                37.19818944401906
              ],
              [
                126.96904773986589,
                37.1982399649796
              ],
              [
                126.96900487387968,
                37.19826175071212
              ],
              [
                126.96886450149542,
                37.19829606887381
              ],
              [
                126.96725400272076,
                37.19807387632134
              ],
              [
                126.96476914146506,
                37.19761831158959
              ],
              [
                126.96311706980832,
                37.197314233273744
              ],
              [
                126.96068294764086,
                37.19701563339998
              ],
              [
                126.96039732696586,
                37.19699995555217
              ],
              [
                126.95975428579051,
                37.19699303512086
              ],
              [
                126.95919327760213,
                37.1970644789166
              ],
              [
                126.95878711161144,
                37.19714816707087
              ],
              [
                126.9586135888596,
                37.197382320922294
              ],
              [
                126.95844154379222,
                37.19747193985623
              ],
              [
                126.95834112515955,
                37.1974756163992
              ],
              [
                126.95817502164617,
                37.197475112732846
              ],
              [
                126.95685638450904,
                37.1974339954657
              ],
              [
                126.95641872822858,
                37.19739438335985
              ],
              [
                126.95631408010142,
                37.19737297822198
              ],
              [
                126.95591741212264,
                37.19729046177329
              ],
              [
                126.95576515066757,
                37.197258786606625
              ],
              [
                126.95379926416511,
                37.196756722766075
              ],
              [
                126.95031748918005,
                37.1934650301305
              ],
              [
                126.95078287666904,
                37.19173038282956
              ],
              [
                126.95188718153703,
                37.189688144479156
              ],
              [
                126.95096142775184,
                37.186631967020276
              ],
              [
                126.95019969152997,
                37.185347026779006
              ],
              [
                126.94973816258631,
                37.18452035964792
              ],
              [
                126.94961977203994,
                37.184249974329965
              ],
              [
                126.94953513234108,
                37.184000653111454
              ],
              [
                126.94946348458652,
                37.18378958839131
              ],
              [
                126.94937275423572,
                37.18352229712276
              ],
              [
                126.94926245905688,
                37.18283543408391
              ],
              [
                126.94937754407408,
                37.18220660877836
              ],
              [
                126.95085102828948,
                37.178735069015985
              ],
              [
                126.95003216128366,
                37.1763338107798
              ],
              [
                126.94568521241777,
                37.17328780396186
              ],
              [
                126.94516119267853,
                37.173047930141436
              ],
              [
                126.94451622218135,
                37.17261318059864
              ],
              [
                126.94442887112069,
                37.1725501828251
              ],
              [
                126.94424605463611,
                37.17241355957392
              ],
              [
                126.94369892128707,
                37.17184621867024
              ],
              [
                126.94369914080544,
                37.171845796053546
              ],
              [
                126.9440649875365,
                37.17131655275268
              ],
              [
                126.94469766312223,
                37.1691444638011
              ],
              [
                126.94509613439028,
                37.167688117278466
              ],
              [
                126.94534032223412,
                37.16673018250354
              ],
              [
                126.94556025747576,
                37.16549222718485
              ],
              [
                126.94565409865695,
                37.16485113713988
              ],
              [
                126.94530433376198,
                37.162922733485516
              ],
              [
                126.94467307923225,
                37.16060973293829
              ],
              [
                126.94382993528744,
                37.158254400717944
              ],
              [
                126.94376221096745,
                37.15715856302506
              ],
              [
                126.94382291159853,
                37.15492066006237
              ],
              [
                126.94390834981544,
                37.15370785973887
              ],
              [
                126.94470701472119,
                37.15217995341623
              ],
              [
                126.94525206711586,
                37.15145572189414
              ],
              [
                126.9457901626235,
                37.150963477981456
              ],
              [
                126.94635706390342,
                37.1504627321356
              ],
              [
                126.94586838113192,
                37.15009524267637
              ],
              [
                126.94565969405703,
                37.149515055758414
              ],
              [
                126.94531967296932,
                37.14646527343399
              ],
              [
                126.94543629566142,
                37.14575289279188
              ],
              [
                126.94585595226582,
                37.14471822392263
              ],
              [
                126.94593406513714,
                37.14445846767435
              ],
              [
                126.945872541689,
                37.14415252287029
              ],
              [
                126.94536159596834,
                37.14394427283247
              ],
              [
                126.94206476422346,
                37.14281782707972
              ],
              [
                126.94163230817385,
                37.14297598730381
              ],
              [
                126.94126775518362,
                37.14311265374098
              ],
              [
                126.94060257351093,
                37.14356895043056
              ],
              [
                126.94034982320093,
                37.143756258236856
              ],
              [
                126.94004267540912,
                37.14398388457266
              ],
              [
                126.93980183994013,
                37.144162979586646
              ],
              [
                126.9395964464888,
                37.14431571869169
              ],
              [
                126.93946275875071,
                37.144415143120035
              ],
              [
                126.93894105898927,
                37.1448077550042
              ],
              [
                126.93556497035152,
                37.14560909644904
              ],
              [
                126.93473279761953,
                37.1450116107434
              ],
              [
                126.93430639590507,
                37.14470404751721
              ],
              [
                126.93324969027474,
                37.143907219843456
              ],
              [
                126.93297575734167,
                37.14364972015359
              ],
              [
                126.93290597407866,
                37.143547058393025
              ],
              [
                126.93283467268407,
                37.143507010033574
              ],
              [
                126.93272449377733,
                37.14346821079729
              ],
              [
                126.93259886504038,
                37.14345006267177
              ],
              [
                126.9320654393139,
                37.14337665725868
              ],
              [
                126.93188087963564,
                37.14335530180934
              ],
              [
                126.92867327154633,
                37.14321086543923
              ],
              [
                126.92856569477033,
                37.14394908563564
              ],
              [
                126.928509415827,
                37.14456688502514
              ],
              [
                126.9284987559516,
                37.1446969177765
              ],
              [
                126.92914778841465,
                37.14617541915318
              ],
              [
                126.92904459915691,
                37.14637456537939
              ],
              [
                126.9291195244593,
                37.14729000915071
              ],
              [
                126.92912292548397,
                37.147328448841584
              ],
              [
                126.92942506494086,
                37.14790779304647
              ],
              [
                126.92946763813298,
                37.14796390144225
              ],
              [
                126.92995676668104,
                37.1483694711045
              ],
              [
                126.93007479081963,
                37.14841849656144
              ],
              [
                126.93278252552992,
                37.14952725757865
              ],
              [
                126.93321403777131,
                37.149659754085285
              ],
              [
                126.9340304659975,
                37.15023482356767
              ],
              [
                126.9340815082092,
                37.15027948168331
              ],
              [
                126.93447652266073,
                37.15067717703906
              ],
              [
                126.93462476848107,
                37.15096179537219
              ],
              [
                126.9347767181312,
                37.151276051487464
              ],
              [
                126.9347767635583,
                37.15127631134835
              ],
              [
                126.93488572760022,
                37.15199786880692
              ],
              [
                126.93507425676204,
                37.1530595264
              ],
              [
                126.93552340712833,
                37.15452831240669
              ],
              [
                126.93568838141216,
                37.1550592502118
              ],
              [
                126.93581965906762,
                37.15548171745419
              ],
              [
                126.93681654048714,
                37.15689138325989
              ],
              [
                126.93691724564309,
                37.156963648068135
              ],
              [
                126.93711811777472,
                37.157107277027386
              ],
              [
                126.93746302242124,
                37.15733753845318
              ],
              [
                126.93728904891017,
                37.158573857790614
              ],
              [
                126.93693957750484,
                37.15970771263802
              ],
              [
                126.934992752698,
                37.16029174193168
              ],
              [
                126.931244373035,
                37.16137349882033
              ],
              [
                126.92950310397828,
                37.161418649142874
              ],
              [
                126.92618592803079,
                37.16095584471853
              ],
              [
                126.92501256258232,
                37.16051646237472
              ],
              [
                126.92286600525873,
                37.1578077694984
              ],
              [
                126.92284744462175,
                37.15775970270825
              ],
              [
                126.92271717476147,
                37.15742225401043
              ],
              [
                126.9226029458241,
                37.157124444210375
              ],
              [
                126.92242594693778,
                37.15665547242989
              ],
              [
                126.92239485694333,
                37.15652420593933
              ],
              [
                126.92238241751846,
                37.15647069165714
              ],
              [
                126.92221891286839,
                37.156083897922414
              ],
              [
                126.92096716266985,
                37.15503188670224
              ],
              [
                126.9205477715176,
                37.15468579503183
              ],
              [
                126.92016478841897,
                37.15455978201606
              ],
              [
                126.9200167307943,
                37.15451107022377
              ],
              [
                126.9195920019582,
                37.15437924972329
              ],
              [
                126.91920177258497,
                37.15455420663696
              ],
              [
                126.91718042109876,
                37.155633092776064
              ],
              [
                126.91494915632583,
                37.157348337213456
              ],
              [
                126.91423321503339,
                37.160671285729954
              ],
              [
                126.91530781602904,
                37.16555777257459
              ],
              [
                126.91558273602931,
                37.166142303561216
              ],
              [
                126.91564391271413,
                37.1661947350357
              ],
              [
                126.91868662294638,
                37.16706742321604
              ],
              [
                126.91974468274033,
                37.166996209165376
              ],
              [
                126.920839159339,
                37.167087427726685
              ],
              [
                126.92190287775139,
                37.16741452965593
              ],
              [
                126.92286614426584,
                37.167909569547135
              ],
              [
                126.92287279364106,
                37.16791588281888
              ],
              [
                126.92319693173333,
                37.16822445423961
              ],
              [
                126.92327480827244,
                37.16830396930509
              ],
              [
                126.9232574225947,
                37.16844808074174
              ],
              [
                126.91963856295457,
                37.17075896193513
              ],
              [
                126.91731357536013,
                37.175508023013585
              ],
              [
                126.91715580881606,
                37.17597287782726
              ],
              [
                126.91734652880666,
                37.17629416557958
              ],
              [
                126.91754094520407,
                37.17660401263788
              ],
              [
                126.91782646492612,
                37.17679089397711
              ],
              [
                126.91802145256455,
                37.17691303292108
              ],
              [
                126.91918041005088,
                37.17734664439383
              ],
              [
                126.92079186978513,
                37.17906068012324
              ],
              [
                126.92098884636293,
                37.1798165642173
              ],
              [
                126.92099142226621,
                37.17982887918588
              ],
              [
                126.92102078610934,
                37.18224120907581
              ],
              [
                126.92090281266385,
                37.183196141110585
              ],
              [
                126.91995485801228,
                37.189665360403644
              ],
              [
                126.91771229763513,
                37.19086749278301
              ],
              [
                126.91469375459268,
                37.19187782516195
              ],
              [
                126.91359940872555,
                37.19165397348926
              ],
              [
                126.91188768618142,
                37.19145466565494
              ],
              [
                126.9062649256359,
                37.1911668495216
              ],
              [
                126.90240938629402,
                37.191923043801836
              ],
              [
                126.90118109875841,
                37.19234152760376
              ],
              [
                126.90103963860493,
                37.19241908647265
              ],
              [
                126.90096139375997,
                37.19246336077821
              ],
              [
                126.90051766399235,
                37.19289086222786
              ],
              [
                126.90002534740417,
                37.19386078596178
              ],
              [
                126.90186371319346,
                37.19601233103898
              ],
              [
                126.9054817074027,
                37.19910230722232
              ],
              [
                126.9058246179518,
                37.199149981081526
              ],
              [
                126.90618678676796,
                37.19920034289897
              ],
              [
                126.9070202338026,
                37.20173085673361
              ],
              [
                126.90703427101926,
                37.20458408546454
              ],
              [
                126.90829259158694,
                37.208054650070274
              ],
              [
                126.90731768815066,
                37.21133230533684
              ],
              [
                126.90713013549122,
                37.21171133269021
              ],
              [
                126.90690724268833,
                37.21191941324067
              ],
              [
                126.90658735599924,
                37.21213466033722
              ],
              [
                126.9059883224354,
                37.21243699179983
              ],
              [
                126.90464464576553,
                37.21344526586834
              ],
              [
                126.9038785776623,
                37.21462907598885
              ],
              [
                126.90373881510051,
                37.21485214955038
              ],
              [
                126.90327351411281,
                37.21630900194179
              ],
              [
                126.90357939396796,
                37.21704355841701
              ],
              [
                126.90401866634188,
                37.217611001292816
              ],
              [
                126.90647848509266,
                37.22025395252309
              ],
              [
                126.90826411961817,
                37.22152439101635
              ],
              [
                126.90867210029514,
                37.22165525642153
              ],
              [
                126.909760031085,
                37.22187558846529
              ],
              [
                126.90974160368586,
                37.22234342217113
              ],
              [
                126.9093582641294,
                37.224449362535125
              ],
              [
                126.9093313064511,
                37.22453803901554
              ],
              [
                126.9089489192233,
                37.22511824531278
              ],
              [
                126.90883267895688,
                37.2253118512315
              ],
              [
                126.90845885894721,
                37.22617704430228
              ],
              [
                126.90809006712428,
                37.227268039097765
              ],
              [
                126.90847699169072,
                37.22756839000513
              ],
              [
                126.91101455687101,
                37.23077565335566
              ],
              [
                126.91296710208262,
                37.233638145249664
              ],
              [
                126.9126214853986,
                37.23417478956507
              ],
              [
                126.9120529015445,
                37.23513102105931
              ],
              [
                126.91219793414464,
                37.23749313228631
              ],
              [
                126.91234628912326,
                37.23818883771679
              ],
              [
                126.91243019575813,
                37.23858215538243
              ],
              [
                126.91243047398339,
                37.238582030806434
              ],
              [
                126.91277131463617,
                37.2385060664513
              ],
              [
                126.91375942095402,
                37.23835718616756
              ],
              [
                126.92003553106466,
                37.239081528610605
              ],
              [
                126.92089155176541,
                37.23961620457963
              ],
              [
                126.92136181868106,
                37.23992712086213
              ],
              [
                126.92182099691048,
                37.23985402158836
              ],
              [
                126.92515831998678,
                37.239025751104954
              ],
              [
                126.92530260439487,
                37.238987228237235
              ],
              [
                126.92532736287066,
                37.23893876689891
              ],
              [
                126.92531778608938,
                37.238867695985356
              ],
              [
                126.92520109562744,
                37.2382785838144
              ],
              [
                126.92461938887563,
                37.23733837898642
              ],
              [
                126.92444030673173,
                37.237114588500596
              ],
              [
                126.92442586434531,
                37.23709792734535
              ],
              [
                126.92439731244873,
                37.237060923137435
              ],
              [
                126.92431700168007,
                37.23688877923163
              ],
              [
                126.92430559046122,
                37.23686162419222
              ],
              [
                126.9242921252472,
                37.236802120799815
              ],
              [
                126.9242849909408,
                37.2363967020915
              ],
              [
                126.92447075916178,
                37.235627137774564
              ],
              [
                126.9245884294081,
                37.235330799313786
              ],
              [
                126.92510702308294,
                37.23530413984073
              ],
              [
                126.92515367271437,
                37.23530840453465
              ],
              [
                126.92536889895281,
                37.23533547418486
              ],
              [
                126.92545389092601,
                37.235346946633015
              ],
              [
                126.92759342359292,
                37.23575735377705
              ],
              [
                126.92964323872417,
                37.23785365012557
              ],
              [
                126.9296738331096,
                37.2379046775627
              ],
              [
                126.92970763027861,
                37.23800317000088
              ],
              [
                126.92961889330186,
                37.23815803128497
              ],
              [
                126.9295789808268,
                37.23824748994366
              ],
              [
                126.92950410473263,
                37.238519829829876
              ],
              [
                126.9294129975015,
                37.2388789175799
              ],
              [
                126.92939821226857,
                37.23905571082175
              ],
              [
                126.92938312120388,
                37.23927143739984
              ],
              [
                126.92940126833881,
                37.2394803723953
              ],
              [
                126.92956877190267,
                37.24041777847979
              ],
              [
                126.92962010582183,
                37.240677156775845
              ],
              [
                126.93003970488435,
                37.241792222253196
              ],
              [
                126.93111443964817,
                37.24419616716404
              ],
              [
                126.93122718487433,
                37.24432565856193
              ],
              [
                126.93773491658013,
                37.242850000366644
              ],
              [
                126.93816903663233,
                37.24274550513846
              ],
              [
                126.9385105714923,
                37.24260044114675
              ],
              [
                126.93887531658149,
                37.242444096355506
              ],
              [
                126.93891890115074,
                37.242424682967034
              ],
              [
                126.93943369118047,
                37.24212576511376
              ],
              [
                126.9396091522873,
                37.24202191303887
              ],
              [
                126.9397826891752,
                37.241912572975366
              ],
              [
                126.94011335760273,
                37.24163704452616
              ],
              [
                126.94016996497625,
                37.241571218317986
              ],
              [
                126.94051139941652,
                37.241172955343345
              ],
              [
                126.94084179752939,
                37.24078578602949
              ],
              [
                126.94114433732399,
                37.240469459939455
              ],
              [
                126.94126747256269,
                37.24034096123268
              ],
              [
                126.94146401203574,
                37.24015266386201
              ],
              [
                126.94240675831084,
                37.23946746579479
              ],
              [
                126.94279312490539,
                37.23931658983609
              ],
              [
                126.94397305336422,
                37.238957447791705
              ],
              [
                126.94419681760351,
                37.23891301748136
              ],
              [
                126.94545531262031,
                37.2390000827443
              ],
              [
                126.9460848247889,
                37.239069831444105
              ],
              [
                126.94632384235246,
                37.23914882810418
              ],
              [
                126.9464620213405,
                37.239243412020606
              ],
              [
                126.94740388956649,
                37.24044775150586
              ],
              [
                126.94753420197175,
                37.24072047287505
              ],
              [
                126.94779043911466,
                37.24127375607634
              ],
              [
                126.94797305587772,
                37.241803315354936
              ],
              [
                126.95110241953516,
                37.24259366389723
              ],
              [
                126.95308862882676,
                37.242459564840594
              ],
              [
                126.95321621740159,
                37.242465311850914
              ],
              [
                126.95431098269572,
                37.24312956980554
              ],
              [
                126.95545309144222,
                37.24452798535161
              ],
              [
                126.95669625373921,
                37.24512733459466
              ],
              [
                126.95677940349725,
                37.24470719779358
              ]
            ]
          ]
        ]
      },
      "properties": {
        "name": "봉담읍",
        "base_year": "2018",
        "name_eng": "Bongdam-eup",
        "code": "3124012"
      }
    },
    {
      "type": "Feature",
      "geometry": {
        "type": "MultiPolygon",
        "coordinates": [
          [
            [
              [
                126.74268438193188,
                37.038001034119304
              ],
              [
                126.74267678758737,
                37.03800105875042
              ],
              [
                126.74251605530219,
                37.03807907785127
              ],
              [
                126.74268438193188,
                37.038001034119304
              ]
            ]
          ],
          [
            [
              [
                126.74251605530219,
                37.03807907785127
              ],
              [
                126.73952669968085,
                37.03946500886673
              ],
              [
                126.73626985489607,
                37.039198619446154
              ],
              [
                126.7353704033672,
                37.03860280154293
              ],
              [
                126.73431045127124,
                37.038259711114726
              ],
              [
                126.73426197654932,
                37.03824855422665
              ],
              [
                126.7340189856261,
                37.03822659032755
              ],
              [
                126.73399473560535,
                37.038231672822484
              ],
              [
                126.73399179168838,
                37.03827612420814
              ],
              [
                126.7340009485559,
                37.038344680041654
              ],
              [
                126.73402048166734,
                37.03842342393841
              ],
              [
                126.7340365741403,
                37.03848503134387
              ],
              [
                126.73411434373176,
                37.03861431131793
              ],
              [
                126.73415472505287,
                37.03863564885621
              ],
              [
                126.73421876486972,
                37.03866255477798
              ],
              [
                126.73623514734307,
                37.03925298570646
              ],
              [
                126.7379759433166,
                37.039391121663776
              ],
              [
                126.73954454563663,
                37.03951520046557
              ],
              [
                126.7402687865645,
                37.03916985683849
              ],
              [
                126.74251605530219,
                37.03807907785127
              ]
            ]
          ],
          [
            [
              [
                126.73108338567371,
                37.04615778023441
              ],
              [
                126.73170215588085,
                37.045858744567454
              ],
              [
                126.73044964441267,
                37.04555815590845
              ],
              [
                126.72654320844721,
                37.044777835030345
              ],
              [
                126.72613207497366,
                37.044754017649254
              ],
              [
                126.72616054653518,
                37.044807561619365
              ],
              [
                126.72620011379077,
                37.04485768046376
              ],
              [
                126.72622964493128,
                37.044882844047834
              ],
              [
                126.72642394072908,
                37.04500036815897
              ],
              [
                126.72699658928471,
                37.04525891583771
              ],
              [
                126.72719700343532,
                37.0453355273476
              ],
              [
                126.73026976674555,
                37.04617385508935
              ],
              [
                126.73080968604928,
                37.04628459804
              ],
              [
                126.73085288918489,
                37.04627433340742
              ],
              [
                126.73108338567371,
                37.04615778023441
              ]
            ]
          ],
          [
            [
              [
                126.5559630512967,
                37.05985815364859
              ],
              [
                126.55599631594303,
                37.05985938606587
              ],
              [
                126.55603001316955,
                37.05985919810831
              ],
              [
                126.55601713768195,
                37.05983627940209
              ],
              [
                126.55596938622234,
                37.05976689900396
              ],
              [
                126.55593858782484,
                37.05973284059009
              ],
              [
                126.55589473348633,
                37.05970314014086
              ],
              [
                126.5554995113733,
                37.05945083968666
              ],
              [
                126.5559630512967,
                37.05985815364859
              ]
            ]
          ],
          [
            [
              [
                126.55927311725655,
                37.06166069017258
              ],
              [
                126.5594355996833,
                37.061778846984474
              ],
              [
                126.56013414423194,
                37.06200336294495
              ],
              [
                126.5601730753712,
                37.06199437978288
              ],
              [
                126.5601888902429,
                37.06197974193834
              ],
              [
                126.56053152745442,
                37.060963600027684
              ],
              [
                126.5594070926661,
                37.06081908775986
              ],
              [
                126.55874445648571,
                37.060746954759914
              ],
              [
                126.55873734254455,
                37.06083789105081
              ],
              [
                126.5584255709973,
                37.061207303655166
              ],
              [
                126.55788752567341,
                37.061151406485635
              ],
              [
                126.55761894444764,
                37.06098850108087
              ],
              [
                126.55662522875687,
                37.06037878782765
              ],
              [
                126.55639214906023,
                37.06023519777255
              ],
              [
                126.5559630512967,
                37.05985815364859
              ],
              [
                126.5559049054668,
                37.05985599940876
              ],
              [
                126.5558490436156,
                37.05985096845806
              ],
              [
                126.55574336253744,
                37.05983287624842
              ],
              [
                126.55572577774838,
                37.059829296526885
              ],
              [
                126.55570453527469,
                37.059824090401065
              ],
              [
                126.55568706683151,
                37.059815842333784
              ],
              [
                126.55528381265357,
                37.0595758281823
              ],
              [
                126.55526902376333,
                37.059565014387616
              ],
              [
                126.55347094837535,
                37.05798628774024
              ],
              [
                126.55342660248125,
                37.0579427171188
              ],
              [
                126.55336674717987,
                37.05787739817173
              ],
              [
                126.55332017989463,
                37.05782144620278
              ],
              [
                126.55327674797435,
                37.05776588520598
              ],
              [
                126.5525719244795,
                37.05679435887978
              ],
              [
                126.55257103642938,
                37.05679052445322
              ],
              [
                126.55256558663368,
                37.056766968780984
              ],
              [
                126.55257338655507,
                37.056754022077676
              ],
              [
                126.55261897856529,
                37.05672278311123
              ],
              [
                126.55264368894336,
                37.05670588268991
              ],
              [
                126.55264681256607,
                37.05669092816284
              ],
              [
                126.55255583767041,
                37.05628650226128
              ],
              [
                126.55253440298227,
                37.05620549527838
              ],
              [
                126.55246702515808,
                37.056015946051296
              ],
              [
                126.55244530995016,
                37.055969089060085
              ],
              [
                126.55242185099793,
                37.05592245072027
              ],
              [
                126.55235239163756,
                37.055786732657864
              ],
              [
                126.55233206326336,
                37.0557566040868
              ],
              [
                126.55159775845657,
                37.05476956118662
              ],
              [
                126.5508180896541,
                37.05372715986886
              ],
              [
                126.54974631903845,
                37.05275617908251
              ],
              [
                126.54972564109255,
                37.05274340643742
              ],
              [
                126.54967046275364,
                37.052755261324116
              ],
              [
                126.54966466670905,
                37.052758122821665
              ],
              [
                126.5496510498576,
                37.05276802829601
              ],
              [
                126.54963392692767,
                37.05278167713877
              ],
              [
                126.54961025197854,
                37.052806140779715
              ],
              [
                126.54957811162717,
                37.05284766679411
              ],
              [
                126.54954778171327,
                37.05290850810408
              ],
              [
                126.54953770911919,
                37.05294063803749
              ],
              [
                126.5493385614426,
                37.053901436964
              ],
              [
                126.54932322487409,
                37.05397578777056
              ],
              [
                126.5493160477523,
                37.054079429160986
              ],
              [
                126.54932387631212,
                37.05413956842454
              ],
              [
                126.54934213907282,
                37.05422245612331
              ],
              [
                126.54936639314155,
                37.054295678353775
              ],
              [
                126.5494015137384,
                37.054358435857
              ],
              [
                126.55250325766019,
                37.05887835403623
              ],
              [
                126.55522082611616,
                37.062199460114954
              ],
              [
                126.55754798398577,
                37.0633029051422
              ],
              [
                126.55927311725655,
                37.06166069017258
              ]
            ]
          ],
          [
            [
              [
                126.55386389566043,
                37.07278575689955
              ],
              [
                126.55405551550992,
                37.07259308095868
              ],
              [
                126.5542876161301,
                37.07231215610776
              ],
              [
                126.5551221705446,
                37.07117034160908
              ],
              [
                126.55515090566567,
                37.071084524817266
              ],
              [
                126.55517785700277,
                37.07094644881468
              ],
              [
                126.55517868807716,
                37.070825238977186
              ],
              [
                126.55490217954309,
                37.06844492490785
              ],
              [
                126.55487355513569,
                37.0683171993657
              ],
              [
                126.55486792253116,
                37.06830336488107
              ],
              [
                126.5548381821958,
                37.068291676547645
              ],
              [
                126.5548058303792,
                37.06828448876267
              ],
              [
                126.55477637087476,
                37.068282079826574
              ],
              [
                126.55461319846813,
                37.06827735945829
              ],
              [
                126.55458195124494,
                37.068284855207146
              ],
              [
                126.55448962112318,
                37.0683099821629
              ],
              [
                126.55445743236191,
                37.06832082898962
              ],
              [
                126.554432649092,
                37.06834006194507
              ],
              [
                126.55442524843306,
                37.06835393858213
              ],
              [
                126.5542871124452,
                37.06865891436427
              ],
              [
                126.55319052481873,
                37.072168858709375
              ],
              [
                126.55319305728291,
                37.0721953493779
              ],
              [
                126.55319830446113,
                37.07222479845457
              ],
              [
                126.5532128407802,
                37.072283061895384
              ],
              [
                126.55326420466737,
                37.07237174041204
              ],
              [
                126.55328302949216,
                37.07240030274555
              ],
              [
                126.55330530257177,
                37.07242567097833
              ],
              [
                126.55335563223771,
                37.07247431013187
              ],
              [
                126.55338269685836,
                37.07249955254032
              ],
              [
                126.55340949290708,
                37.07252269256073
              ],
              [
                126.55367508734072,
                37.072707565030115
              ],
              [
                126.55369226848678,
                37.072719414883856
              ],
              [
                126.5538306752499,
                37.072782416333695
              ],
              [
                126.55385473474202,
                37.07278499156869
              ],
              [
                126.55386389566043,
                37.07278575689955
              ]
            ]
          ],
          [
            [
              [
                126.53554220729659,
                37.11453701075993
              ],
              [
                126.53630200588125,
                37.114330470245314
              ],
              [
                126.53631793106155,
                37.114326126990406
              ],
              [
                126.53634070197681,
                37.11431519613423
              ],
              [
                126.536363330145,
                37.11430380620401
              ],
              [
                126.53943653186495,
                37.112646312405005
              ],
              [
                126.5408149952431,
                37.111727615736314
              ],
              [
                126.54112743668229,
                37.11081489197218
              ],
              [
                126.5413862796261,
                37.1096509251995
              ],
              [
                126.5413892463681,
                37.109636817181475
              ],
              [
                126.54139171833842,
                37.10962214086474
              ],
              [
                126.54145533831776,
                37.10921787270536
              ],
              [
                126.54145659417203,
                37.10920913756025
              ],
              [
                126.54145763741448,
                37.10919637327598
              ],
              [
                126.5414579943077,
                37.10918573612613
              ],
              [
                126.54145805029816,
                37.10916164959652
              ],
              [
                126.5414577157088,
                37.10915194251627
              ],
              [
                126.5414506115371,
                37.109117316682116
              ],
              [
                126.54144182837275,
                37.10908285219119
              ],
              [
                126.54143761033701,
                37.10906783335908
              ],
              [
                126.54143363772926,
                37.10905709449752
              ],
              [
                126.54142269350882,
                37.10903425486729
              ],
              [
                126.54141500486325,
                37.1090217120539
              ],
              [
                126.54134914192267,
                37.1085987422658
              ],
              [
                126.54122769263829,
                37.107052760092394
              ],
              [
                126.5412097497673,
                37.10678038197885
              ],
              [
                126.54120616472895,
                37.106576250805475
              ],
              [
                126.54124080282577,
                37.10593488574917
              ],
              [
                126.5412420064295,
                37.1059181476001
              ],
              [
                126.54124487679873,
                37.10590095965477
              ],
              [
                126.54125287871187,
                37.105866839960704
              ],
              [
                126.5412567613984,
                37.10585541105291
              ],
              [
                126.54195005088447,
                37.10368500162719
              ],
              [
                126.53938802702969,
                37.09866465412684
              ],
              [
                126.53923052112346,
                37.09899299220266
              ],
              [
                126.53795077217161,
                37.10986072440384
              ],
              [
                126.53817043852654,
                37.110509575823194
              ],
              [
                126.53817572428362,
                37.110528582189545
              ],
              [
                126.53818029359338,
                37.1105465677567
              ],
              [
                126.53819067369811,
                37.110588146621396
              ],
              [
                126.53820701569866,
                37.11065382475005
              ],
              [
                126.53823591979668,
                37.1108299062342
              ],
              [
                126.53822103648585,
                37.11130207302492
              ],
              [
                126.5382201850493,
                37.111321694784884
              ],
              [
                126.53821539442056,
                37.111341670426725
              ],
              [
                126.53820324192947,
                37.11139216330597
              ],
              [
                126.53819953665202,
                37.11140570098133
              ],
              [
                126.53797763265223,
                37.111989732676605
              ],
              [
                126.5377332112675,
                37.112431206437094
              ],
              [
                126.53554220729659,
                37.11453701075993
              ]
            ]
          ],
          [
            [
              [
                126.81178398413337,
                37.139110417968766
              ],
              [
                126.81229616709837,
                37.139733985674596
              ],
              [
                126.81326956515994,
                37.13893969081218
              ],
              [
                126.81385954470191,
                37.13839386750112
              ],
              [
                126.81521053296974,
                37.137032073748465
              ],
              [
                126.82430243829717,
                37.129510230217086
              ],
              [
                126.82435441540801,
                37.129467237362626
              ],
              [
                126.8251811893271,
                37.12957326119431
              ],
              [
                126.82868270831088,
                37.13002236845296
              ],
              [
                126.82868278703276,
                37.130022377907885
              ],
              [
                126.82902111037735,
                37.1298289298142
              ],
              [
                126.82859813138386,
                37.12794320491241
              ],
              [
                126.82858505150708,
                37.12788492339458
              ],
              [
                126.82853083314777,
                37.12789528714844
              ],
              [
                126.8283292650726,
                37.1279350186291
              ],
              [
                126.82800514323816,
                37.12804482451354
              ],
              [
                126.82779570467484,
                37.12815056194846
              ],
              [
                126.82689127587652,
                37.12825680590185
              ],
              [
                126.82578395907498,
                37.12823780704628
              ],
              [
                126.8259728896143,
                37.127311087251194
              ],
              [
                126.82626106874046,
                37.1263791548773
              ],
              [
                126.82739437926628,
                37.124897247000334
              ],
              [
                126.82840269536408,
                37.123555186899964
              ],
              [
                126.82929331247742,
                37.122324911584165
              ],
              [
                126.83004627407433,
                37.120047782112785
              ],
              [
                126.83047409773472,
                37.11825516946858
              ],
              [
                126.82894752049839,
                37.11740139638099
              ],
              [
                126.82875400148883,
                37.11731721630733
              ],
              [
                126.82771541257937,
                37.11712172025826
              ],
              [
                126.82736684780582,
                37.117077155286495
              ],
              [
                126.82730733918017,
                37.11708098757079
              ],
              [
                126.8269128202869,
                37.11711266119024
              ],
              [
                126.82661758262118,
                37.117157448629754
              ],
              [
                126.82661213621819,
                37.11717684667241
              ],
              [
                126.82413422503487,
                37.11752556868303
              ],
              [
                126.81465467102201,
                37.11643717503007
              ],
              [
                126.81417816372776,
                37.11633764081421
              ],
              [
                126.81417500445237,
                37.11546470124162
              ],
              [
                126.81422594372799,
                37.110290616187996
              ],
              [
                126.81467150570458,
                37.10866641857908
              ],
              [
                126.8147012794281,
                37.108622917407104
              ],
              [
                126.81794371711199,
                37.104427336550465
              ],
              [
                126.81987237838607,
                37.10337195902527
              ],
              [
                126.82054223999428,
                37.10319175313975
              ],
              [
                126.82724334970152,
                37.10281371518009
              ],
              [
                126.82842172456562,
                37.102821361425654
              ],
              [
                126.83071887204814,
                37.101767784627214
              ],
              [
                126.83243213512209,
                37.10050099983862
              ],
              [
                126.83344020981184,
                37.09952840740075
              ],
              [
                126.83377563709904,
                37.099175369031094
              ],
              [
                126.83385765891913,
                37.09907071808052
              ],
              [
                126.83343424115354,
                37.0988027919721
              ],
              [
                126.83121232925993,
                37.09768460663619
              ],
              [
                126.83103714666314,
                37.097607025591024
              ],
              [
                126.83044587193159,
                37.09758933440345
              ],
              [
                126.83006901945313,
                37.09757805840248
              ],
              [
                126.82977066247716,
                37.097784717394745
              ],
              [
                126.82951478828016,
                37.09762448011206
              ],
              [
                126.827919353838,
                37.09657046403798
              ],
              [
                126.82783297245525,
                37.09626613033707
              ],
              [
                126.82781883338677,
                37.09621629046271
              ],
              [
                126.828087347965,
                37.09325325372603
              ],
              [
                126.82815634054602,
                37.09256052749089
              ],
              [
                126.8281565489454,
                37.09256037183642
              ],
              [
                126.82863830583935,
                37.092203707329574
              ],
              [
                126.82891398329095,
                37.091880990157385
              ],
              [
                126.82895976111554,
                37.09179255387819
              ],
              [
                126.82897379621322,
                37.09175923417853
              ],
              [
                126.82908098826603,
                37.09147098861551
              ],
              [
                126.82896711507121,
                37.0911145984324
              ],
              [
                126.82850608855745,
                37.08998596099557
              ],
              [
                126.8283704012035,
                37.08966759801454
              ],
              [
                126.82762851714874,
                37.08812794268574
              ],
              [
                126.82737427798274,
                37.08785407065061
              ],
              [
                126.82650869126373,
                37.087180200011744
              ],
              [
                126.82585064482136,
                37.08676273078104
              ],
              [
                126.82486464949736,
                37.08623181994298
              ],
              [
                126.8230419925252,
                37.08527288594301
              ],
              [
                126.82248413740616,
                37.08417286848644
              ],
              [
                126.82203416598766,
                37.08333058951854
              ],
              [
                126.82141881573722,
                37.0828000826186
              ],
              [
                126.81916308851807,
                37.08092380766936
              ],
              [
                126.81890320557434,
                37.080713892553874
              ],
              [
                126.81807684943675,
                37.08019181401708
              ],
              [
                126.81790465319517,
                37.08008738304532
              ],
              [
                126.81712092227792,
                37.07973209532911
              ],
              [
                126.81519696290685,
                37.07928252753452
              ],
              [
                126.81519659952157,
                37.07928290045204
              ],
              [
                126.81519026318927,
                37.079289415327686
              ],
              [
                126.81504398813539,
                37.07950014131691
              ],
              [
                126.81484085320002,
                37.079833026240856
              ],
              [
                126.81481350456001,
                37.079892128936926
              ],
              [
                126.81455489261916,
                37.08034403630183
              ],
              [
                126.81433543622146,
                37.080722783598965
              ],
              [
                126.81421895563076,
                37.08091990537131
              ],
              [
                126.8122678020951,
                37.08128116275796
              ],
              [
                126.81189723493098,
                37.081277093306056
              ],
              [
                126.81054624681214,
                37.08119029792893
              ],
              [
                126.81035643393774,
                37.08115771520972
              ],
              [
                126.81023273531684,
                37.08113055739191
              ],
              [
                126.81013109479053,
                37.08105772160464
              ],
              [
                126.80859478732587,
                37.07976694120138
              ],
              [
                126.80677568574687,
                37.07695002412541
              ],
              [
                126.80664033595728,
                37.07665868585011
              ],
              [
                126.80661870208667,
                37.076596666554416
              ],
              [
                126.80654280626948,
                37.07637143024982
              ],
              [
                126.80653526248615,
                37.07634889947046
              ],
              [
                126.80753364178528,
                37.07420653123984
              ],
              [
                126.80789988865976,
                37.07399886675259
              ],
              [
                126.80880319541761,
                37.07356960246031
              ],
              [
                126.80904895322675,
                37.07347001837651
              ],
              [
                126.80949126054097,
                37.073385090372994
              ],
              [
                126.80997309451206,
                37.07343858103335
              ],
              [
                126.81098433193199,
                37.07384998423376
              ],
              [
                126.8114462645842,
                37.07404732890308
              ],
              [
                126.81161427293156,
                37.07403773236536
              ],
              [
                126.81186618451477,
                37.073989684912554
              ],
              [
                126.81243280246412,
                37.07261194536054
              ],
              [
                126.81256029943023,
                37.07173482785315
              ],
              [
                126.81082180420472,
                37.07006319479903
              ],
              [
                126.81061631223709,
                37.06991734348665
              ],
              [
                126.80973118051938,
                37.06935525687597
              ],
              [
                126.80854846737863,
                37.06863659693812
              ],
              [
                126.80788143185036,
                37.06825803912067
              ],
              [
                126.8050158524879,
                37.06684278252673
              ],
              [
                126.80167436849044,
                37.065548937645126
              ],
              [
                126.79632253730355,
                37.06253759557752
              ],
              [
                126.79622723263472,
                37.06211783987819
              ],
              [
                126.79593318669757,
                37.05892345445137
              ],
              [
                126.7959131166988,
                37.05869025998828
              ],
              [
                126.79588490603116,
                37.05762064620785
              ],
              [
                126.79591823810836,
                37.056562674259446
              ],
              [
                126.79595500225882,
                37.05648357869361
              ],
              [
                126.79607067367012,
                37.05623474247132
              ],
              [
                126.79618289473679,
                37.05621496964514
              ],
              [
                126.79700566018775,
                37.055869435532955
              ],
              [
                126.79704756463194,
                37.05585182860504
              ],
              [
                126.80170246708012,
                37.052133427908544
              ],
              [
                126.80179677875321,
                37.05181140030356
              ],
              [
                126.80127717647233,
                37.05162141795204
              ],
              [
                126.80069662442813,
                37.05117521956817
              ],
              [
                126.80096246068346,
                37.050222611451304
              ],
              [
                126.80103613226233,
                37.049990802718995
              ],
              [
                126.80300975662688,
                37.049232615081685
              ],
              [
                126.80336134979191,
                37.04911199009835
              ],
              [
                126.80516738838163,
                37.04853701192666
              ],
              [
                126.80528935825295,
                37.04859855926305
              ],
              [
                126.80589988884968,
                37.048843179006155
              ],
              [
                126.80663780735802,
                37.04888027135356
              ],
              [
                126.80850618107287,
                37.04862016332311
              ],
              [
                126.80896343232544,
                37.04837937457911
              ],
              [
                126.81018924712205,
                37.047662322109765
              ],
              [
                126.81034456006587,
                37.04749976739512
              ],
              [
                126.81044787447719,
                37.047357833938825
              ],
              [
                126.8105598936659,
                37.04712080096514
              ],
              [
                126.81132077585232,
                37.04463717683012
              ],
              [
                126.81137617344731,
                37.04441499051797
              ],
              [
                126.81127209599832,
                37.04247716809653
              ],
              [
                126.81004580206691,
                37.041412370925826
              ],
              [
                126.81073665294544,
                37.03985795243598
              ],
              [
                126.81131052762676,
                37.0382835095947
              ],
              [
                126.81267870329206,
                37.03401122941716
              ],
              [
                126.81266173934272,
                37.0279881293772
              ],
              [
                126.81142347114191,
                37.02684220890183
              ],
              [
                126.8099492693403,
                37.023933725271405
              ],
              [
                126.81055911054473,
                37.023634974766026
              ],
              [
                126.81109109782105,
                37.02315386591896
              ],
              [
                126.81145148587625,
                37.02264260890379
              ],
              [
                126.81260985156712,
                37.020711868245655
              ],
              [
                126.81261303419835,
                37.019666783554754
              ],
              [
                126.812618263207,
                37.01738118051067
              ],
              [
                126.81261949265462,
                37.01539544587671
              ],
              [
                126.8126206536101,
                37.013409113720115
              ],
              [
                126.8107752363261,
                37.013432747857856
              ],
              [
                126.80373005074658,
                37.0134302278836
              ],
              [
                126.79771019862763,
                37.01342004593023
              ],
              [
                126.79763313963605,
                37.0141310282751
              ],
              [
                126.797508699872,
                37.016158497625675
              ],
              [
                126.79724642045515,
                37.016834669630114
              ],
              [
                126.79710708523788,
                37.0170790292881
              ],
              [
                126.79708732338105,
                37.01711170416997
              ],
              [
                126.79705493147634,
                37.01715590369774
              ],
              [
                126.79550503039653,
                37.020996015619666
              ],
              [
                126.79522122281377,
                37.02500042540071
              ],
              [
                126.79519036920696,
                37.02541061367902
              ],
              [
                126.79517360239026,
                37.0256286451568
              ],
              [
                126.79459718242073,
                37.02647538349583
              ],
              [
                126.78964050492421,
                37.029642228035975
              ],
              [
                126.7894234521311,
                37.02970645078147
              ],
              [
                126.78937119796129,
                37.02971642303266
              ],
              [
                126.78933968984896,
                37.029718033565366
              ],
              [
                126.78756296990646,
                37.02980853471967
              ],
              [
                126.7776679017761,
                37.02975674082304
              ],
              [
                126.76920792784986,
                37.0296136452264
              ],
              [
                126.76375601553451,
                37.02958353398218
              ],
              [
                126.75226650734614,
                37.029613153418325
              ],
              [
                126.75215544434934,
                37.02961699303872
              ],
              [
                126.75092372866789,
                37.029681894143344
              ],
              [
                126.75061902084288,
                37.02970570021106
              ],
              [
                126.75057713727645,
                37.029711505838954
              ],
              [
                126.75027458030618,
                37.02979270517927
              ],
              [
                126.75021413525494,
                37.02981477033535
              ],
              [
                126.75002068357571,
                37.02989921846179
              ],
              [
                126.75000000588136,
                37.02990921247668
              ],
              [
                126.74961946493295,
                37.03009512158258
              ],
              [
                126.7494323761787,
                37.03021675095612
              ],
              [
                126.74921928165783,
                37.030416700037776
              ],
              [
                126.7490073193704,
                37.030658099456836
              ],
              [
                126.74889293107589,
                37.03083868638679
              ],
              [
                126.74876984872226,
                37.03112613880813
              ],
              [
                126.74869467925382,
                37.031397007347785
              ],
              [
                126.74867892830814,
                37.03173189206992
              ],
              [
                126.74870094396248,
                37.032811165935115
              ],
              [
                126.74880416494612,
                37.033210380763585
              ],
              [
                126.74880893841545,
                37.03436801889345
              ],
              [
                126.74880484660015,
                37.03501626988701
              ],
              [
                126.74879831800695,
                37.03516606914908
              ],
              [
                126.74268438193188,
                37.038001034119304
              ],
              [
                126.74528493745942,
                37.03799256613399
              ],
              [
                126.74526073150658,
                37.03970986270021
              ],
              [
                126.74526052255736,
                37.03975198808539
              ],
              [
                126.74548474654723,
                37.041077849132726
              ],
              [
                126.74554790316171,
                37.04138871071055
              ],
              [
                126.74556184712318,
                37.041447760939036
              ],
              [
                126.74579783887268,
                37.04236688375079
              ],
              [
                126.74582155972996,
                37.04244956267295
              ],
              [
                126.74597756676106,
                37.04283487251145
              ],
              [
                126.74616024679845,
                37.043241412221214
              ],
              [
                126.74633327941307,
                37.04362234250286
              ],
              [
                126.74828993239261,
                37.047486832111524
              ],
              [
                126.74928405039255,
                37.049017697786795
              ],
              [
                126.75419946489266,
                37.05348875048619
              ],
              [
                126.75579284510343,
                37.05474595481636
              ],
              [
                126.7560035293085,
                37.05491190512409
              ],
              [
                126.756325331384,
                37.055166084352315
              ],
              [
                126.75650909874672,
                37.055311258709665
              ],
              [
                126.75655162768453,
                37.05534618818775
              ],
              [
                126.7566809018326,
                37.05545580072398
              ],
              [
                126.7556016966452,
                37.056232808915134
              ],
              [
                126.7335394121441,
                37.07347768545754
              ],
              [
                126.72025337057367,
                37.08385129259555
              ],
              [
                126.70644575155877,
                37.09462278859926
              ],
              [
                126.69691836426347,
                37.10205963327125
              ],
              [
                126.69217560125026,
                37.10577061084632
              ],
              [
                126.68555892284422,
                37.11094900857351
              ],
              [
                126.68404466006567,
                37.11214228618162
              ],
              [
                126.6833880396034,
                37.1132497242491
              ],
              [
                126.68370079477126,
                37.11352466349697
              ],
              [
                126.68398557593733,
                37.11351973901174
              ],
              [
                126.68450091842841,
                37.113483464615285
              ],
              [
                126.68596055254332,
                37.11328660250983
              ],
              [
                126.68640337683567,
                37.11296457177972
              ],
              [
                126.6863331157934,
                37.11286923341782
              ],
              [
                126.68619717918882,
                37.11284823882936
              ],
              [
                126.68612176529219,
                37.1116348591799
              ],
              [
                126.68889136643425,
                37.1094756063919
              ],
              [
                126.68981232377101,
                37.1093400784856
              ],
              [
                126.69789003704217,
                37.103030489887146
              ],
              [
                126.69809531872278,
                37.10210536044042
              ],
              [
                126.7030127889442,
                37.09820184716849
              ],
              [
                126.7190707615081,
                37.085584012685565
              ],
              [
                126.73243221887992,
                37.07513087991328
              ],
              [
                126.7346157594252,
                37.07342622844404
              ],
              [
                126.75627600760892,
                37.05627484184512
              ],
              [
                126.75678547046132,
                37.05601224223972
              ],
              [
                126.7700239183105,
                37.06007142464821
              ],
              [
                126.77089097491202,
                37.064387438314036
              ],
              [
                126.76952810159119,
                37.064396113432
              ],
              [
                126.7674414200966,
                37.064330256172134
              ],
              [
                126.7663194076218,
                37.06410128375271
              ],
              [
                126.7652738059832,
                37.06360653095837
              ],
              [
                126.76515355185013,
                37.063555995587095
              ],
              [
                126.76477464503309,
                37.06344950021616
              ],
              [
                126.76413078383462,
                37.063275885199005
              ],
              [
                126.76389777304007,
                37.063213911404226
              ],
              [
                126.7632427799377,
                37.063045685084404
              ],
              [
                126.76317847925004,
                37.06303815729705
              ],
              [
                126.76312481260622,
                37.06306677549794
              ],
              [
                126.76163737228144,
                37.068125022686225
              ],
              [
                126.76376503681021,
                37.06859457006783
              ],
              [
                126.76450525820766,
                37.068757917247524
              ],
              [
                126.76454038474841,
                37.06915251720328
              ],
              [
                126.76452929210342,
                37.06921927368369
              ],
              [
                126.76396458071476,
                37.070386848939755
              ],
              [
                126.7632596418389,
                37.075227852107716
              ],
              [
                126.76324744642874,
                37.07537290711283
              ],
              [
                126.7632569844434,
                37.0756061127015
              ],
              [
                126.7634819787214,
                37.07920617758912
              ],
              [
                126.76480664600183,
                37.08167471650425
              ],
              [
                126.76510435186948,
                37.084230771517255
              ],
              [
                126.76517042567403,
                37.085148002901626
              ],
              [
                126.76580711654205,
                37.08899793174295
              ],
              [
                126.76697333007915,
                37.092591659001314
              ],
              [
                126.76825835334063,
                37.0948360997627
              ],
              [
                126.7684662316958,
                37.09531797176958
              ],
              [
                126.7702627852104,
                37.09959318064438
              ],
              [
                126.77080967178574,
                37.1016038751198
              ],
              [
                126.76999141362408,
                37.1039780901868
              ],
              [
                126.76965624260365,
                37.10414349137542
              ],
              [
                126.76885123690656,
                37.103329773406124
              ],
              [
                126.7686577031679,
                37.103258282743134
              ],
              [
                126.76817581314062,
                37.10332483322916
              ],
              [
                126.7675385518573,
                37.10351985510944
              ],
              [
                126.76658989855387,
                37.103824240975385
              ],
              [
                126.7663973029339,
                37.10393376935478
              ],
              [
                126.76610438956774,
                37.10423011323851
              ],
              [
                126.76541433114868,
                37.10498347603973
              ],
              [
                126.76276925400715,
                37.10802011331027
              ],
              [
                126.75896345158819,
                37.1107600437998
              ],
              [
                126.75828664180769,
                37.11142173573174
              ],
              [
                126.75853027287992,
                37.11276313349438
              ],
              [
                126.75871871435307,
                37.11356538689973
              ],
              [
                126.75972180430482,
                37.11632722540824
              ],
              [
                126.76004036121763,
                37.11710531438001
              ],
              [
                126.76019207658277,
                37.117475128557786
              ],
              [
                126.76026848884351,
                37.11765809829083
              ],
              [
                126.7604094092774,
                37.11792680096196
              ],
              [
                126.76044805309887,
                37.11798242071497
              ],
              [
                126.76545900822202,
                37.12411476383719
              ],
              [
                126.76863285507812,
                37.127099869900675
              ],
              [
                126.76865286195827,
                37.127117994374714
              ],
              [
                126.76885829802997,
                37.12727653128407
              ],
              [
                126.77144881691717,
                37.129147264071165
              ],
              [
                126.77213210097568,
                37.12923378305429
              ],
              [
                126.77202269226402,
                37.128548913594344
              ],
              [
                126.77194379190894,
                37.12786785316381
              ],
              [
                126.77213455121056,
                37.127493312346466
              ],
              [
                126.77224098018671,
                37.1275202254686
              ],
              [
                126.77360719350374,
                37.12791544773952
              ],
              [
                126.77395741791312,
                37.12801738947765
              ],
              [
                126.77413976242396,
                37.12808597620641
              ],
              [
                126.77414887659236,
                37.128089985557416
              ],
              [
                126.77434584360114,
                37.12817665711613
              ],
              [
                126.77573549068924,
                37.12967646652046
              ],
              [
                126.77631863324493,
                37.13204666063776
              ],
              [
                126.77633167149605,
                37.132067932239565
              ],
              [
                126.77635549121963,
                37.13210309175296
              ],
              [
                126.7763971038567,
                37.13213915852134
              ],
              [
                126.77655638838554,
                37.13221962005434
              ],
              [
                126.77765039544879,
                37.13270726784707
              ],
              [
                126.78250738459309,
                37.134865242087486
              ],
              [
                126.7825720808896,
                37.13489033030996
              ],
              [
                126.78261675207614,
                37.134892691944906
              ],
              [
                126.78335154597936,
                37.134613847275375
              ],
              [
                126.7834824905987,
                37.13453884888144
              ],
              [
                126.78650913856357,
                37.132568439872486
              ],
              [
                126.78654721417205,
                37.132527547008515
              ],
              [
                126.7865716527621,
                37.13249323341674
              ],
              [
                126.78659758976812,
                37.132431342296975
              ],
              [
                126.78661100966414,
                37.132394045467265
              ],
              [
                126.78695477497695,
                37.13082944693943
              ],
              [
                126.78722263744615,
                37.12961081463457
              ],
              [
                126.79340688772402,
                37.12892918274614
              ],
              [
                126.79500285129951,
                37.12875322277412
              ],
              [
                126.79525698678866,
                37.12886010625836
              ],
              [
                126.7957577018189,
                37.13033803766481
              ],
              [
                126.7958533499167,
                37.130739458604495
              ],
              [
                126.7959033358088,
                37.13118562257392
              ],
              [
                126.7959015210091,
                37.13155695252201
              ],
              [
                126.79589839408479,
                37.13205640204433
              ],
              [
                126.79595346980716,
                37.133899702086254
              ],
              [
                126.79597814014608,
                37.13402406209724
              ],
              [
                126.79602375314441,
                37.13414860414335
              ],
              [
                126.79611560152885,
                37.134306240834405
              ],
              [
                126.79624718426867,
                37.134439553729905
              ],
              [
                126.80043365185713,
                37.137664722340844
              ],
              [
                126.80136705288037,
                37.13835959931414
              ],
              [
                126.80147193349711,
                37.13839423099263
              ],
              [
                126.8015745691076,
                37.13839751297077
              ],
              [
                126.80210051481009,
                37.138377071561294
              ],
              [
                126.80306756412281,
                37.138320478063235
              ],
              [
                126.80363211416174,
                37.138290847972165
              ],
              [
                126.8062464232553,
                37.13819766155577
              ],
              [
                126.8068227204569,
                37.138529079259115
              ],
              [
                126.80684646175453,
                37.138558187398424
              ],
              [
                126.8075437682352,
                37.13908138151412
              ],
              [
                126.80768962986411,
                37.139165923480945
              ],
              [
                126.80785611587656,
                37.13926240851205
              ],
              [
                126.81017460923006,
                37.13975383236084
              ],
              [
                126.81049306089977,
                37.139632758982145
              ],
              [
                126.81178398413337,
                37.139110417968766
              ]
            ]
          ]
        ]
      },
      "properties": {
        "name": "우정읍",
        "base_year": "2018",
        "name_eng": "Ujeongeup",
        "code": "3124013"
      }
    },
    {
      "type": "Feature",
      "geometry": {
        "type": "MultiPolygon",
        "coordinates": [
          [
            [
              [
                126.92289115961738,
                37.143531290945454
              ],
              [
                126.92914778841465,
                37.14617541915318
              ],
              [
                126.9284987559516,
                37.1446969177765
              ],
              [
                126.928509415827,
                37.14456688502514
              ],
              [
                126.92856569477033,
                37.14394908563564
              ],
              [
                126.92867327154633,
                37.14321086543923
              ],
              [
                126.93188087963564,
                37.14335530180934
              ],
              [
                126.9320654393139,
                37.14337665725868
              ],
              [
                126.93259886504038,
                37.14345006267177
              ],
              [
                126.93272449377733,
                37.14346821079729
              ],
              [
                126.93283467268407,
                37.143507010033574
              ],
              [
                126.93290597407866,
                37.143547058393025
              ],
              [
                126.93297575734167,
                37.14364972015359
              ],
              [
                126.93324969027474,
                37.143907219843456
              ],
              [
                126.93430639590507,
                37.14470404751721
              ],
              [
                126.93473279761953,
                37.1450116107434
              ],
              [
                126.93556497035152,
                37.14560909644904
              ],
              [
                126.93894105898927,
                37.1448077550042
              ],
              [
                126.93946275875071,
                37.144415143120035
              ],
              [
                126.9395964464888,
                37.14431571869169
              ],
              [
                126.93980183994013,
                37.144162979586646
              ],
              [
                126.94004267540912,
                37.14398388457266
              ],
              [
                126.94034982320093,
                37.143756258236856
              ],
              [
                126.94060257351093,
                37.14356895043056
              ],
              [
                126.94126775518362,
                37.14311265374098
              ],
              [
                126.94163230817385,
                37.14297598730381
              ],
              [
                126.94206476422346,
                37.14281782707972
              ],
              [
                126.94536159596834,
                37.14394427283247
              ],
              [
                126.945872541689,
                37.14415252287029
              ],
              [
                126.94593406513714,
                37.14445846767435
              ],
              [
                126.94585595226582,
                37.14471822392263
              ],
              [
                126.94543629566142,
                37.14575289279188
              ],
              [
                126.94531967296932,
                37.14646527343399
              ],
              [
                126.94565969405703,
                37.149515055758414
              ],
              [
                126.94586838113192,
                37.15009524267637
              ],
              [
                126.94635706390342,
                37.1504627321356
              ],
              [
                126.94974239557511,
                37.14924904428028
              ],
              [
                126.95236072951046,
                37.1484349037948
              ],
              [
                126.95243498978951,
                37.14816875519953
              ],
              [
                126.95242525972859,
                37.147827756734
              ],
              [
                126.95257536035895,
                37.14650271227455
              ],
              [
                126.95266161547413,
                37.146133649035626
              ],
              [
                126.9528083869899,
                37.145652268237406
              ],
              [
                126.95301360574331,
                37.145420700484514
              ],
              [
                126.95540436258699,
                37.14349384145258
              ],
              [
                126.95676675448169,
                37.143044647753264
              ],
              [
                126.95780704646803,
                37.14270919532633
              ],
              [
                126.95836906148809,
                37.14257845977785
              ],
              [
                126.9594243315241,
                37.14352526079328
              ],
              [
                126.95966898154246,
                37.14385391630564
              ],
              [
                126.9608894802349,
                37.144041655156464
              ],
              [
                126.96273702669956,
                37.143696530824435
              ],
              [
                126.96290781653478,
                37.143656804489034
              ],
              [
                126.96328943413566,
                37.14361050236227
              ],
              [
                126.96462544348564,
                37.14355979162364
              ],
              [
                126.96518175086769,
                37.14355688198037
              ],
              [
                126.9654111061556,
                37.14355569015645
              ],
              [
                126.96613859560826,
                37.1435687854046
              ],
              [
                126.96712406821277,
                37.143740240471246
              ],
              [
                126.96936040317195,
                37.14453706588329
              ],
              [
                126.97409263315583,
                37.14337718667266
              ],
              [
                126.97799422284729,
                37.142985631108985
              ],
              [
                126.98218677580304,
                37.14147816793893
              ],
              [
                126.98253126843787,
                37.13872478374002
              ],
              [
                126.98253897125011,
                37.138249468662174
              ],
              [
                126.98254440554828,
                37.1378559341545
              ],
              [
                126.98242576403327,
                37.13737808790534
              ],
              [
                126.98220178828558,
                37.1365721830395
              ],
              [
                126.98203950324147,
                37.13589036521464
              ],
              [
                126.98200271737072,
                37.13564703951338
              ],
              [
                126.9822494270614,
                37.13484823111886
              ],
              [
                126.98226118371889,
                37.134813163443006
              ],
              [
                126.98345305563831,
                37.1335976108415
              ],
              [
                126.9870375859559,
                37.130148682131754
              ],
              [
                126.98746237687696,
                37.12983464446332
              ],
              [
                126.98750722750424,
                37.129807464249986
              ],
              [
                126.9879765908378,
                37.129674350775716
              ],
              [
                126.99025703788352,
                37.129159510886126
              ],
              [
                126.99043649970787,
                37.12914451490445
              ],
              [
                126.99145347253433,
                37.129085031221
              ],
              [
                126.99186084603664,
                37.12925691991437
              ],
              [
                126.9928580896425,
                37.1297007232101
              ],
              [
                126.9928541984014,
                37.12978379886291
              ],
              [
                126.99319251660593,
                37.12986060210208
              ],
              [
                126.99566067279373,
                37.12952463755868
              ],
              [
                126.99613339186695,
                37.12932769853339
              ],
              [
                126.99633449192987,
                37.129157598199114
              ],
              [
                126.99698681257719,
                37.128528200989756
              ],
              [
                126.99724306016323,
                37.12819274693298
              ],
              [
                126.99733406180175,
                37.12805071664223
              ],
              [
                126.99736933396355,
                37.12796536167508
              ],
              [
                126.99738459828724,
                37.12788757307066
              ],
              [
                126.99725290360914,
                37.12725367753583
              ],
              [
                126.99722861193007,
                37.127157000615924
              ],
              [
                126.99717969291216,
                37.127004883226476
              ],
              [
                126.99711743928319,
                37.12682574074075
              ],
              [
                126.99701733348019,
                37.126615304581115
              ],
              [
                126.99694344306265,
                37.126463293864624
              ],
              [
                126.99689936925282,
                37.12637460057759
              ],
              [
                126.99685392001079,
                37.12581616906312
              ],
              [
                126.99676910671451,
                37.12471734552848
              ],
              [
                126.99685706644208,
                37.12457892087583
              ],
              [
                126.99723749746987,
                37.124228460372905
              ],
              [
                126.99731618967303,
                37.12419341174697
              ],
              [
                126.99740911693044,
                37.12418264803236
              ],
              [
                126.99750127682607,
                37.124187489886644
              ],
              [
                126.99758931050333,
                37.12429476535468
              ],
              [
                126.99760450700305,
                37.12431328355412
              ],
              [
                126.9987507820109,
                37.12315138259751
              ],
              [
                126.99835728557063,
                37.1232511544377
              ],
              [
                126.99800335609102,
                37.12333975612743
              ],
              [
                126.99731829453664,
                37.123394796451606
              ],
              [
                126.99704512382687,
                37.123415691834495
              ],
              [
                126.99689466564686,
                37.12341083845422
              ],
              [
                126.99669377373613,
                37.123395591955365
              ],
              [
                126.996184871355,
                37.12330477985549
              ],
              [
                126.99563391018653,
                37.12312239031929
              ],
              [
                126.99393837424222,
                37.122219634435965
              ],
              [
                126.98679156562196,
                37.12151409161766
              ],
              [
                126.9858772010347,
                37.1210237463469
              ],
              [
                126.98564441126584,
                37.12076431921311
              ],
              [
                126.98546605093208,
                37.12054468883688
              ],
              [
                126.98476975332477,
                37.11989702181196
              ],
              [
                126.98474845723915,
                37.119877222449325
              ],
              [
                126.9843192522565,
                37.11961895088066
              ],
              [
                126.98062322007095,
                37.11947065318246
              ],
              [
                126.97949175885628,
                37.1197520829039
              ],
              [
                126.97885525838792,
                37.120024043493466
              ],
              [
                126.97857199712169,
                37.12006472452345
              ],
              [
                126.97715169622288,
                37.120031909992754
              ],
              [
                126.97668065560005,
                37.119949072335196
              ],
              [
                126.97601275161627,
                37.11976038736526
              ],
              [
                126.9735396723813,
                37.116911336669084
              ],
              [
                126.97331678925009,
                37.11658080217367
              ],
              [
                126.97330940584389,
                37.116343472152224
              ],
              [
                126.97338176658444,
                37.11444693350626
              ],
              [
                126.97352149553613,
                37.11297532824909
              ],
              [
                126.9736100459357,
                37.112781502653604
              ],
              [
                126.97340658640245,
                37.11222261749231
              ],
              [
                126.97320648051273,
                37.111849478233665
              ],
              [
                126.97140227170955,
                37.10912657571171
              ],
              [
                126.96514221945638,
                37.10629343320433
              ],
              [
                126.95970671933628,
                37.10833178435608
              ],
              [
                126.9592474915292,
                37.10844801946662
              ],
              [
                126.95878065827353,
                37.108563529597326
              ],
              [
                126.95804681412325,
                37.10872813833362
              ],
              [
                126.95550198953154,
                37.108668222847164
              ],
              [
                126.95521365917847,
                37.10853032153216
              ],
              [
                126.95440179986043,
                37.10701728568445
              ],
              [
                126.95447425054611,
                37.10643604031532
              ],
              [
                126.95453031765662,
                37.10631450060634
              ],
              [
                126.95464168467706,
                37.10610776139198
              ],
              [
                126.95481482188288,
                37.10496349083832
              ],
              [
                126.95486293413144,
                37.10382116743843
              ],
              [
                126.95475657797653,
                37.10325823292803
              ],
              [
                126.95466981421221,
                37.10283004331726
              ],
              [
                126.95384280450494,
                37.09945209881364
              ],
              [
                126.95116567368257,
                37.09866983647124
              ],
              [
                126.94648056335473,
                37.09756866010773
              ],
              [
                126.94472914862156,
                37.10050463078104
              ],
              [
                126.94104371340663,
                37.10233026557496
              ],
              [
                126.94098181633537,
                37.10236277992057
              ],
              [
                126.94058301182693,
                37.10257229720977
              ],
              [
                126.93772795269169,
                37.104568311093914
              ],
              [
                126.93743637572882,
                37.105414481963656
              ],
              [
                126.93722045507836,
                37.10594699939115
              ],
              [
                126.93715519002447,
                37.10599207026797
              ],
              [
                126.93286283300618,
                37.10561691419812
              ],
              [
                126.93281969772876,
                37.105282659932286
              ],
              [
                126.93280231482909,
                37.10514824777261
              ],
              [
                126.93246860699954,
                37.104023819892554
              ],
              [
                126.93176596724638,
                37.102566602156266
              ],
              [
                126.93139766050993,
                37.102222352833635
              ],
              [
                126.9286190263492,
                37.10037023334234
              ],
              [
                126.92793075889313,
                37.09996132303987
              ],
              [
                126.92706292906593,
                37.09964204875213
              ],
              [
                126.92599527235187,
                37.09931836122889
              ],
              [
                126.92569513468332,
                37.09935469884122
              ],
              [
                126.92570233772905,
                37.09862717967708
              ],
              [
                126.92577654897899,
                37.09781382051466
              ],
              [
                126.92599425100101,
                37.09584780140799
              ],
              [
                126.9261503567225,
                37.094975593378365
              ],
              [
                126.92616879581502,
                37.09493886856962
              ],
              [
                126.92669656545011,
                37.0921753714458
              ],
              [
                126.92750075166543,
                37.08735979122076
              ],
              [
                126.92696341644114,
                37.08191162205563
              ],
              [
                126.92594486870466,
                37.08129823717178
              ],
              [
                126.92588321588244,
                37.08127683480044
              ],
              [
                126.92091288975644,
                37.080155017405154
              ],
              [
                126.91871195748648,
                37.07975335796181
              ],
              [
                126.91864780172568,
                37.07975135780202
              ],
              [
                126.91863091981187,
                37.07975093067286
              ],
              [
                126.91834606160702,
                37.07974656124464
              ],
              [
                126.91759617448669,
                37.0799761555978
              ],
              [
                126.91559498769078,
                37.079763954259626
              ],
              [
                126.91343274088452,
                37.07934106708228
              ],
              [
                126.91297135439113,
                37.07918065045662
              ],
              [
                126.9128800623792,
                37.07914867594308
              ],
              [
                126.91281695027543,
                37.079118074200565
              ],
              [
                126.9124157778248,
                37.07891040160647
              ],
              [
                126.91238118587583,
                37.078889587854896
              ],
              [
                126.91174043523785,
                37.078496908752136
              ],
              [
                126.90664404441455,
                37.074886139215586
              ],
              [
                126.90492820242072,
                37.07366658849673
              ],
              [
                126.90461618851484,
                37.073431886962645
              ],
              [
                126.90455630898755,
                37.073376982057226
              ],
              [
                126.90450010688389,
                37.07336785291356
              ],
              [
                126.90397195254018,
                37.07307006742806
              ],
              [
                126.90391244158444,
                37.073036509291256
              ],
              [
                126.90347753760868,
                37.072790322750656
              ],
              [
                126.90198308838855,
                37.07194210793073
              ],
              [
                126.90171437954417,
                37.07105924485234
              ],
              [
                126.90140071889472,
                37.07014890627853
              ],
              [
                126.90137810357552,
                37.070117069750275
              ],
              [
                126.90135582429193,
                37.070085785312024
              ],
              [
                126.89708491096734,
                37.06856832321665
              ],
              [
                126.89145353035941,
                37.06705801754951
              ],
              [
                126.89109377995578,
                37.067012630571696
              ],
              [
                126.89061035454668,
                37.06695811492659
              ],
              [
                126.88949734747396,
                37.066839930879325
              ],
              [
                126.88895770414969,
                37.066785357347776
              ],
              [
                126.88880029875757,
                37.06677619658174
              ],
              [
                126.88549459605075,
                37.06670993530996
              ],
              [
                126.88374009636732,
                37.06698753132757
              ],
              [
                126.88348901507179,
                37.06980494239783
              ],
              [
                126.88301602754706,
                37.073081676462074
              ],
              [
                126.88225602204902,
                37.07497856440729
              ],
              [
                126.88170957263392,
                37.07635871335401
              ],
              [
                126.88065708698565,
                37.07963556918301
              ],
              [
                126.87909847757103,
                37.08462908087144
              ],
              [
                126.87866520489109,
                37.086189399017975
              ],
              [
                126.87834227609544,
                37.087393666749406
              ],
              [
                126.87825835477484,
                37.088007535722916
              ],
              [
                126.87822992386403,
                37.08843685318466
              ],
              [
                126.87836918976126,
                37.089466009238556
              ],
              [
                126.8790955864216,
                37.09147683055499
              ],
              [
                126.87955322525836,
                37.092742282232685
              ],
              [
                126.87996751725716,
                37.09353730062924
              ],
              [
                126.88265678799246,
                37.09581295946248
              ],
              [
                126.88297552162919,
                37.09616336641603
              ],
              [
                126.88322132438329,
                37.09664850972695
              ],
              [
                126.88334206607946,
                37.097410412309564
              ],
              [
                126.8836728876871,
                37.09849472648398
              ],
              [
                126.88391040139011,
                37.09882731678036
              ],
              [
                126.8844843134487,
                37.099221972221976
              ],
              [
                126.88477777840194,
                37.09929377838251
              ],
              [
                126.88519353064422,
                37.09939122312766
              ],
              [
                126.88546465412573,
                37.09943629841895
              ],
              [
                126.88602379695473,
                37.09953439315256
              ],
              [
                126.88655082553667,
                37.099765414637446
              ],
              [
                126.88690555632616,
                37.10006263887862
              ],
              [
                126.88817935586374,
                37.102939179476415
              ],
              [
                126.8883131874423,
                37.10326819345839
              ],
              [
                126.88852622328285,
                37.103804248471455
              ],
              [
                126.88851517536253,
                37.104350647897625
              ],
              [
                126.8884224107402,
                37.104833112266526
              ],
              [
                126.88816666719502,
                37.10515091649659
              ],
              [
                126.887762434726,
                37.10531757624438
              ],
              [
                126.88592357311477,
                37.10788359020493
              ],
              [
                126.88805137818602,
                37.111963139953005
              ],
              [
                126.88821565553627,
                37.11239892251655
              ],
              [
                126.89041029822417,
                37.11951110668752
              ],
              [
                126.88964071577543,
                37.122761576161864
              ],
              [
                126.88730789327238,
                37.12474428375919
              ],
              [
                126.88934073191139,
                37.12848278651818
              ],
              [
                126.89114263535954,
                37.133036748743415
              ],
              [
                126.89230442274844,
                37.135238096534835
              ],
              [
                126.89244724047245,
                37.135473223669706
              ],
              [
                126.89246594035778,
                37.13549982092173
              ],
              [
                126.89284579939995,
                37.13520081393434
              ],
              [
                126.89352516090364,
                37.13468785849817
              ],
              [
                126.89358457226811,
                37.134666793655626
              ],
              [
                126.89395681357516,
                37.134774113512044
              ],
              [
                126.89432860434283,
                37.13488130730793
              ],
              [
                126.89491360692024,
                37.13523994031361
              ],
              [
                126.89546987411451,
                37.13606264207702
              ],
              [
                126.89589768008437,
                37.13758442641429
              ],
              [
                126.8966538438165,
                37.13868083680841
              ],
              [
                126.90352625186748,
                37.14860764190616
              ],
              [
                126.90443015628483,
                37.149489227562356
              ],
              [
                126.90537755008799,
                37.15018775584472
              ],
              [
                126.90617154278114,
                37.14984818707975
              ],
              [
                126.90956109796703,
                37.14792088159172
              ],
              [
                126.90997917579124,
                37.147678417147965
              ],
              [
                126.91044557499345,
                37.14740776659391
              ],
              [
                126.91125952165311,
                37.14690344026655
              ],
              [
                126.9119208040671,
                37.14649307983129
              ],
              [
                126.91170770764093,
                37.14618708151592
              ],
              [
                126.91148865921754,
                37.1457847756954
              ],
              [
                126.91146993056516,
                37.14572612184414
              ],
              [
                126.91139993903012,
                37.14550054312827
              ],
              [
                126.91107109363419,
                37.14400984326679
              ],
              [
                126.91095231698509,
                37.143062637544304
              ],
              [
                126.91083918828873,
                37.14070490873939
              ],
              [
                126.91384114422489,
                37.14031368571501
              ],
              [
                126.9154721217825,
                37.140184111036056
              ],
              [
                126.91601503859604,
                37.140279520457824
              ],
              [
                126.91699808353995,
                37.1407836968651
              ],
              [
                126.91708290924458,
                37.1408587885579
              ],
              [
                126.91710807187222,
                37.140924286068845
              ],
              [
                126.9170514197309,
                37.14099829435828
              ],
              [
                126.91699675231608,
                37.14104049625923
              ],
              [
                126.9169862723592,
                37.14114312778455
              ],
              [
                126.91716187810852,
                37.14140523406109
              ],
              [
                126.91724600619126,
                37.141460411887486
              ],
              [
                126.91951886682527,
                37.142567915506106
              ],
              [
                126.92008509053194,
                37.14276047332869
              ],
              [
                126.9218839197968,
                37.14331105587728
              ],
              [
                126.92258691323708,
                37.14346737231731
              ],
              [
                126.92289115961738,
                37.143531290945454
              ]
            ]
          ]
        ]
      },
      "properties": {
        "name": "향남읍",
        "base_year": "2018",
        "name_eng": "Hyangnameup",
        "code": "3124014"
      }
    },
    {
      "type": "Feature",
      "geometry": {
        "type": "MultiPolygon",
        "coordinates": [
          [
            [
              [
                126.81406582925825,
                37.28476431032113
              ],
              [
                126.81233006664252,
                37.283919111831594
              ],
              [
                126.8112321499437,
                37.2832737563805
              ],
              [
                126.81094439076604,
                37.28300435278519
              ],
              [
                126.81062804859528,
                37.28260140670532
              ],
              [
                126.80967906361352,
                37.28065977322015
              ],
              [
                126.80964662977273,
                37.28058010571103
              ],
              [
                126.8097100305818,
                37.28050164738984
              ],
              [
                126.81007146904615,
                37.280181799133366
              ],
              [
                126.81169740784055,
                37.27900931936766
              ],
              [
                126.81199850781587,
                37.27892209564104
              ],
              [
                126.81221446563076,
                37.27886079132641
              ],
              [
                126.81237966931742,
                37.27881912301402
              ],
              [
                126.81273116072565,
                37.27875389945983
              ],
              [
                126.81416697987196,
                37.278263675388594
              ],
              [
                126.81545686466893,
                37.27780944631373
              ],
              [
                126.81843064042891,
                37.27663026084479
              ],
              [
                126.81981894607044,
                37.2760554507259
              ],
              [
                126.82013593233984,
                37.27592315123159
              ],
              [
                126.82021679149204,
                37.27588379274259
              ],
              [
                126.82064656107741,
                37.2756642198931
              ],
              [
                126.8233237832071,
                37.27402797715458
              ],
              [
                126.82534190855336,
                37.272651075064964
              ],
              [
                126.82537983509124,
                37.272622725410606
              ],
              [
                126.82543612704292,
                37.272580647756584
              ],
              [
                126.82544181834956,
                37.272576393328784
              ],
              [
                126.82560242533513,
                37.27239748040479
              ],
              [
                126.82565206873696,
                37.272251163863785
              ],
              [
                126.82550390978886,
                37.271858021041076
              ],
              [
                126.82541060145093,
                37.27171860932473
              ],
              [
                126.82546169762605,
                37.27163113265539
              ],
              [
                126.82642153473572,
                37.27105337103599
              ],
              [
                126.82731274398948,
                37.27051844603107
              ],
              [
                126.82779500989243,
                37.270499088748664
              ],
              [
                126.82890075221864,
                37.27064164450665
              ],
              [
                126.82999593508153,
                37.27212496733912
              ],
              [
                126.83060852909445,
                37.272955884832754
              ],
              [
                126.83198296707839,
                37.27328091600711
              ],
              [
                126.832698487949,
                37.2727695186433
              ],
              [
                126.83358781699677,
                37.272133881176984
              ],
              [
                126.83508522113904,
                37.27121558158368
              ],
              [
                126.8353919446616,
                37.27102758061932
              ],
              [
                126.83628820225452,
                37.27088732709135
              ],
              [
                126.83643206482292,
                37.2708654437931
              ],
              [
                126.83737123151691,
                37.2707201332981
              ],
              [
                126.8379700429288,
                37.27015572619196
              ],
              [
                126.83826272915144,
                37.26987825051356
              ],
              [
                126.84093851722034,
                37.266910031497346
              ],
              [
                126.84143930511597,
                37.26628788840661
              ],
              [
                126.83933757202016,
                37.26451645230054
              ],
              [
                126.83642676233913,
                37.26112409948829
              ],
              [
                126.83369694392044,
                37.25751337472624
              ],
              [
                126.833392988235,
                37.25671380615541
              ],
              [
                126.83373892325166,
                37.256099206215396
              ],
              [
                126.83402274981076,
                37.25516747743598
              ],
              [
                126.83418550996016,
                37.25459116232444
              ],
              [
                126.83233651367841,
                37.25365441376286
              ],
              [
                126.83070092650026,
                37.25369805493877
              ],
              [
                126.82741304535827,
                37.251929867785016
              ],
              [
                126.82695614981702,
                37.25146034894878
              ],
              [
                126.82644123132177,
                37.24820488472049
              ],
              [
                126.8265143491242,
                37.245371971393126
              ],
              [
                126.82668353356819,
                37.24472890009022
              ],
              [
                126.82708592513247,
                37.24365813281939
              ],
              [
                126.8263088160769,
                37.241160320079665
              ],
              [
                126.82551326958136,
                37.238980594362005
              ],
              [
                126.82508135426315,
                37.238589919258196
              ],
              [
                126.82474723488004,
                37.23829761903761
              ],
              [
                126.82421858239032,
                37.237477389140146
              ],
              [
                126.82376510267225,
                37.23674548944725
              ],
              [
                126.8253359905129,
                37.23519580890697
              ],
              [
                126.82636553606278,
                37.235262452529135
              ],
              [
                126.8269471145169,
                37.23530802194291
              ],
              [
                126.82724067071996,
                37.23418344402095
              ],
              [
                126.82768433369682,
                37.23246419406988
              ],
              [
                126.82832053602148,
                37.230410692972285
              ],
              [
                126.82926102918019,
                37.229963051042546
              ],
              [
                126.83169097369131,
                37.23055973975315
              ],
              [
                126.83549454633751,
                37.23161646490965
              ],
              [
                126.83571403851565,
                37.232228199594694
              ],
              [
                126.83684106162627,
                37.23236618942641
              ],
              [
                126.83917589499595,
                37.23228290380154
              ],
              [
                126.83964031742002,
                37.2318429492404
              ],
              [
                126.83971718326913,
                37.231742218293526
              ],
              [
                126.84021441313469,
                37.23080011296858
              ],
              [
                126.84019907878204,
                37.23025466575814
              ],
              [
                126.84068289875597,
                37.22987868011049
              ],
              [
                126.84111433827408,
                37.22962528976667
              ],
              [
                126.84238688353348,
                37.229154491811094
              ],
              [
                126.8485452896598,
                37.22724289586783
              ],
              [
                126.84891144804394,
                37.22746553605606
              ],
              [
                126.84913903581757,
                37.22761779009643
              ],
              [
                126.84940373784245,
                37.227886388333296
              ],
              [
                126.84949818407384,
                37.22801753868228
              ],
              [
                126.85024574994652,
                37.22702618063661
              ],
              [
                126.85064797322455,
                37.223892164796766
              ],
              [
                126.85009171174883,
                37.22121422341872
              ],
              [
                126.85005733691187,
                37.221117452349205
              ],
              [
                126.85176908535676,
                37.21992911188767
              ],
              [
                126.85210547950673,
                37.22007891994864
              ],
              [
                126.85287221569588,
                37.220188657564655
              ],
              [
                126.85411472319794,
                37.2181220784079
              ],
              [
                126.85455925728841,
                37.21628694619581
              ],
              [
                126.85640718409401,
                37.21454403426733
              ],
              [
                126.85760568539368,
                37.213822683798995
              ],
              [
                126.85801457156278,
                37.213913671889536
              ],
              [
                126.8581871082887,
                37.21394987661648
              ],
              [
                126.85874232224529,
                37.2140463656105
              ],
              [
                126.85915259208112,
                37.214115879047384
              ],
              [
                126.86111243807534,
                37.213882577650644
              ],
              [
                126.86557800492426,
                37.211639690955
              ],
              [
                126.86658247808542,
                37.20880608577954
              ],
              [
                126.86576546652987,
                37.20569204090964
              ],
              [
                126.86524067024635,
                37.20407106393456
              ],
              [
                126.8647474412485,
                37.20293376674015
              ],
              [
                126.86442473018597,
                37.20271397168758
              ],
              [
                126.86435682747182,
                37.20266484879622
              ],
              [
                126.86377559648292,
                37.20223555162133
              ],
              [
                126.86374795285704,
                37.202206334931375
              ],
              [
                126.8628561285531,
                37.20070878665217
              ],
              [
                126.86264011360848,
                37.20020668727654
              ],
              [
                126.86237224292154,
                37.20003056941769
              ],
              [
                126.86219279170686,
                37.19929789956961
              ],
              [
                126.86218144085574,
                37.19887926909892
              ],
              [
                126.86232044550525,
                37.19815722807849
              ],
              [
                126.86235713026036,
                37.19796668992443
              ],
              [
                126.86062923977315,
                37.19512332989614
              ],
              [
                126.85972627059539,
                37.193150922895896
              ],
              [
                126.85975308565533,
                37.19246373725063
              ],
              [
                126.85977449616082,
                37.19235066260687
              ],
              [
                126.85983851298641,
                37.19219452584669
              ],
              [
                126.85992508595628,
                37.1920033634476
              ],
              [
                126.86004828978754,
                37.191882203232204
              ],
              [
                126.86015331775288,
                37.191771923559
              ],
              [
                126.86059534343626,
                37.191282372008374
              ],
              [
                126.86105122399309,
                37.18987126353772
              ],
              [
                126.85996148396902,
                37.18847131569189
              ],
              [
                126.85986672277583,
                37.188458326490846
              ],
              [
                126.85925207244593,
                37.18837465146545
              ],
              [
                126.85911334902565,
                37.1883557686072
              ],
              [
                126.85890293510644,
                37.188327041951695
              ],
              [
                126.85824282413817,
                37.188134935184486
              ],
              [
                126.8578274807053,
                37.18788495130288
              ],
              [
                126.85743108351566,
                37.18715449701918
              ],
              [
                126.85674935638733,
                37.18513706121202
              ],
              [
                126.85668043970436,
                37.18481580852159
              ],
              [
                126.85807945254035,
                37.183417096139955
              ],
              [
                126.85946933627706,
                37.182004801805995
              ],
              [
                126.86058015023823,
                37.18011614540874
              ],
              [
                126.86008587311157,
                37.17940865024915
              ],
              [
                126.85974349032838,
                37.17850161617239
              ],
              [
                126.85990269243095,
                37.1780994620724
              ],
              [
                126.86065163315519,
                37.17694012008296
              ],
              [
                126.86090032634284,
                37.176771037422945
              ],
              [
                126.86168116564438,
                37.176780249230085
              ],
              [
                126.86248697013785,
                37.176803471964604
              ],
              [
                126.86299888092441,
                37.17683002016128
              ],
              [
                126.86329553386064,
                37.176869601589054
              ],
              [
                126.86388944574836,
                37.17615552518701
              ],
              [
                126.86460427343728,
                37.17527314605739
              ],
              [
                126.86475067693307,
                37.17444912736272
              ],
              [
                126.86335705477612,
                37.172381677073325
              ],
              [
                126.86273328424356,
                37.169104014611484
              ],
              [
                126.86244423883807,
                37.16862089474045
              ],
              [
                126.85923530013999,
                37.16539889799627
              ],
              [
                126.85866176312325,
                37.16498724014477
              ],
              [
                126.85734947785147,
                37.16443519878164
              ],
              [
                126.85438218642248,
                37.16325000660011
              ],
              [
                126.8506780221712,
                37.161836108349824
              ],
              [
                126.84506952546137,
                37.15869989750626
              ],
              [
                126.84488162399016,
                37.15848563226974
              ],
              [
                126.8447914041904,
                37.15833875837845
              ],
              [
                126.8447539142259,
                37.15801667270533
              ],
              [
                126.84485478323408,
                37.157357336781104
              ],
              [
                126.84480908153932,
                37.1571530173497
              ],
              [
                126.84468164254055,
                37.15692983015452
              ],
              [
                126.84330062283792,
                37.15555136091082
              ],
              [
                126.83961196836209,
                37.153123174913965
              ],
              [
                126.83946360886733,
                37.15302991121392
              ],
              [
                126.83944188551838,
                37.15301828450046
              ],
              [
                126.83877403379954,
                37.152765598192204
              ],
              [
                126.8359890547395,
                37.15194986817622
              ],
              [
                126.83562243021522,
                37.15185153624805
              ],
              [
                126.83432523006859,
                37.15168356066297
              ],
              [
                126.83422650421261,
                37.151674357996114
              ],
              [
                126.83343718752376,
                37.151603823447395
              ],
              [
                126.83299637990615,
                37.15156557024177
              ],
              [
                126.83252789317974,
                37.1514865027365
              ],
              [
                126.8321307662619,
                37.15139049620932
              ],
              [
                126.83186310559438,
                37.151297747522094
              ],
              [
                126.83137583401452,
                37.151077840782726
              ],
              [
                126.83109681586663,
                37.150917152503744
              ],
              [
                126.8305489110399,
                37.150319718617055
              ],
              [
                126.83018339498426,
                37.15017562309873
              ],
              [
                126.82981239159503,
                37.15008529631549
              ],
              [
                126.82951252073276,
                37.15005903886525
              ],
              [
                126.82627271395572,
                37.14989565403536
              ],
              [
                126.82303870114437,
                37.14976422271463
              ],
              [
                126.8214067533133,
                37.15026312633011
              ],
              [
                126.82033888713872,
                37.15046213591928
              ],
              [
                126.81901111141619,
                37.15049658261177
              ],
              [
                126.81843352103174,
                37.150441826460614
              ],
              [
                126.81627827442583,
                37.15011538746231
              ],
              [
                126.8138590060529,
                37.14974681083619
              ],
              [
                126.81179499367009,
                37.14939918853417
              ],
              [
                126.81124291662415,
                37.14930734313536
              ],
              [
                126.80874281979783,
                37.14904514210229
              ],
              [
                126.80601358288446,
                37.148764313873535
              ],
              [
                126.80601340744141,
                37.148764744058525
              ],
              [
                126.80568487499254,
                37.149556298639254
              ],
              [
                126.80537471542789,
                37.15030235114062
              ],
              [
                126.80449726225531,
                37.15240357056913
              ],
              [
                126.80321383244541,
                37.152886266375766
              ],
              [
                126.80049948278511,
                37.153777491825686
              ],
              [
                126.80009460565127,
                37.15389699637945
              ],
              [
                126.80001118385303,
                37.1539078740867
              ],
              [
                126.79938727277683,
                37.15380608410846
              ],
              [
                126.79928923802031,
                37.153774505656344
              ],
              [
                126.79762779665793,
                37.153082392623695
              ],
              [
                126.79540762485995,
                37.15198003728075
              ],
              [
                126.7933919708848,
                37.15086512380907
              ],
              [
                126.791057268637,
                37.14988807332447
              ],
              [
                126.7895216948247,
                37.15045051241554
              ],
              [
                126.78822243256411,
                37.15091293448555
              ],
              [
                126.7849477183431,
                37.15130726983895
              ],
              [
                126.7831057606787,
                37.151451013975795
              ],
              [
                126.78295760983787,
                37.1514700421908
              ],
              [
                126.78279723601203,
                37.15152868340791
              ],
              [
                126.78247447790564,
                37.151732815149295
              ],
              [
                126.78180433291084,
                37.15217108928935
              ],
              [
                126.78174275690313,
                37.152253872299994
              ],
              [
                126.78232784779318,
                37.15287270560871
              ],
              [
                126.78555789683283,
                37.15462043641952
              ],
              [
                126.78578558995504,
                37.1546747968937
              ],
              [
                126.78604369627301,
                37.1547069113283
              ],
              [
                126.78624242610675,
                37.15473123975628
              ],
              [
                126.78630314858276,
                37.15473866744343
              ],
              [
                126.78672046423667,
                37.15472418833271
              ],
              [
                126.7872085942246,
                37.1547061317364
              ],
              [
                126.78768528945305,
                37.1547463676548
              ],
              [
                126.78901179157694,
                37.15504268216513
              ],
              [
                126.79459859933132,
                37.15739499197582
              ],
              [
                126.79497882982994,
                37.15764690462861
              ],
              [
                126.7950760455252,
                37.15772335757447
              ],
              [
                126.7953751180295,
                37.157963178122024
              ],
              [
                126.7978136115894,
                37.16233234772023
              ],
              [
                126.79611040414859,
                37.16554893587288
              ],
              [
                126.79588581980053,
                37.16620362534373
              ],
              [
                126.79587816874552,
                37.16653007241027
              ],
              [
                126.79587051856261,
                37.169308188320684
              ],
              [
                126.79495189452857,
                37.17163474512587
              ],
              [
                126.79492080815463,
                37.171641484592996
              ],
              [
                126.7944158212708,
                37.17179859239052
              ],
              [
                126.79407883309455,
                37.17194865825527
              ],
              [
                126.79379574362416,
                37.17214550072458
              ],
              [
                126.79230047090098,
                37.17323645459984
              ],
              [
                126.79259180890595,
                37.17527069479706
              ],
              [
                126.79272859047349,
                37.17617849744275
              ],
              [
                126.79307726541917,
                37.17668328165993
              ],
              [
                126.79314809735261,
                37.176779926642816
              ],
              [
                126.7943517982142,
                37.17727222464744
              ],
              [
                126.79472769709669,
                37.17726750195931
              ],
              [
                126.79610946641779,
                37.17830981237627
              ],
              [
                126.79601715151125,
                37.179830645622495
              ],
              [
                126.79690406997179,
                37.18458871057396
              ],
              [
                126.79772614541136,
                37.187858741997935
              ],
              [
                126.79763033082573,
                37.187988633243876
              ],
              [
                126.79729217911981,
                37.18862499116271
              ],
              [
                126.79716638285412,
                37.18897093792465
              ],
              [
                126.79716160231614,
                37.18923269118741
              ],
              [
                126.79834011386785,
                37.19192358917629
              ],
              [
                126.79898605011448,
                37.193368662903374
              ],
              [
                126.79951111938652,
                37.194119707161974
              ],
              [
                126.79978199248723,
                37.19431209956516
              ],
              [
                126.80000243816222,
                37.19447202232985
              ],
              [
                126.80008853290276,
                37.194574329123334
              ],
              [
                126.8001937425821,
                37.19474790473065
              ],
              [
                126.80062913096452,
                37.19597582885749
              ],
              [
                126.80064985140844,
                37.196165507078554
              ],
              [
                126.80059037885145,
                37.19617494896066
              ],
              [
                126.79971329279519,
                37.19618533284963
              ],
              [
                126.79796927028856,
                37.19295089905387
              ],
              [
                126.79785632429326,
                37.19272857143132
              ],
              [
                126.797794428125,
                37.19252249511283
              ],
              [
                126.79521777630532,
                37.193415036473205
              ],
              [
                126.79233731717491,
                37.195614014332094
              ],
              [
                126.79197514116142,
                37.19616460524552
              ],
              [
                126.7900941072755,
                37.19989447212342
              ],
              [
                126.79007276442543,
                37.19999847874111
              ],
              [
                126.79107170596012,
                37.20262046594682
              ],
              [
                126.79109599954926,
                37.202670299650684
              ],
              [
                126.79123636543908,
                37.20292596860031
              ],
              [
                126.79149495741483,
                37.20334177244029
              ],
              [
                126.79175565882078,
                37.203755010780284
              ],
              [
                126.79481151073942,
                37.205921187665574
              ],
              [
                126.79460060637875,
                37.20737105737395
              ],
              [
                126.79622237149853,
                37.20981904564844
              ],
              [
                126.80025394720336,
                37.213356432632345
              ],
              [
                126.80077585806443,
                37.21343965582827
              ],
              [
                126.8015469313141,
                37.213562626260504
              ],
              [
                126.80186856008032,
                37.21430923116067
              ],
              [
                126.80135996567076,
                37.21570342798182
              ],
              [
                126.8007459907353,
                37.21674342503458
              ],
              [
                126.7993846983368,
                37.218884159462704
              ],
              [
                126.799050375936,
                37.21932049333326
              ],
              [
                126.79917668805962,
                37.22078551511144
              ],
              [
                126.79933415616827,
                37.22205645956591
              ],
              [
                126.79928844686097,
                37.222299286840716
              ],
              [
                126.79718698078912,
                37.22532684176464
              ],
              [
                126.79682332364592,
                37.225753784303315
              ],
              [
                126.79670373182766,
                37.225814370805104
              ],
              [
                126.79535832482208,
                37.22638146587362
              ],
              [
                126.79486447732602,
                37.22651740190795
              ],
              [
                126.79321654103258,
                37.22948217725403
              ],
              [
                126.7931991445711,
                37.229539479239286
              ],
              [
                126.79268138074518,
                37.23048569334587
              ],
              [
                126.79153436483938,
                37.23176132058637
              ],
              [
                126.79149229394126,
                37.23180734265461
              ],
              [
                126.79110443206949,
                37.23211279217824
              ],
              [
                126.79082955327702,
                37.23232919242535
              ],
              [
                126.79062705153484,
                37.232486593009824
              ],
              [
                126.7905327027338,
                37.2325300717518
              ],
              [
                126.79041132135691,
                37.23255614795238
              ],
              [
                126.78933857640403,
                37.2326180297261
              ],
              [
                126.7871805573149,
                37.23271687518171
              ],
              [
                126.78664630266393,
                37.23295663479226
              ],
              [
                126.78637222592046,
                37.233571861372454
              ],
              [
                126.78539768216386,
                37.23444348107503
              ],
              [
                126.78532924390349,
                37.234491380703545
              ],
              [
                126.78446194571774,
                37.23507486864689
              ],
              [
                126.78349824449839,
                37.23461683144613
              ],
              [
                126.78327970354293,
                37.23455015834183
              ],
              [
                126.78303182727446,
                37.23455086292951
              ],
              [
                126.78291061828993,
                37.23458144709289
              ],
              [
                126.78277716241995,
                37.23466908650197
              ],
              [
                126.78120260856433,
                37.23602513145209
              ],
              [
                126.77887236805478,
                37.238741952148914
              ],
              [
                126.77833558780013,
                37.23936996343589
              ],
              [
                126.77814032802426,
                37.24025711328049
              ],
              [
                126.77795295182915,
                37.24140558582463
              ],
              [
                126.7783036026635,
                37.24579945698176
              ],
              [
                126.78219163565252,
                37.24505088711063
              ],
              [
                126.78308148488925,
                37.244938108077825
              ],
              [
                126.7866767030496,
                37.24448948056544
              ],
              [
                126.7886347132113,
                37.24424538495916
              ],
              [
                126.78956470767304,
                37.24412990110868
              ],
              [
                126.78978062767364,
                37.24763574136266
              ],
              [
                126.78931792676048,
                37.25000813241883
              ],
              [
                126.78922741262376,
                37.25046797602387
              ],
              [
                126.78882415941004,
                37.25252755025947
              ],
              [
                126.78867708772368,
                37.253284254386976
              ],
              [
                126.78830634488018,
                37.25519183527901
              ],
              [
                126.79166893702785,
                37.257879932688
              ],
              [
                126.79336941424441,
                37.25923082671466
              ],
              [
                126.79336326478483,
                37.2597378916622
              ],
              [
                126.79331130632005,
                37.26005846002667
              ],
              [
                126.7921315620346,
                37.26473392397836
              ],
              [
                126.79140337500979,
                37.265563441464174
              ],
              [
                126.79106274182148,
                37.26594757669361
              ],
              [
                126.79103554384898,
                37.265953528860315
              ],
              [
                126.79081840661313,
                37.26600107822264
              ],
              [
                126.79076045030563,
                37.266023925266516
              ],
              [
                126.79066729570715,
                37.26606065541564
              ],
              [
                126.79054916148904,
                37.26682665737739
              ],
              [
                126.79066149227015,
                37.26708692172606
              ],
              [
                126.79168652299334,
                37.26817719126542
              ],
              [
                126.79628365012867,
                37.27072695258193
              ],
              [
                126.7971363768996,
                37.27066657250291
              ],
              [
                126.7978218052619,
                37.270579723268824
              ],
              [
                126.80312777975408,
                37.26896286339119
              ],
              [
                126.80780325734435,
                37.26725185845176
              ],
              [
                126.80815698610425,
                37.26710771250264
              ],
              [
                126.80850993538412,
                37.26696284352368
              ],
              [
                126.8088372865879,
                37.26680806582387
              ],
              [
                126.809036328697,
                37.26645744616184
              ],
              [
                126.80887796010762,
                37.2663932427036
              ],
              [
                126.80955907270092,
                37.2665110310998
              ],
              [
                126.81005220521784,
                37.26670607420806
              ],
              [
                126.81048808494803,
                37.266879290863265
              ],
              [
                126.81062389525071,
                37.2669724071447
              ],
              [
                126.81087463409098,
                37.26721999879227
              ],
              [
                126.81100163768494,
                37.26734870063932
              ],
              [
                126.8112205612442,
                37.26762835464879
              ],
              [
                126.8108848014183,
                37.26887952158028
              ],
              [
                126.81069251444436,
                37.26900768068873
              ],
              [
                126.80959398261659,
                37.268952032620625
              ],
              [
                126.80909835174263,
                37.268757883555196
              ],
              [
                126.80907268954125,
                37.26866624360189
              ],
              [
                126.80824209480068,
                37.2696481056879
              ],
              [
                126.8070264318339,
                37.27169517255034
              ],
              [
                126.80407162630829,
                37.27682270399663
              ],
              [
                126.80354991869656,
                37.28006378734799
              ],
              [
                126.80392876667901,
                37.28092260623348
              ],
              [
                126.80500197372278,
                37.28391871762245
              ],
              [
                126.80497281025106,
                37.28427587240352
              ],
              [
                126.80688219900948,
                37.28482145637984
              ],
              [
                126.80750289049253,
                37.28520117817901
              ],
              [
                126.80769924912087,
                37.28536000026722
              ],
              [
                126.80816962375324,
                37.285769305565964
              ],
              [
                126.80839305700535,
                37.285890742466265
              ],
              [
                126.81055355732649,
                37.286631776875616
              ],
              [
                126.81173403990417,
                37.286330100404435
              ],
              [
                126.81258498555542,
                37.28607859502691
              ],
              [
                126.81307601276146,
                37.285720569969854
              ],
              [
                126.81376841717355,
                37.28515644543513
              ],
              [
                126.81396888813029,
                37.284939982915844
              ],
              [
                126.81406582925825,
                37.28476431032113
              ]
            ]
          ]
        ]
      },
      "properties": {
        "name": "남양읍",
        "base_year": "2018",
        "name_eng": "Namyang-eup",
        "code": "3124015"
      }
    },
    {
      "type": "Feature",
      "geometry": {
        "type": "MultiPolygon",
        "coordinates": [
          [
            [
              [
                126.90092780154056,
                37.29142729918143
              ],
              [
                126.90105251174357,
                37.29139785925542
              ],
              [
                126.90561543574633,
                37.29000756013506
              ],
              [
                126.9065064085594,
                37.289958722192765
              ],
              [
                126.9100228871284,
                37.29005581189766
              ],
              [
                126.91273688350117,
                37.2901843112402
              ],
              [
                126.91300180261804,
                37.29027911712885
              ],
              [
                126.91314832444453,
                37.29035131819863
              ],
              [
                126.91332242676278,
                37.290484908582606
              ],
              [
                126.91397674282436,
                37.29074837834823
              ],
              [
                126.91425297293678,
                37.2908071495527
              ],
              [
                126.91455764089406,
                37.29065419810828
              ],
              [
                126.91472696879026,
                37.29051015754939
              ],
              [
                126.91497112440379,
                37.29026452633212
              ],
              [
                126.91544958115892,
                37.289758333587905
              ],
              [
                126.91700306406256,
                37.28720952562547
              ],
              [
                126.91761324372997,
                37.28610619618107
              ],
              [
                126.91770945044742,
                37.28578639863132
              ],
              [
                126.91777729133734,
                37.285624260962265
              ],
              [
                126.91788464366478,
                37.28542161363783
              ],
              [
                126.9179749824499,
                37.28530903927726
              ],
              [
                126.92159741761267,
                37.28282469244136
              ],
              [
                126.92488050735324,
                37.28115995366192
              ],
              [
                126.9250896694608,
                37.28061045963676
              ],
              [
                126.92551316063197,
                37.279970999609965
              ],
              [
                126.92574465502916,
                37.27963326041922
              ],
              [
                126.9259395238413,
                37.279451772752644
              ],
              [
                126.92618478627713,
                37.27926862351479
              ],
              [
                126.92654897457437,
                37.279071195064105
              ],
              [
                126.92728730649289,
                37.27880530934632
              ],
              [
                126.92844776266675,
                37.276779098096625
              ],
              [
                126.92844797107371,
                37.276778686266844
              ],
              [
                126.9285382599254,
                37.27650392638397
              ],
              [
                126.92836436099526,
                37.27579201177895
              ],
              [
                126.92824546502264,
                37.27559172946785
              ],
              [
                126.92799300078595,
                37.27504842083377
              ],
              [
                126.92734628108403,
                37.273417147506194
              ],
              [
                126.92698118306956,
                37.27206086226536
              ],
              [
                126.92706083894623,
                37.27133595021318
              ],
              [
                126.92746657177727,
                37.27125966893616
              ],
              [
                126.92875377012184,
                37.26928719435986
              ],
              [
                126.93024659021508,
                37.26308392114813
              ],
              [
                126.9307925370288,
                37.26094465185608
              ],
              [
                126.93182244274865,
                37.26092293305506
              ],
              [
                126.93229601205614,
                37.260810582056536
              ],
              [
                126.93286012055147,
                37.2603063305022
              ],
              [
                126.93517302967201,
                37.2580907984367
              ],
              [
                126.93520744090304,
                37.257397322613954
              ],
              [
                126.93520765035969,
                37.25739690897284
              ],
              [
                126.93557437542023,
                37.25697362622283
              ],
              [
                126.93579429630935,
                37.25686112876377
              ],
              [
                126.93622269170166,
                37.25679828360767
              ],
              [
                126.93907471879626,
                37.25666917170805
              ],
              [
                126.94248436723856,
                37.25699078854636
              ],
              [
                126.94634486444028,
                37.25743866250454
              ],
              [
                126.94658173586996,
                37.25745117073492
              ],
              [
                126.94675628640545,
                37.25745688285247
              ],
              [
                126.94788385132145,
                37.25702939766264
              ],
              [
                126.94839128947594,
                37.25677733668823
              ],
              [
                126.95008268070747,
                37.25571045241966
              ],
              [
                126.9500997037393,
                37.25550353924199
              ],
              [
                126.95009584007153,
                37.255481858123595
              ],
              [
                126.94999857902988,
                37.25502594606838
              ],
              [
                126.94993112116069,
                37.25476912060591
              ],
              [
                126.94976798081748,
                37.25432303659687
              ],
              [
                126.94981710293075,
                37.25409300582091
              ],
              [
                126.9498245188955,
                37.25406176104081
              ],
              [
                126.95036071010536,
                37.25292218259842
              ],
              [
                126.95059209699924,
                37.25246275268971
              ],
              [
                126.95059230178232,
                37.25246234801294
              ],
              [
                126.95249733685587,
                37.25172892524886
              ],
              [
                126.95270641098716,
                37.24976138065659
              ],
              [
                126.9527582581807,
                37.249395634561274
              ],
              [
                126.95281485307034,
                37.24900821200464
              ],
              [
                126.9528939198335,
                37.248746944160544
              ],
              [
                126.95289413030983,
                37.24874652868903
              ],
              [
                126.95303514168255,
                37.24857539879062
              ],
              [
                126.95339041589843,
                37.248210614582604
              ],
              [
                126.95363848914486,
                37.24802149683742
              ],
              [
                126.95430714893347,
                37.24780157895253
              ],
              [
                126.95438818313379,
                37.247774012758235
              ],
              [
                126.95499698646483,
                37.247485921215365
              ],
              [
                126.95617513723201,
                37.2467610823829
              ],
              [
                126.95669625373921,
                37.24512733459466
              ],
              [
                126.95545309144222,
                37.24452798535161
              ],
              [
                126.95431098269572,
                37.24312956980554
              ],
              [
                126.95321621740159,
                37.242465311850914
              ],
              [
                126.95308862882676,
                37.242459564840594
              ],
              [
                126.95110241953516,
                37.24259366389723
              ],
              [
                126.94797305587772,
                37.241803315354936
              ],
              [
                126.94779043911466,
                37.24127375607634
              ],
              [
                126.94753420197175,
                37.24072047287505
              ],
              [
                126.94740388956649,
                37.24044775150586
              ],
              [
                126.9464620213405,
                37.239243412020606
              ],
              [
                126.94632384235246,
                37.23914882810418
              ],
              [
                126.9460848247889,
                37.239069831444105
              ],
              [
                126.94545531262031,
                37.2390000827443
              ],
              [
                126.94419681760351,
                37.23891301748136
              ],
              [
                126.94397305336422,
                37.238957447791705
              ],
              [
                126.94279312490539,
                37.23931658983609
              ],
              [
                126.94240675831084,
                37.23946746579479
              ],
              [
                126.94146401203574,
                37.24015266386201
              ],
              [
                126.94126747256269,
                37.24034096123268
              ],
              [
                126.94114433732399,
                37.240469459939455
              ],
              [
                126.94084179752939,
                37.24078578602949
              ],
              [
                126.94051139941652,
                37.241172955343345
              ],
              [
                126.94016996497625,
                37.241571218317986
              ],
              [
                126.94011335760273,
                37.24163704452616
              ],
              [
                126.9397826891752,
                37.241912572975366
              ],
              [
                126.9396091522873,
                37.24202191303887
              ],
              [
                126.93943369118047,
                37.24212576511376
              ],
              [
                126.93891890115074,
                37.242424682967034
              ],
              [
                126.93887531658149,
                37.242444096355506
              ],
              [
                126.9385105714923,
                37.24260044114675
              ],
              [
                126.93816903663233,
                37.24274550513846
              ],
              [
                126.93773491658013,
                37.242850000366644
              ],
              [
                126.93122718487433,
                37.24432565856193
              ],
              [
                126.93111443964817,
                37.24419616716404
              ],
              [
                126.93003970488435,
                37.241792222253196
              ],
              [
                126.92962010582183,
                37.240677156775845
              ],
              [
                126.92956877190267,
                37.24041777847979
              ],
              [
                126.92940126833881,
                37.2394803723953
              ],
              [
                126.92938312120388,
                37.23927143739984
              ],
              [
                126.92939821226857,
                37.23905571082175
              ],
              [
                126.9294129975015,
                37.2388789175799
              ],
              [
                126.92950410473263,
                37.238519829829876
              ],
              [
                126.9295789808268,
                37.23824748994366
              ],
              [
                126.92961889330186,
                37.23815803128497
              ],
              [
                126.92970763027861,
                37.23800317000088
              ],
              [
                126.9296738331096,
                37.2379046775627
              ],
              [
                126.92964323872417,
                37.23785365012557
              ],
              [
                126.92759342359292,
                37.23575735377705
              ],
              [
                126.92545389092601,
                37.235346946633015
              ],
              [
                126.92536889895281,
                37.23533547418486
              ],
              [
                126.92515367271437,
                37.23530840453465
              ],
              [
                126.92510702308294,
                37.23530413984073
              ],
              [
                126.9245884294081,
                37.235330799313786
              ],
              [
                126.92447075916178,
                37.235627137774564
              ],
              [
                126.9242849909408,
                37.2363967020915
              ],
              [
                126.9242921252472,
                37.236802120799815
              ],
              [
                126.92430559046122,
                37.23686162419222
              ],
              [
                126.92431700168007,
                37.23688877923163
              ],
              [
                126.92439731244873,
                37.237060923137435
              ],
              [
                126.92442586434531,
                37.23709792734535
              ],
              [
                126.92444030673173,
                37.237114588500596
              ],
              [
                126.92461938887563,
                37.23733837898642
              ],
              [
                126.92520109562744,
                37.2382785838144
              ],
              [
                126.92531778608938,
                37.238867695985356
              ],
              [
                126.92532736287066,
                37.23893876689891
              ],
              [
                126.92530260439487,
                37.238987228237235
              ],
              [
                126.92515831998678,
                37.239025751104954
              ],
              [
                126.92182099691048,
                37.23985402158836
              ],
              [
                126.92136181868106,
                37.23992712086213
              ],
              [
                126.92089155176541,
                37.23961620457963
              ],
              [
                126.92003553106466,
                37.239081528610605
              ],
              [
                126.91375942095402,
                37.23835718616756
              ],
              [
                126.91277131463617,
                37.2385060664513
              ],
              [
                126.91243047398339,
                37.238582030806434
              ],
              [
                126.91243019575813,
                37.23858215538243
              ],
              [
                126.9115548673589,
                37.23888208329893
              ],
              [
                126.90679491004447,
                37.240890625083445
              ],
              [
                126.90577674061507,
                37.241613330256875
              ],
              [
                126.90507986850916,
                37.24235965316926
              ],
              [
                126.90405524830508,
                37.243039007910454
              ],
              [
                126.90375022908786,
                37.24311655343418
              ],
              [
                126.90145428410274,
                37.243500784553696
              ],
              [
                126.90131169377379,
                37.24342287747147
              ],
              [
                126.90077017370685,
                37.243138355834844
              ],
              [
                126.9007699648601,
                37.24313824661086
              ],
              [
                126.90074972256745,
                37.24312935379329
              ],
              [
                126.90029044533976,
                37.24292758835025
              ],
              [
                126.89936744294705,
                37.24282349202
              ],
              [
                126.8992563525251,
                37.24287237707959
              ],
              [
                126.89832511656745,
                37.244018703763196
              ],
              [
                126.8966726081723,
                37.246189822081774
              ],
              [
                126.89635330527356,
                37.246985472250216
              ],
              [
                126.8949114765697,
                37.24923549149919
              ],
              [
                126.89381830804378,
                37.250693822610366
              ],
              [
                126.89371973584743,
                37.250783071243795
              ],
              [
                126.89346484116766,
                37.250996554694076
              ],
              [
                126.89331979575643,
                37.251046367024884
              ],
              [
                126.89324951122924,
                37.25100265718329
              ],
              [
                126.89319672804795,
                37.25094645537544
              ],
              [
                126.89277260274683,
                37.25044483827835
              ],
              [
                126.89274043252607,
                37.25035970636167
              ],
              [
                126.89274281797192,
                37.25030104343991
              ],
              [
                126.89268896109712,
                37.25024610144898
              ],
              [
                126.89262321765585,
                37.25019729462347
              ],
              [
                126.89250042578651,
                37.250126792448164
              ],
              [
                126.89234675002223,
                37.250043322886874
              ],
              [
                126.89233017012856,
                37.250034324842815
              ],
              [
                126.89200596278141,
                37.24996191575884
              ],
              [
                126.89017821562979,
                37.24979364453772
              ],
              [
                126.88964247403653,
                37.25034485383313
              ],
              [
                126.88952125192272,
                37.25085380684472
              ],
              [
                126.88944502896443,
                37.25119893138151
              ],
              [
                126.88939445525935,
                37.25144187665661
              ],
              [
                126.8893037772302,
                37.251933151932306
              ],
              [
                126.88929853118832,
                37.25202875702473
              ],
              [
                126.88924649897326,
                37.252302504210505
              ],
              [
                126.88923120002013,
                37.25235775085205
              ],
              [
                126.88905524375913,
                37.25293789570595
              ],
              [
                126.88899647573886,
                37.25305721780274
              ],
              [
                126.88891304043487,
                37.25321691023439
              ],
              [
                126.88748498470842,
                37.25579769683441
              ],
              [
                126.8873806159131,
                37.25596823528718
              ],
              [
                126.88718408147226,
                37.25618559077439
              ],
              [
                126.88710578098436,
                37.2562548142504
              ],
              [
                126.88656288699661,
                37.25641547519109
              ],
              [
                126.88633608790703,
                37.25642970646222
              ],
              [
                126.88318902571599,
                37.25673318087867
              ],
              [
                126.87897714826262,
                37.257693943261536
              ],
              [
                126.87789870044944,
                37.25799584649582
              ],
              [
                126.87767649587906,
                37.25806383873996
              ],
              [
                126.87745426110192,
                37.258163680094626
              ],
              [
                126.87621089670199,
                37.25882293609398
              ],
              [
                126.87590019315527,
                37.25903183253889
              ],
              [
                126.87523970378983,
                37.25960136204948
              ],
              [
                126.87438880861318,
                37.260365933875995
              ],
              [
                126.87423492743633,
                37.26044081747574
              ],
              [
                126.87404688182276,
                37.26051111786727
              ],
              [
                126.87383616410688,
                37.26052225708864
              ],
              [
                126.87355715530376,
                37.26050149322026
              ],
              [
                126.87138518946496,
                37.25994570996734
              ],
              [
                126.87127140356708,
                37.25987735378652
              ],
              [
                126.87110652184192,
                37.25972935521102
              ],
              [
                126.86984177879823,
                37.25943719661575
              ],
              [
                126.86775625363708,
                37.259637277016694
              ],
              [
                126.86758239059,
                37.259683332418874
              ],
              [
                126.86746643922756,
                37.259746814344986
              ],
              [
                126.86719064878574,
                37.260122395022385
              ],
              [
                126.86710347433127,
                37.260284215033145
              ],
              [
                126.86658018845017,
                37.26133418590404
              ],
              [
                126.86651475179931,
                37.26148445957494
              ],
              [
                126.86652172042322,
                37.26163483400066
              ],
              [
                126.86647535040976,
                37.262788014785464
              ],
              [
                126.8663936511612,
                37.263932931620005
              ],
              [
                126.86635578392163,
                37.26435808667359
              ],
              [
                126.86578327757464,
                37.26519605554664
              ],
              [
                126.86461552315303,
                37.26687253306306
              ],
              [
                126.86449456767825,
                37.26695921564613
              ],
              [
                126.86419238392025,
                37.26705536119948
              ],
              [
                126.86343144075967,
                37.26699658125863
              ],
              [
                126.8630814305659,
                37.26682252834652
              ],
              [
                126.86288693092541,
                37.2664019797286
              ],
              [
                126.86039532443192,
                37.267999431633925
              ],
              [
                126.85879346029019,
                37.269660617852104
              ],
              [
                126.85856769004249,
                37.269886538813026
              ],
              [
                126.85829402637987,
                37.269858890264175
              ],
              [
                126.85731748988442,
                37.269386775540795
              ],
              [
                126.85714648116902,
                37.26935240740383
              ],
              [
                126.85699226736276,
                37.26938930192934
              ],
              [
                126.85655526593497,
                37.26952041386993
              ],
              [
                126.85594927524623,
                37.26991854749499
              ],
              [
                126.8574377426692,
                37.27266591048296
              ],
              [
                126.85924022789318,
                37.272624183467904
              ],
              [
                126.86117596245359,
                37.27248860802932
              ],
              [
                126.862094922306,
                37.27229277337001
              ],
              [
                126.86383571681245,
                37.27221133892566
              ],
              [
                126.86473041602378,
                37.27241356703533
              ],
              [
                126.865101382748,
                37.27253541815871
              ],
              [
                126.87085779105884,
                37.27447740167236
              ],
              [
                126.8745710590214,
                37.275832881762945
              ],
              [
                126.87530825348745,
                37.27701055342915
              ],
              [
                126.87530840494048,
                37.27739911482312
              ],
              [
                126.87511601223353,
                37.27733134179954
              ],
              [
                126.87452351324663,
                37.27708676187423
              ],
              [
                126.87434163726851,
                37.27680037135158
              ],
              [
                126.87427022935601,
                37.27669434242241
              ],
              [
                126.87419984296302,
                37.27661713887496
              ],
              [
                126.87317030961528,
                37.27604062742154
              ],
              [
                126.87293033528813,
                37.27594283060107
              ],
              [
                126.87138835758059,
                37.27535687990554
              ],
              [
                126.86430129376879,
                37.27285811768139
              ],
              [
                126.86391647870654,
                37.272805646880286
              ],
              [
                126.86313504677105,
                37.27409825722457
              ],
              [
                126.86294853066738,
                37.27432578929002
              ],
              [
                126.86221913207243,
                37.275381749372535
              ],
              [
                126.861943441463,
                37.279445992536225
              ],
              [
                126.86196065525307,
                37.280662263149836
              ],
              [
                126.86200777637416,
                37.28071750703363
              ],
              [
                126.86208517596864,
                37.280778417934
              ],
              [
                126.86312694775027,
                37.28145533956747
              ],
              [
                126.86323885485771,
                37.281508631177545
              ],
              [
                126.86324962055517,
                37.28150975272444
              ],
              [
                126.86326896772418,
                37.28151176593089
              ],
              [
                126.86411326062658,
                37.281518938340376
              ],
              [
                126.86677501575684,
                37.28148877630847
              ],
              [
                126.86791665745473,
                37.281312928002414
              ],
              [
                126.87118517124956,
                37.28058085224661
              ],
              [
                126.87183394679148,
                37.28013779731558
              ],
              [
                126.87206522934076,
                37.27964952871065
              ],
              [
                126.87206700596644,
                37.27964586408669
              ],
              [
                126.87215285073285,
                37.27951306577201
              ],
              [
                126.87215991215258,
                37.279505189058
              ],
              [
                126.87216216909586,
                37.27950372275591
              ],
              [
                126.8722318727348,
                37.27945852197545
              ],
              [
                126.87360928327281,
                37.27976946865905
              ],
              [
                126.87362248822122,
                37.279776241239944
              ],
              [
                126.87484789899332,
                37.28059073774596
              ],
              [
                126.87571728397229,
                37.281175650788036
              ],
              [
                126.87576603304011,
                37.28121342174947
              ],
              [
                126.87577429729696,
                37.281221321809035
              ],
              [
                126.87583446238303,
                37.281285305748945
              ],
              [
                126.87687686286725,
                37.282555025355016
              ],
              [
                126.87710044300827,
                37.28284964458356
              ],
              [
                126.87707994687845,
                37.28291604635666
              ],
              [
                126.8770782916631,
                37.28292142432594
              ],
              [
                126.87703323791861,
                37.283102710036665
              ],
              [
                126.87703288292914,
                37.283106088363986
              ],
              [
                126.87703017000715,
                37.283252781784554
              ],
              [
                126.87702981748907,
                37.28335781477192
              ],
              [
                126.87706608617029,
                37.28358817441986
              ],
              [
                126.87706661006952,
                37.28359126532343
              ],
              [
                126.87706668439715,
                37.2835916911685
              ],
              [
                126.87715559199651,
                37.28396961416263
              ],
              [
                126.87716983564052,
                37.284030067508354
              ],
              [
                126.87718967770195,
                37.28407317520492
              ],
              [
                126.8773608479705,
                37.284390761235194
              ],
              [
                126.87738309712705,
                37.284428448008654
              ],
              [
                126.87739523271455,
                37.28444055434949
              ],
              [
                126.87740333098039,
                37.28444648299173
              ],
              [
                126.87748200556427,
                37.2844887949759
              ],
              [
                126.87870998990918,
                37.285103624234566
              ],
              [
                126.87979253738582,
                37.285109247348196
              ],
              [
                126.88635114757236,
                37.28336387010875
              ],
              [
                126.88636196692516,
                37.28336096063863
              ],
              [
                126.88640331113318,
                37.28334983733344
              ],
              [
                126.88849525526216,
                37.282691986022904
              ],
              [
                126.88871018645871,
                37.28258237171245
              ],
              [
                126.8892257781932,
                37.282311714926536
              ],
              [
                126.8897690544243,
                37.282022204582084
              ],
              [
                126.88984187241363,
                37.28198510752769
              ],
              [
                126.89005812249344,
                37.28205767130844
              ],
              [
                126.89312705199323,
                37.28517176359538
              ],
              [
                126.89312711409114,
                37.28517217855129
              ],
              [
                126.8932052777593,
                37.28571737509575
              ],
              [
                126.89438730160161,
                37.2871011175981
              ],
              [
                126.89724889267735,
                37.28934723970345
              ],
              [
                126.89791370928063,
                37.289487482534426
              ],
              [
                126.89863516627715,
                37.28969985525642
              ],
              [
                126.899979245712,
                37.290645970674824
              ],
              [
                126.90092780154056,
                37.29142729918143
              ]
            ]
          ]
        ]
      },
      "properties": {
        "name": "매송면",
        "base_year": "2018",
        "name_eng": "Maesong-myeon",
        "code": "3124031"
      }
    },
    {
      "type": "Feature",
      "geometry": {
        "type": "MultiPolygon",
        "coordinates": [
          [
            [
              [
                126.84327813002803,
                37.267669508850105
              ],
              [
                126.84391413106,
                37.2674849928632
              ],
              [
                126.84498904275081,
                37.26680363586409
              ],
              [
                126.84307725788294,
                37.26495265504915
              ],
              [
                126.84539891477505,
                37.25989102084859
              ],
              [
                126.84846299341292,
                37.257494393431806
              ],
              [
                126.8496045622122,
                37.257022577310515
              ],
              [
                126.85022602543576,
                37.2590731643307
              ],
              [
                126.84972446104778,
                37.26037958975097
              ],
              [
                126.8488082460737,
                37.26148879327333
              ],
              [
                126.84880373792623,
                37.26157700709433
              ],
              [
                126.84882289983062,
                37.26166251353762
              ],
              [
                126.84886044539681,
                37.26173792459125
              ],
              [
                126.85018002683451,
                37.26312727374912
              ],
              [
                126.85108232182641,
                37.26397853165589
              ],
              [
                126.85142212406433,
                37.26432604140777
              ],
              [
                126.85123365658805,
                37.264483483438504
              ],
              [
                126.84987874140528,
                37.26561522004365
              ],
              [
                126.84979701661395,
                37.26571767174762
              ],
              [
                126.84977706391216,
                37.26585165607248
              ],
              [
                126.84984212452964,
                37.265998157033636
              ],
              [
                126.85171391410674,
                37.26740161229387
              ],
              [
                126.85241122472658,
                37.267673594881224
              ],
              [
                126.85303051740703,
                37.267748978250005
              ],
              [
                126.85382084237509,
                37.267897231717555
              ],
              [
                126.85408602047664,
                37.26800038950476
              ],
              [
                126.85420271849004,
                37.268088141573195
              ],
              [
                126.85555579119492,
                37.26948805813082
              ],
              [
                126.85594927524623,
                37.26991854749499
              ],
              [
                126.85655526593497,
                37.26952041386993
              ],
              [
                126.85699226736276,
                37.26938930192934
              ],
              [
                126.85714648116902,
                37.26935240740383
              ],
              [
                126.85731748988442,
                37.269386775540795
              ],
              [
                126.85829402637987,
                37.269858890264175
              ],
              [
                126.85856769004249,
                37.269886538813026
              ],
              [
                126.85879346029019,
                37.269660617852104
              ],
              [
                126.86039532443192,
                37.267999431633925
              ],
              [
                126.86288693092541,
                37.2664019797286
              ],
              [
                126.8630814305659,
                37.26682252834652
              ],
              [
                126.86343144075967,
                37.26699658125863
              ],
              [
                126.86419238392025,
                37.26705536119948
              ],
              [
                126.86449456767825,
                37.26695921564613
              ],
              [
                126.86461552315303,
                37.26687253306306
              ],
              [
                126.86578327757464,
                37.26519605554664
              ],
              [
                126.86635578392163,
                37.26435808667359
              ],
              [
                126.8663936511612,
                37.263932931620005
              ],
              [
                126.86647535040976,
                37.262788014785464
              ],
              [
                126.86652172042322,
                37.26163483400066
              ],
              [
                126.86651475179931,
                37.26148445957494
              ],
              [
                126.86658018845017,
                37.26133418590404
              ],
              [
                126.86710347433127,
                37.260284215033145
              ],
              [
                126.86719064878574,
                37.260122395022385
              ],
              [
                126.86746643922756,
                37.259746814344986
              ],
              [
                126.86758239059,
                37.259683332418874
              ],
              [
                126.86775625363708,
                37.259637277016694
              ],
              [
                126.86984177879823,
                37.25943719661575
              ],
              [
                126.87110652184192,
                37.25972935521102
              ],
              [
                126.87127140356708,
                37.25987735378652
              ],
              [
                126.87138518946496,
                37.25994570996734
              ],
              [
                126.87355715530376,
                37.26050149322026
              ],
              [
                126.87383616410688,
                37.26052225708864
              ],
              [
                126.87404688182276,
                37.26051111786727
              ],
              [
                126.87423492743633,
                37.26044081747574
              ],
              [
                126.87438880861318,
                37.260365933875995
              ],
              [
                126.87523970378983,
                37.25960136204948
              ],
              [
                126.87590019315527,
                37.25903183253889
              ],
              [
                126.87621089670199,
                37.25882293609398
              ],
              [
                126.87745426110192,
                37.258163680094626
              ],
              [
                126.87767649587906,
                37.25806383873996
              ],
              [
                126.87789870044944,
                37.25799584649582
              ],
              [
                126.87897714826262,
                37.257693943261536
              ],
              [
                126.88318902571599,
                37.25673318087867
              ],
              [
                126.88633608790703,
                37.25642970646222
              ],
              [
                126.88656288699661,
                37.25641547519109
              ],
              [
                126.88710578098436,
                37.2562548142504
              ],
              [
                126.88718408147226,
                37.25618559077439
              ],
              [
                126.8873806159131,
                37.25596823528718
              ],
              [
                126.88748498470842,
                37.25579769683441
              ],
              [
                126.88891304043487,
                37.25321691023439
              ],
              [
                126.88899647573886,
                37.25305721780274
              ],
              [
                126.88905524375913,
                37.25293789570595
              ],
              [
                126.88923120002013,
                37.25235775085205
              ],
              [
                126.88924649897326,
                37.252302504210505
              ],
              [
                126.88929853118832,
                37.25202875702473
              ],
              [
                126.8893037772302,
                37.251933151932306
              ],
              [
                126.88939445525935,
                37.25144187665661
              ],
              [
                126.88944502896443,
                37.25119893138151
              ],
              [
                126.88952125192272,
                37.25085380684472
              ],
              [
                126.88964247403653,
                37.25034485383313
              ],
              [
                126.89017821562979,
                37.24979364453772
              ],
              [
                126.89200596278141,
                37.24996191575884
              ],
              [
                126.89233017012856,
                37.250034324842815
              ],
              [
                126.89234675002223,
                37.250043322886874
              ],
              [
                126.89250042578651,
                37.250126792448164
              ],
              [
                126.89262321765585,
                37.25019729462347
              ],
              [
                126.89268896109712,
                37.25024610144898
              ],
              [
                126.89274281797192,
                37.25030104343991
              ],
              [
                126.89274043252607,
                37.25035970636167
              ],
              [
                126.89277260274683,
                37.25044483827835
              ],
              [
                126.89319672804795,
                37.25094645537544
              ],
              [
                126.89324951122924,
                37.25100265718329
              ],
              [
                126.89331979575643,
                37.251046367024884
              ],
              [
                126.89346484116766,
                37.250996554694076
              ],
              [
                126.89371973584743,
                37.250783071243795
              ],
              [
                126.89381830804378,
                37.250693822610366
              ],
              [
                126.8949114765697,
                37.24923549149919
              ],
              [
                126.89635330527356,
                37.246985472250216
              ],
              [
                126.8966726081723,
                37.246189822081774
              ],
              [
                126.89832511656745,
                37.244018703763196
              ],
              [
                126.8992563525251,
                37.24287237707959
              ],
              [
                126.89936744294705,
                37.24282349202
              ],
              [
                126.90029044533976,
                37.24292758835025
              ],
              [
                126.90074972256745,
                37.24312935379329
              ],
              [
                126.9007699648601,
                37.24313824661086
              ],
              [
                126.90077017370685,
                37.243138355834844
              ],
              [
                126.90131169377379,
                37.24342287747147
              ],
              [
                126.90145428410274,
                37.243500784553696
              ],
              [
                126.90375022908786,
                37.24311655343418
              ],
              [
                126.90405524830508,
                37.243039007910454
              ],
              [
                126.90507986850916,
                37.24235965316926
              ],
              [
                126.90577674061507,
                37.241613330256875
              ],
              [
                126.90679491004447,
                37.240890625083445
              ],
              [
                126.9115548673589,
                37.23888208329893
              ],
              [
                126.91243019575813,
                37.23858215538243
              ],
              [
                126.91234628912326,
                37.23818883771679
              ],
              [
                126.91219793414464,
                37.23749313228631
              ],
              [
                126.9120529015445,
                37.23513102105931
              ],
              [
                126.9126214853986,
                37.23417478956507
              ],
              [
                126.91296710208262,
                37.233638145249664
              ],
              [
                126.91101455687101,
                37.23077565335566
              ],
              [
                126.90847699169072,
                37.22756839000513
              ],
              [
                126.90809006712428,
                37.227268039097765
              ],
              [
                126.90845885894721,
                37.22617704430228
              ],
              [
                126.90883267895688,
                37.2253118512315
              ],
              [
                126.9089489192233,
                37.22511824531278
              ],
              [
                126.9093313064511,
                37.22453803901554
              ],
              [
                126.9093582641294,
                37.224449362535125
              ],
              [
                126.90974160368586,
                37.22234342217113
              ],
              [
                126.909760031085,
                37.22187558846529
              ],
              [
                126.90867210029514,
                37.22165525642153
              ],
              [
                126.90826411961817,
                37.22152439101635
              ],
              [
                126.90647848509266,
                37.22025395252309
              ],
              [
                126.90401866634188,
                37.217611001292816
              ],
              [
                126.90357939396796,
                37.21704355841701
              ],
              [
                126.90327351411281,
                37.21630900194179
              ],
              [
                126.90373881510051,
                37.21485214955038
              ],
              [
                126.9038785776623,
                37.21462907598885
              ],
              [
                126.90464464576553,
                37.21344526586834
              ],
              [
                126.9059883224354,
                37.21243699179983
              ],
              [
                126.90658735599924,
                37.21213466033722
              ],
              [
                126.90690724268833,
                37.21191941324067
              ],
              [
                126.90713013549122,
                37.21171133269021
              ],
              [
                126.90731768815066,
                37.21133230533684
              ],
              [
                126.90829259158694,
                37.208054650070274
              ],
              [
                126.90703427101926,
                37.20458408546454
              ],
              [
                126.9070202338026,
                37.20173085673361
              ],
              [
                126.90618678676796,
                37.19920034289897
              ],
              [
                126.9058246179518,
                37.199149981081526
              ],
              [
                126.9054817074027,
                37.19910230722232
              ],
              [
                126.90186371319346,
                37.19601233103898
              ],
              [
                126.90002534740417,
                37.19386078596178
              ],
              [
                126.89986013371515,
                37.19390022708351
              ],
              [
                126.8995658709618,
                37.193945612463224
              ],
              [
                126.89955487624255,
                37.19394730725773
              ],
              [
                126.89671446408316,
                37.19420239202834
              ],
              [
                126.8959083425809,
                37.19399927502419
              ],
              [
                126.89547990306045,
                37.19367165181272
              ],
              [
                126.89537838774584,
                37.19334441778679
              ],
              [
                126.89539869550445,
                37.192819405500295
              ],
              [
                126.89414395632342,
                37.192682207765316
              ],
              [
                126.8904693257019,
                37.19557859140185
              ],
              [
                126.89017860566963,
                37.19621166591185
              ],
              [
                126.88962105131431,
                37.19702899562548
              ],
              [
                126.88907397676208,
                37.19735640474016
              ],
              [
                126.88905863786417,
                37.19735732132663
              ],
              [
                126.8888707642869,
                37.19736854767878
              ],
              [
                126.88856079745847,
                37.197386858353305
              ],
              [
                126.8821432347101,
                37.1971301699699
              ],
              [
                126.88088036190068,
                37.19614180394303
              ],
              [
                126.88037911897783,
                37.19574737413967
              ],
              [
                126.87871574617897,
                37.19441395418313
              ],
              [
                126.87871231698567,
                37.19322829179442
              ],
              [
                126.87639233784091,
                37.192882512818976
              ],
              [
                126.87629612875779,
                37.19291452703043
              ],
              [
                126.8758077969791,
                37.193077022943335
              ],
              [
                126.87552019878535,
                37.193219192116004
              ],
              [
                126.87523170601405,
                37.193403887472705
              ],
              [
                126.87509152582474,
                37.193499067795074
              ],
              [
                126.87502776322926,
                37.193663415218914
              ],
              [
                126.87465484116214,
                37.194324806559386
              ],
              [
                126.87327156028664,
                37.19656483477708
              ],
              [
                126.87269472788773,
                37.1967951014859
              ],
              [
                126.87057342455725,
                37.19764083961363
              ],
              [
                126.87004667267057,
                37.197801246855576
              ],
              [
                126.8696900883312,
                37.19789857783636
              ],
              [
                126.86960589834882,
                37.19792155719657
              ],
              [
                126.86922483024152,
                37.19802422796676
              ],
              [
                126.86922367833827,
                37.1980245355199
              ],
              [
                126.86919538238455,
                37.19803206476318
              ],
              [
                126.86837319272833,
                37.1982239038052
              ],
              [
                126.8677770143033,
                37.19844179865521
              ],
              [
                126.8672847905439,
                37.19882330319422
              ],
              [
                126.86682986637676,
                37.1997428365244
              ],
              [
                126.86651325098342,
                37.19989412361866
              ],
              [
                126.86575789669592,
                37.2002300421748
              ],
              [
                126.86539533302897,
                37.1998779760618
              ],
              [
                126.86485170902804,
                37.19979355285854
              ],
              [
                126.8644393294715,
                37.199741266705345
              ],
              [
                126.86409880587563,
                37.199699514592766
              ],
              [
                126.86330677891694,
                37.19988210025727
              ],
              [
                126.8630390550321,
                37.20001233897222
              ],
              [
                126.86264011360848,
                37.20020668727654
              ],
              [
                126.8628561285531,
                37.20070878665217
              ],
              [
                126.86374795285704,
                37.202206334931375
              ],
              [
                126.86377559648292,
                37.20223555162133
              ],
              [
                126.86435682747182,
                37.20266484879622
              ],
              [
                126.86442473018597,
                37.20271397168758
              ],
              [
                126.8647474412485,
                37.20293376674015
              ],
              [
                126.86524067024635,
                37.20407106393456
              ],
              [
                126.86576546652987,
                37.20569204090964
              ],
              [
                126.86658247808542,
                37.20880608577954
              ],
              [
                126.86557800492426,
                37.211639690955
              ],
              [
                126.86111243807534,
                37.213882577650644
              ],
              [
                126.85915259208112,
                37.214115879047384
              ],
              [
                126.85874232224529,
                37.2140463656105
              ],
              [
                126.8581871082887,
                37.21394987661648
              ],
              [
                126.85801457156278,
                37.213913671889536
              ],
              [
                126.85760568539368,
                37.213822683798995
              ],
              [
                126.85640718409401,
                37.21454403426733
              ],
              [
                126.85455925728841,
                37.21628694619581
              ],
              [
                126.85411472319794,
                37.2181220784079
              ],
              [
                126.85287221569588,
                37.220188657564655
              ],
              [
                126.85210547950673,
                37.22007891994864
              ],
              [
                126.85176908535676,
                37.21992911188767
              ],
              [
                126.85005733691187,
                37.221117452349205
              ],
              [
                126.85009171174883,
                37.22121422341872
              ],
              [
                126.85064797322455,
                37.223892164796766
              ],
              [
                126.85024574994652,
                37.22702618063661
              ],
              [
                126.84949818407384,
                37.22801753868228
              ],
              [
                126.84940373784245,
                37.227886388333296
              ],
              [
                126.84913903581757,
                37.22761779009643
              ],
              [
                126.84891144804394,
                37.22746553605606
              ],
              [
                126.8485452896598,
                37.22724289586783
              ],
              [
                126.84238688353348,
                37.229154491811094
              ],
              [
                126.84111433827408,
                37.22962528976667
              ],
              [
                126.84068289875597,
                37.22987868011049
              ],
              [
                126.84019907878204,
                37.23025466575814
              ],
              [
                126.84021441313469,
                37.23080011296858
              ],
              [
                126.83971718326913,
                37.231742218293526
              ],
              [
                126.83964031742002,
                37.2318429492404
              ],
              [
                126.83917589499595,
                37.23228290380154
              ],
              [
                126.83684106162627,
                37.23236618942641
              ],
              [
                126.83571403851565,
                37.232228199594694
              ],
              [
                126.83549454633751,
                37.23161646490965
              ],
              [
                126.83169097369131,
                37.23055973975315
              ],
              [
                126.82926102918019,
                37.229963051042546
              ],
              [
                126.82832053602148,
                37.230410692972285
              ],
              [
                126.82768433369682,
                37.23246419406988
              ],
              [
                126.82724067071996,
                37.23418344402095
              ],
              [
                126.8269471145169,
                37.23530802194291
              ],
              [
                126.82636553606278,
                37.235262452529135
              ],
              [
                126.8253359905129,
                37.23519580890697
              ],
              [
                126.82376510267225,
                37.23674548944725
              ],
              [
                126.82421858239032,
                37.237477389140146
              ],
              [
                126.82474723488004,
                37.23829761903761
              ],
              [
                126.82508135426315,
                37.238589919258196
              ],
              [
                126.82551326958136,
                37.238980594362005
              ],
              [
                126.8263088160769,
                37.241160320079665
              ],
              [
                126.82708592513247,
                37.24365813281939
              ],
              [
                126.82668353356819,
                37.24472890009022
              ],
              [
                126.8265143491242,
                37.245371971393126
              ],
              [
                126.82644123132177,
                37.24820488472049
              ],
              [
                126.82695614981702,
                37.25146034894878
              ],
              [
                126.82741304535827,
                37.251929867785016
              ],
              [
                126.83070092650026,
                37.25369805493877
              ],
              [
                126.83233651367841,
                37.25365441376286
              ],
              [
                126.83418550996016,
                37.25459116232444
              ],
              [
                126.83402274981076,
                37.25516747743598
              ],
              [
                126.83373892325166,
                37.256099206215396
              ],
              [
                126.833392988235,
                37.25671380615541
              ],
              [
                126.83369694392044,
                37.25751337472624
              ],
              [
                126.83642676233913,
                37.26112409948829
              ],
              [
                126.83933757202016,
                37.26451645230054
              ],
              [
                126.84143930511597,
                37.26628788840661
              ],
              [
                126.84277083447934,
                37.267233938539945
              ],
              [
                126.84327813002803,
                37.267669508850105
              ]
            ]
          ]
        ]
      },
      "properties": {
        "name": "비봉면",
        "base_year": "2018",
        "name_eng": "Bibong-myeon",
        "code": "3124033"
      }
    },
    {
      "type": "Feature",
      "geometry": {
        "type": "MultiPolygon",
        "coordinates": [
          [
            [
              [
                126.7871805573149,
                37.23271687518171
              ],
              [
                126.78933857640403,
                37.2326180297261
              ],
              [
                126.79041132135691,
                37.23255614795238
              ],
              [
                126.7905327027338,
                37.2325300717518
              ],
              [
                126.79062705153484,
                37.232486593009824
              ],
              [
                126.79082955327702,
                37.23232919242535
              ],
              [
                126.79110443206949,
                37.23211279217824
              ],
              [
                126.79149229394126,
                37.23180734265461
              ],
              [
                126.79153436483938,
                37.23176132058637
              ],
              [
                126.79268138074518,
                37.23048569334587
              ],
              [
                126.7931991445711,
                37.229539479239286
              ],
              [
                126.79321654103258,
                37.22948217725403
              ],
              [
                126.79486447732602,
                37.22651740190795
              ],
              [
                126.79535832482208,
                37.22638146587362
              ],
              [
                126.79670373182766,
                37.225814370805104
              ],
              [
                126.79682332364592,
                37.225753784303315
              ],
              [
                126.79718698078912,
                37.22532684176464
              ],
              [
                126.79928844686097,
                37.222299286840716
              ],
              [
                126.79933415616827,
                37.22205645956591
              ],
              [
                126.79917668805962,
                37.22078551511144
              ],
              [
                126.799050375936,
                37.21932049333326
              ],
              [
                126.7993846983368,
                37.218884159462704
              ],
              [
                126.8007459907353,
                37.21674342503458
              ],
              [
                126.80135996567076,
                37.21570342798182
              ],
              [
                126.80186856008032,
                37.21430923116067
              ],
              [
                126.8015469313141,
                37.213562626260504
              ],
              [
                126.80077585806443,
                37.21343965582827
              ],
              [
                126.80025394720336,
                37.213356432632345
              ],
              [
                126.79622237149853,
                37.20981904564844
              ],
              [
                126.79460060637875,
                37.20737105737395
              ],
              [
                126.79481151073942,
                37.205921187665574
              ],
              [
                126.79175565882078,
                37.203755010780284
              ],
              [
                126.79149495741483,
                37.20334177244029
              ],
              [
                126.79123636543908,
                37.20292596860031
              ],
              [
                126.79109599954926,
                37.202670299650684
              ],
              [
                126.79107170596012,
                37.20262046594682
              ],
              [
                126.79007276442543,
                37.19999847874111
              ],
              [
                126.7900941072755,
                37.19989447212342
              ],
              [
                126.79197514116142,
                37.19616460524552
              ],
              [
                126.79233731717491,
                37.195614014332094
              ],
              [
                126.79521777630532,
                37.193415036473205
              ],
              [
                126.797794428125,
                37.19252249511283
              ],
              [
                126.79754630400377,
                37.19176865123519
              ],
              [
                126.79612095358478,
                37.18837952182895
              ],
              [
                126.79477119139813,
                37.18448047867143
              ],
              [
                126.79474997884193,
                37.18153434721561
              ],
              [
                126.78880696818236,
                37.173826052791995
              ],
              [
                126.78385214896585,
                37.169731373927924
              ],
              [
                126.78372368368831,
                37.169730317974164
              ],
              [
                126.78353932871597,
                37.16977356308164
              ],
              [
                126.78264151408004,
                37.170038717838445
              ],
              [
                126.78249093027988,
                37.1700855823009
              ],
              [
                126.7823958628822,
                37.17013373788291
              ],
              [
                126.7821597232688,
                37.17030651877768
              ],
              [
                126.78199253310724,
                37.170426093082
              ],
              [
                126.78195246156508,
                37.17041426919863
              ],
              [
                126.77997310696063,
                37.169810687524354
              ],
              [
                126.77925365867918,
                37.16852748258816
              ],
              [
                126.77750148773714,
                37.16520456905692
              ],
              [
                126.77192155019297,
                37.165193684171534
              ],
              [
                126.76174207257239,
                37.16581191985676
              ],
              [
                126.75862128066014,
                37.16626363073233
              ],
              [
                126.75661746972251,
                37.166700777089325
              ],
              [
                126.75002111824611,
                37.16810156391839
              ],
              [
                126.74716770693288,
                37.167582301196134
              ],
              [
                126.74703840403104,
                37.167478546955074
              ],
              [
                126.74682749858012,
                37.16729422495449
              ],
              [
                126.74659391242557,
                37.16708499528778
              ],
              [
                126.74654444778622,
                37.1670317006465
              ],
              [
                126.74613416436533,
                37.16634755275145
              ],
              [
                126.74630098360448,
                37.166197310910356
              ],
              [
                126.7465607549298,
                37.16591847365049
              ],
              [
                126.74664197125627,
                37.16579915115426
              ],
              [
                126.74677244394377,
                37.165468756957445
              ],
              [
                126.74695523003204,
                37.164988918736476
              ],
              [
                126.74669024623826,
                37.16399539341206
              ],
              [
                126.74667444893532,
                37.16394275625929
              ],
              [
                126.7466220059778,
                37.163835671939715
              ],
              [
                126.74657042163743,
                37.16376398982298
              ],
              [
                126.74648889964313,
                37.16368670311271
              ],
              [
                126.74642053012347,
                37.16362537511044
              ],
              [
                126.74633494736372,
                37.16355394487692
              ],
              [
                126.74616869967014,
                37.16344406360995
              ],
              [
                126.74611886132125,
                37.1634064375779
              ],
              [
                126.74608691283171,
                37.16338253502537
              ],
              [
                126.74526417342285,
                37.163125429550036
              ],
              [
                126.7451932886763,
                37.16312633918324
              ],
              [
                126.74455519744059,
                37.16313525671008
              ],
              [
                126.74406993979848,
                37.16315314332189
              ],
              [
                126.74397047035114,
                37.1632000518207
              ],
              [
                126.74387529629206,
                37.163308007105975
              ],
              [
                126.74388600230367,
                37.163378240118476
              ],
              [
                126.7439390968029,
                37.16349478879369
              ],
              [
                126.74400540055551,
                37.163590543460444
              ],
              [
                126.74409690019793,
                37.16369910174624
              ],
              [
                126.74412840534944,
                37.16388069641547
              ],
              [
                126.74412838324638,
                37.16390079014906
              ],
              [
                126.7441252752767,
                37.16420596705081
              ],
              [
                126.74395580732325,
                37.16478350302449
              ],
              [
                126.74258964457361,
                37.1671802143393
              ],
              [
                126.74149671746774,
                37.16782276402275
              ],
              [
                126.7413023089379,
                37.167899071841504
              ],
              [
                126.73720750725016,
                37.16912025355805
              ],
              [
                126.7341523133193,
                37.169811632478584
              ],
              [
                126.73129390350829,
                37.17081313149245
              ],
              [
                126.72655352162367,
                37.17422255322215
              ],
              [
                126.72640392724452,
                37.17440108198632
              ],
              [
                126.72625613777052,
                37.17479847001565
              ],
              [
                126.72625794852033,
                37.17493858736065
              ],
              [
                126.72626436786706,
                37.17530159714438
              ],
              [
                126.72626229000227,
                37.17553008881007
              ],
              [
                126.72626014031238,
                37.175765832456726
              ],
              [
                126.72623683474714,
                37.17583564628594
              ],
              [
                126.72600003642597,
                37.17634830339451
              ],
              [
                126.72483852038047,
                37.17642463720586
              ],
              [
                126.72305937649723,
                37.17644793324832
              ],
              [
                126.72209647220512,
                37.17629863638448
              ],
              [
                126.72165990894648,
                37.176294559951046
              ],
              [
                126.71997112086066,
                37.176386566552246
              ],
              [
                126.71848086619275,
                37.17708045156877
              ],
              [
                126.71733977532485,
                37.177889608582845
              ],
              [
                126.71515944301373,
                37.18173442449262
              ],
              [
                126.71550244980949,
                37.183356322994946
              ],
              [
                126.71644538390878,
                37.18494540525298
              ],
              [
                126.71717806126776,
                37.18552414860225
              ],
              [
                126.71875126550209,
                37.18647090251166
              ],
              [
                126.72053226646415,
                37.18841487811382
              ],
              [
                126.72038598197254,
                37.188788436529315
              ],
              [
                126.71996413224005,
                37.18928271237648
              ],
              [
                126.71910046983228,
                37.19081563824779
              ],
              [
                126.71888399109493,
                37.19237799097812
              ],
              [
                126.71911519370083,
                37.19300085648863
              ],
              [
                126.71944207842513,
                37.19365779179073
              ],
              [
                126.7216865011855,
                37.19549106939675
              ],
              [
                126.72299622190775,
                37.19612016084042
              ],
              [
                126.72399251032648,
                37.196578273460595
              ],
              [
                126.72454178857876,
                37.196620758100046
              ],
              [
                126.72483941780851,
                37.196337055286214
              ],
              [
                126.72831233471386,
                37.198687382883385
              ],
              [
                126.72787872599037,
                37.19997345723711
              ],
              [
                126.72790186465822,
                37.20030038183542
              ],
              [
                126.72793446848681,
                37.200716973752996
              ],
              [
                126.72873403949902,
                37.202294028080644
              ],
              [
                126.7290660682009,
                37.20238329257024
              ],
              [
                126.7324519408436,
                37.2029428634277
              ],
              [
                126.73381973193067,
                37.20305597833218
              ],
              [
                126.73771406264616,
                37.204501515416396
              ],
              [
                126.73893115306755,
                37.20514683139422
              ],
              [
                126.73942718401618,
                37.20527756242977
              ],
              [
                126.74377172784206,
                37.20627983697707
              ],
              [
                126.74468645721245,
                37.20584063703958
              ],
              [
                126.74493131858989,
                37.20561140238703
              ],
              [
                126.74532357123461,
                37.20534137020936
              ],
              [
                126.74536662646678,
                37.20532059521395
              ],
              [
                126.74561476992753,
                37.205264977239445
              ],
              [
                126.74588504661904,
                37.20524648555333
              ],
              [
                126.7461419640517,
                37.20526805952555
              ],
              [
                126.74621464304741,
                37.20527926296103
              ],
              [
                126.74671082219203,
                37.205355749241825
              ],
              [
                126.74671310692855,
                37.20535615495659
              ],
              [
                126.74724330447502,
                37.20551643414836
              ],
              [
                126.74883385084297,
                37.206155225755296
              ],
              [
                126.74944962377309,
                37.20659656681039
              ],
              [
                126.74948663752102,
                37.20662741599024
              ],
              [
                126.74955972314793,
                37.206736227986426
              ],
              [
                126.75031152048768,
                37.20873912573907
              ],
              [
                126.75031611236093,
                37.20876048181969
              ],
              [
                126.75031912717925,
                37.208778680069656
              ],
              [
                126.75040883672993,
                37.20937929783574
              ],
              [
                126.75041657327134,
                37.20950211610873
              ],
              [
                126.75044287171922,
                37.21000050246301
              ],
              [
                126.75044968723405,
                37.21031659301723
              ],
              [
                126.75045149667662,
                37.21066538098667
              ],
              [
                126.75045174833456,
                37.21090505682809
              ],
              [
                126.75045392586816,
                37.210968946543275
              ],
              [
                126.75046074174779,
                37.21100940803703
              ],
              [
                126.75064008923572,
                37.21116315354097
              ],
              [
                126.75089669253877,
                37.21138248397035
              ],
              [
                126.75138986687277,
                37.211405915666454
              ],
              [
                126.75153302225583,
                37.211408262448195
              ],
              [
                126.75240895190595,
                37.21140041232297
              ],
              [
                126.75258854109147,
                37.21139578016599
              ],
              [
                126.75462557870571,
                37.21029075937715
              ],
              [
                126.75454081157962,
                37.21013275663576
              ],
              [
                126.75435990976457,
                37.2097955525698
              ],
              [
                126.75436073579162,
                37.20910987009791
              ],
              [
                126.75438138643993,
                37.208103658969286
              ],
              [
                126.7543837282881,
                37.208032209837235
              ],
              [
                126.75438396355925,
                37.20803176040283
              ],
              [
                126.75465100675993,
                37.20775033075168
              ],
              [
                126.75596587938999,
                37.206401392833456
              ],
              [
                126.75608978818637,
                37.20631219425117
              ],
              [
                126.75625176751073,
                37.206221397286285
              ],
              [
                126.7563330431781,
                37.20617650456722
              ],
              [
                126.75652410470295,
                37.206075551246514
              ],
              [
                126.75683105291053,
                37.20599423574034
              ],
              [
                126.75705776845737,
                37.20593538902395
              ],
              [
                126.75711353784412,
                37.205922005108484
              ],
              [
                126.75751206894945,
                37.20584381490977
              ],
              [
                126.75762919269484,
                37.20583139604741
              ],
              [
                126.75776599995717,
                37.205822469713915
              ],
              [
                126.76041742987441,
                37.20785906743196
              ],
              [
                126.76068783453378,
                37.20920013049594
              ],
              [
                126.7606230402612,
                37.209926318931956
              ],
              [
                126.760695010602,
                37.21003359029241
              ],
              [
                126.76133557238064,
                37.21056216874896
              ],
              [
                126.7615489916992,
                37.21068087497237
              ],
              [
                126.76182843791409,
                37.210720875358824
              ],
              [
                126.76843764863996,
                37.21089703582095
              ],
              [
                126.77264614655388,
                37.210320955834256
              ],
              [
                126.77371516168587,
                37.21091270772503
              ],
              [
                126.77426713166005,
                37.21251320263438
              ],
              [
                126.77263358715318,
                37.21501917670324
              ],
              [
                126.77283085502617,
                37.21944098049899
              ],
              [
                126.7772491797781,
                37.223276113603966
              ],
              [
                126.78142476952264,
                37.22699336948066
              ],
              [
                126.78174963194692,
                37.22741464664427
              ],
              [
                126.78250685128909,
                37.228396598390816
              ],
              [
                126.78247400164749,
                37.229346565992955
              ],
              [
                126.78238437905463,
                37.22997772724523
              ],
              [
                126.78297159043521,
                37.229748399404784
              ],
              [
                126.7835507584234,
                37.229828569972085
              ],
              [
                126.78554561549188,
                37.23194486093384
              ],
              [
                126.78664630266393,
                37.23295663479226
              ],
              [
                126.7871805573149,
                37.23271687518171
              ]
            ]
          ]
        ]
      },
      "properties": {
        "name": "마도면",
        "base_year": "2018",
        "name_eng": "Mado-myeon",
        "code": "3124035"
      }
    },
    {
      "type": "Feature",
      "geometry": {
        "type": "MultiPolygon",
        "coordinates": [
          [
            [
              [
                126.76577554382698,
                37.26092227350701
              ],
              [
                126.76640576751615,
                37.25923004167129
              ],
              [
                126.76520605309285,
                37.25934943737137
              ],
              [
                126.76275596179048,
                37.26060000572607
              ],
              [
                126.76269501330235,
                37.26107665433686
              ],
              [
                126.76552446900942,
                37.261881029961714
              ],
              [
                126.76577554382698,
                37.26092227350701
              ]
            ]
          ],
          [
            [
              [
                126.74150783509556,
                37.28929082902025
              ],
              [
                126.74115065523138,
                37.28777324241182
              ],
              [
                126.7415428338958,
                37.287197922406556
              ],
              [
                126.7436612223626,
                37.28708949448306
              ],
              [
                126.74477500578551,
                37.28652619620931
              ],
              [
                126.74496522803462,
                37.28428556804852
              ],
              [
                126.74370159732526,
                37.28340627510049
              ],
              [
                126.74116534945944,
                37.28295850763395
              ],
              [
                126.73614274655002,
                37.28368103752711
              ],
              [
                126.73496923629207,
                37.28398796746892
              ],
              [
                126.73502487225142,
                37.28444597651683
              ],
              [
                126.7351595205148,
                37.28519322366935
              ],
              [
                126.73634121385349,
                37.28729325619474
              ],
              [
                126.73672413216673,
                37.28783104530227
              ],
              [
                126.73713963728285,
                37.28821044219442
              ],
              [
                126.7414990376788,
                37.29016716404857
              ],
              [
                126.74186817280398,
                37.29027360032469
              ],
              [
                126.74226753120669,
                37.290100879421594
              ],
              [
                126.74209928313775,
                37.28978758661136
              ],
              [
                126.74150783509556,
                37.28929082902025
              ]
            ]
          ],
          [
            [
              [
                126.65463244798364,
                37.29281998476512
              ],
              [
                126.65834453460806,
                37.29268937680676
              ],
              [
                126.66157318099343,
                37.29256052326604
              ],
              [
                126.66165084910708,
                37.292556014942576
              ],
              [
                126.66167868064333,
                37.29255134647226
              ],
              [
                126.66169604636875,
                37.292546935571515
              ],
              [
                126.66170116517516,
                37.292534111045484
              ],
              [
                126.6617081932086,
                37.29134527925475
              ],
              [
                126.66170911724826,
                37.291166525572116
              ],
              [
                126.66169613866582,
                37.28299721540605
              ],
              [
                126.66169194434603,
                37.2809665486029
              ],
              [
                126.66169104567987,
                37.28038946982635
              ],
              [
                126.66169115252856,
                37.27986634717476
              ],
              [
                126.66170141411345,
                37.278432306016676
              ],
              [
                126.66171001532244,
                37.27812786996898
              ],
              [
                126.66173121238262,
                37.27797225893925
              ],
              [
                126.66175446885389,
                37.277912785079934
              ],
              [
                126.66175791550748,
                37.27790662245176
              ],
              [
                126.66176671566258,
                37.27790492708907
              ],
              [
                126.66182618344631,
                37.27789735660266
              ],
              [
                126.66190093243313,
                37.27789188451786
              ],
              [
                126.66279306772091,
                37.27791688322609
              ],
              [
                126.66389823617675,
                37.27794726507047
              ],
              [
                126.66429017886426,
                37.277951585042096
              ],
              [
                126.66455411581259,
                37.27795221508884
              ],
              [
                126.66478041300905,
                37.277938250713795
              ],
              [
                126.66498843233184,
                37.277915907588465
              ],
              [
                126.66561619888415,
                37.27782492197759
              ],
              [
                126.6661823937188,
                37.27773203729614
              ],
              [
                126.66629544469436,
                37.277706252036545
              ],
              [
                126.66645533182209,
                37.277647613269096
              ],
              [
                126.66701125293096,
                37.27740661943665
              ],
              [
                126.66727492358511,
                37.27726763655783
              ],
              [
                126.66754620813211,
                37.27711462895174
              ],
              [
                126.66788412630727,
                37.27691603428155
              ],
              [
                126.66811718038775,
                37.27675903210914
              ],
              [
                126.66838296777564,
                37.27658863425038
              ],
              [
                126.66857346905122,
                37.276472402465735
              ],
              [
                126.66871707179517,
                37.27639992909902
              ],
              [
                126.66883148042339,
                37.27635176437299
              ],
              [
                126.66889833842899,
                37.27633747108059
              ],
              [
                126.66897429963085,
                37.27633554002411
              ],
              [
                126.66905701770243,
                37.276347836787295
              ],
              [
                126.66916620789067,
                37.27638086705065
              ],
              [
                126.66936460371726,
                37.276459927293516
              ],
              [
                126.66992481203705,
                37.27673028915634
              ],
              [
                126.67007073803302,
                37.27682153822893
              ],
              [
                126.67015153452475,
                37.27689981945943
              ],
              [
                126.67293680050001,
                37.280458404036324
              ],
              [
                126.67503693658007,
                37.28168902880409
              ],
              [
                126.68026412847126,
                37.281939902489704
              ],
              [
                126.68419968166599,
                37.281003487668144
              ],
              [
                126.68368850179668,
                37.27905885994182
              ],
              [
                126.6835442439675,
                37.278666720171934
              ],
              [
                126.68263129440848,
                37.27730791945136
              ],
              [
                126.6821413119682,
                37.276590001645594
              ],
              [
                126.68204152231128,
                37.276473220303544
              ],
              [
                126.6810934361459,
                37.2756219027176
              ],
              [
                126.68059983648604,
                37.27526989776618
              ],
              [
                126.6800814759875,
                37.27493570892295
              ],
              [
                126.67991766753579,
                37.27484305385988
              ],
              [
                126.6796817915037,
                37.274715531502444
              ],
              [
                126.67655597155871,
                37.273140562955795
              ],
              [
                126.67628056540242,
                37.27301054687863
              ],
              [
                126.67600533349832,
                37.2728867761105
              ],
              [
                126.67528884068525,
                37.272571558118116
              ],
              [
                126.67460484845918,
                37.27245006807737
              ],
              [
                126.67350075292961,
                37.27233781209822
              ],
              [
                126.6733238576889,
                37.27232034852282
              ],
              [
                126.67305021499708,
                37.27246762582511
              ],
              [
                126.67195608487158,
                37.27318256198713
              ],
              [
                126.6727864438483,
                37.27089873123454
              ],
              [
                126.6758045794889,
                37.26296344034949
              ],
              [
                126.67671244853923,
                37.26060244483148
              ],
              [
                126.67692002374281,
                37.260065830226765
              ],
              [
                126.6771550154463,
                37.259503889529505
              ],
              [
                126.67717076653038,
                37.259476800810596
              ],
              [
                126.67727333740913,
                37.25936627994092
              ],
              [
                126.67961722621435,
                37.2571977813486
              ],
              [
                126.67969366448959,
                37.257165973114105
              ],
              [
                126.67978821157679,
                37.25712786345365
              ],
              [
                126.68082985275234,
                37.25688099803597
              ],
              [
                126.68109825650664,
                37.256823197939944
              ],
              [
                126.68163248255469,
                37.25689023171592
              ],
              [
                126.68238225549018,
                37.257044043908046
              ],
              [
                126.68260316789356,
                37.25711804377346
              ],
              [
                126.68319671858366,
                37.257428014129054
              ],
              [
                126.68405834729413,
                37.257962965724474
              ],
              [
                126.68431929580503,
                37.258165495529106
              ],
              [
                126.68555481047875,
                37.25918618135138
              ],
              [
                126.68625723813913,
                37.259782442169076
              ],
              [
                126.68697338057851,
                37.26056998986717
              ],
              [
                126.68706211385933,
                37.26072986200809
              ],
              [
                126.68708294383899,
                37.26085580145764
              ],
              [
                126.68715407875492,
                37.26142749176954
              ],
              [
                126.68714987840936,
                37.26145388955057
              ],
              [
                126.68714090728774,
                37.261477599113924
              ],
              [
                126.69139553949518,
                37.261707772902696
              ],
              [
                126.69638681461849,
                37.26125855225031
              ],
              [
                126.69787919264022,
                37.26110687706155
              ],
              [
                126.69800517653616,
                37.2610940079627
              ],
              [
                126.69806741916227,
                37.26107586658017
              ],
              [
                126.70080551467686,
                37.26019367996608
              ],
              [
                126.70231974315074,
                37.25942372971695
              ],
              [
                126.70232593213296,
                37.25930651991952
              ],
              [
                126.7023449013569,
                37.25925251445222
              ],
              [
                126.70271010150444,
                37.25864294097941
              ],
              [
                126.70273183364665,
                37.25861435133182
              ],
              [
                126.70279402031287,
                37.25856719344324
              ],
              [
                126.70423422713206,
                37.258033104947465
              ],
              [
                126.70475840874086,
                37.25789886183134
              ],
              [
                126.70525372699335,
                37.25779526786819
              ],
              [
                126.70631634872977,
                37.25776400276844
              ],
              [
                126.7063592292022,
                37.25776731705484
              ],
              [
                126.70641654629829,
                37.257774288546024
              ],
              [
                126.70764891128734,
                37.25798739745167
              ],
              [
                126.70849637939041,
                37.25825629441056
              ],
              [
                126.70851809147364,
                37.258267339053276
              ],
              [
                126.70954079681614,
                37.25829309155869
              ],
              [
                126.70959226914324,
                37.25829289257249
              ],
              [
                126.70972158086515,
                37.25827734165935
              ],
              [
                126.70977494851763,
                37.258259470159665
              ],
              [
                126.71031887128,
                37.25802282914965
              ],
              [
                126.71049996484919,
                37.25794342101938
              ],
              [
                126.71065887727958,
                37.257857445095766
              ],
              [
                126.71217262936307,
                37.25693347005737
              ],
              [
                126.71266701581071,
                37.256518802874666
              ],
              [
                126.71271776090241,
                37.25648380438342
              ],
              [
                126.7129734584266,
                37.25634637623475
              ],
              [
                126.71337781378936,
                37.256148549448454
              ],
              [
                126.71462528883085,
                37.25555822024606
              ],
              [
                126.71485356805013,
                37.25546790878671
              ],
              [
                126.71512528886973,
                37.25537700692711
              ],
              [
                126.71567037960178,
                37.25520660751
              ],
              [
                126.71572625631741,
                37.25519415280157
              ],
              [
                126.71581899864802,
                37.2551930688948
              ],
              [
                126.7198543690659,
                37.25549050615838
              ],
              [
                126.72209746365037,
                37.25588601414648
              ],
              [
                126.72278758665635,
                37.256111161394614
              ],
              [
                126.72304626793056,
                37.25617771362526
              ],
              [
                126.72523050635482,
                37.2563241588449
              ],
              [
                126.72526769158286,
                37.256326650219876
              ],
              [
                126.7253068759583,
                37.25632640905545
              ],
              [
                126.7253459046072,
                37.25632298498181
              ],
              [
                126.72538306510475,
                37.25631148310942
              ],
              [
                126.72927215130599,
                37.25400682722006
              ],
              [
                126.73137323619389,
                37.251614032286625
              ],
              [
                126.73401532714728,
                37.24939068571115
              ],
              [
                126.73574411377567,
                37.249959923211115
              ],
              [
                126.7357332246306,
                37.249988742257415
              ],
              [
                126.73572614691483,
                37.25003372426985
              ],
              [
                126.73572993636877,
                37.250081758202874
              ],
              [
                126.73580788828953,
                37.250220710194974
              ],
              [
                126.73617783422617,
                37.25076618787213
              ],
              [
                126.73633022304958,
                37.25098401117159
              ],
              [
                126.73649170700814,
                37.25116895818527
              ],
              [
                126.73859074204297,
                37.253163705982956
              ],
              [
                126.73882426245035,
                37.25335297094636
              ],
              [
                126.73903670974587,
                37.25349179383352
              ],
              [
                126.74067367488446,
                37.25439168348968
              ],
              [
                126.7407105565009,
                37.25440225166657
              ],
              [
                126.7407307716604,
                37.25440483847388
              ],
              [
                126.74076156945031,
                37.25440059756106
              ],
              [
                126.7409349745107,
                37.254250549297645
              ],
              [
                126.74189009207149,
                37.25340779674371
              ],
              [
                126.74381834352333,
                37.25434303026497
              ],
              [
                126.74532795418193,
                37.25507379198853
              ],
              [
                126.74634484997524,
                37.25389548591205
              ],
              [
                126.7464625196009,
                37.25375950583934
              ],
              [
                126.74666751624754,
                37.253522794665734
              ],
              [
                126.74754832838593,
                37.25358237048542
              ],
              [
                126.74800401152575,
                37.25370501433265
              ],
              [
                126.74905992378145,
                37.25421734527272
              ],
              [
                126.7494088707344,
                37.254380130363195
              ],
              [
                126.75516911221095,
                37.25435637419049
              ],
              [
                126.75626525656705,
                37.254308552600364
              ],
              [
                126.75727778120168,
                37.25385591126941
              ],
              [
                126.75767245642744,
                37.25313619400381
              ],
              [
                126.758250563795,
                37.251790661425844
              ],
              [
                126.75823418825547,
                37.25172009402767
              ],
              [
                126.75816916534725,
                37.25161047674435
              ],
              [
                126.75797991641068,
                37.251406346025476
              ],
              [
                126.75768237268943,
                37.251101489661494
              ],
              [
                126.75713942434021,
                37.25061542380413
              ],
              [
                126.7568557960841,
                37.25036265712571
              ],
              [
                126.75772120138227,
                37.24891174024147
              ],
              [
                126.76026105942528,
                37.24900991006263
              ],
              [
                126.76165985804064,
                37.24906416435116
              ],
              [
                126.76367664372367,
                37.24914288309772
              ],
              [
                126.7640981015358,
                37.24860679233037
              ],
              [
                126.76499626580387,
                37.247463986580605
              ],
              [
                126.76500191251374,
                37.24745678891693
              ],
              [
                126.76509875400554,
                37.24517235275706
              ],
              [
                126.76705780954055,
                37.24516309457981
              ],
              [
                126.76700214199595,
                37.24671892727702
              ],
              [
                126.76696804601316,
                37.24731601203109
              ],
              [
                126.76695904868359,
                37.24751279725668
              ],
              [
                126.7669641536625,
                37.24769850341946
              ],
              [
                126.7669810943913,
                37.24777131223063
              ],
              [
                126.76701694167572,
                37.24787847269196
              ],
              [
                126.76705768455497,
                37.24794166142177
              ],
              [
                126.76714819430522,
                37.24804218887822
              ],
              [
                126.76722183937741,
                37.24810792118343
              ],
              [
                126.76733009313901,
                37.248167639025695
              ],
              [
                126.76740929980996,
                37.248198871756124
              ],
              [
                126.76752140292434,
                37.24823498252435
              ],
              [
                126.76761009069142,
                37.248254862234575
              ],
              [
                126.77109383759223,
                37.24862436801621
              ],
              [
                126.77135688648313,
                37.24864984852514
              ],
              [
                126.77169365994146,
                37.24866042234024
              ],
              [
                126.77189552140747,
                37.24865775900171
              ],
              [
                126.77219964303431,
                37.248642444710484
              ],
              [
                126.77258142385199,
                37.24860366415566
              ],
              [
                126.77283204117961,
                37.2485469686284
              ],
              [
                126.77319629454114,
                37.24845618027083
              ],
              [
                126.77356869327916,
                37.248332067860936
              ],
              [
                126.77382938459809,
                37.24823473625993
              ],
              [
                126.77419157841169,
                37.24806015380594
              ],
              [
                126.7744100251566,
                37.2479235968566
              ],
              [
                126.7747781377414,
                37.24768350910008
              ],
              [
                126.77507515001795,
                37.247415992004456
              ],
              [
                126.77520825890966,
                37.24728452488941
              ],
              [
                126.77533078147299,
                37.247158181207496
              ],
              [
                126.77559915573686,
                37.246776213385914
              ],
              [
                126.77567150808818,
                37.24666830761281
              ],
              [
                126.77570469396542,
                37.24661453382066
              ],
              [
                126.77580925499275,
                37.24639915982712
              ],
              [
                126.77587138515696,
                37.24625277973949
              ],
              [
                126.77591287176563,
                37.24612179344278
              ],
              [
                126.77599154604111,
                37.245866581946615
              ],
              [
                126.77605247657374,
                37.245544496232924
              ],
              [
                126.77606295519735,
                37.24542538082701
              ],
              [
                126.77626110450204,
                37.240171751953234
              ],
              [
                126.77636770310932,
                37.23689528050121
              ],
              [
                126.77638092041816,
                37.236490279544526
              ],
              [
                126.77796678562105,
                37.2355870107068
              ],
              [
                126.77869028707892,
                37.23517555554558
              ],
              [
                126.77959993255273,
                37.234664635332436
              ],
              [
                126.78032589828453,
                37.2341254979992
              ],
              [
                126.78065292584175,
                37.233722460625096
              ],
              [
                126.78117558661047,
                37.23305021510883
              ],
              [
                126.78238437905463,
                37.22997772724523
              ],
              [
                126.78247400164749,
                37.229346565992955
              ],
              [
                126.78250685128909,
                37.228396598390816
              ],
              [
                126.78174963194692,
                37.22741464664427
              ],
              [
                126.78142476952264,
                37.22699336948066
              ],
              [
                126.7772491797781,
                37.223276113603966
              ],
              [
                126.77283085502617,
                37.21944098049899
              ],
              [
                126.77263358715318,
                37.21501917670324
              ],
              [
                126.77426713166005,
                37.21251320263438
              ],
              [
                126.77371516168587,
                37.21091270772503
              ],
              [
                126.77264614655388,
                37.210320955834256
              ],
              [
                126.76843764863996,
                37.21089703582095
              ],
              [
                126.76182843791409,
                37.210720875358824
              ],
              [
                126.7615489916992,
                37.21068087497237
              ],
              [
                126.76133557238064,
                37.21056216874896
              ],
              [
                126.760695010602,
                37.21003359029241
              ],
              [
                126.7606230402612,
                37.209926318931956
              ],
              [
                126.76068783453378,
                37.20920013049594
              ],
              [
                126.76041742987441,
                37.20785906743196
              ],
              [
                126.75776599995717,
                37.205822469713915
              ],
              [
                126.75762919269484,
                37.20583139604741
              ],
              [
                126.75751206894945,
                37.20584381490977
              ],
              [
                126.75711353784412,
                37.205922005108484
              ],
              [
                126.75705776845737,
                37.20593538902395
              ],
              [
                126.75683105291053,
                37.20599423574034
              ],
              [
                126.75652410470295,
                37.206075551246514
              ],
              [
                126.7563330431781,
                37.20617650456722
              ],
              [
                126.75625176751073,
                37.206221397286285
              ],
              [
                126.75608978818637,
                37.20631219425117
              ],
              [
                126.75596587938999,
                37.206401392833456
              ],
              [
                126.75465100675993,
                37.20775033075168
              ],
              [
                126.75438396355925,
                37.20803176040283
              ],
              [
                126.7543837282881,
                37.208032209837235
              ],
              [
                126.75438138643993,
                37.208103658969286
              ],
              [
                126.75436073579162,
                37.20910987009791
              ],
              [
                126.75435990976457,
                37.2097955525698
              ],
              [
                126.75454081157962,
                37.21013275663576
              ],
              [
                126.75462557870571,
                37.21029075937715
              ],
              [
                126.75258854109147,
                37.21139578016599
              ],
              [
                126.75240895190595,
                37.21140041232297
              ],
              [
                126.75153302225583,
                37.211408262448195
              ],
              [
                126.75138986687277,
                37.211405915666454
              ],
              [
                126.75089669253877,
                37.21138248397035
              ],
              [
                126.75064008923572,
                37.21116315354097
              ],
              [
                126.75046074174779,
                37.21100940803703
              ],
              [
                126.75045392586816,
                37.210968946543275
              ],
              [
                126.75045174833456,
                37.21090505682809
              ],
              [
                126.75045149667662,
                37.21066538098667
              ],
              [
                126.75044968723405,
                37.21031659301723
              ],
              [
                126.75044287171922,
                37.21000050246301
              ],
              [
                126.75041657327134,
                37.20950211610873
              ],
              [
                126.75040883672993,
                37.20937929783574
              ],
              [
                126.75031912717925,
                37.208778680069656
              ],
              [
                126.75031611236093,
                37.20876048181969
              ],
              [
                126.75031152048768,
                37.20873912573907
              ],
              [
                126.74955972314793,
                37.206736227986426
              ],
              [
                126.74948663752102,
                37.20662741599024
              ],
              [
                126.74944962377309,
                37.20659656681039
              ],
              [
                126.74883385084297,
                37.206155225755296
              ],
              [
                126.74724330447502,
                37.20551643414836
              ],
              [
                126.74671310692855,
                37.20535615495659
              ],
              [
                126.74671082219203,
                37.205355749241825
              ],
              [
                126.74621464304741,
                37.20527926296103
              ],
              [
                126.7461419640517,
                37.20526805952555
              ],
              [
                126.74588504661904,
                37.20524648555333
              ],
              [
                126.74561476992753,
                37.205264977239445
              ],
              [
                126.74536662646678,
                37.20532059521395
              ],
              [
                126.74532357123461,
                37.20534137020936
              ],
              [
                126.74493131858989,
                37.20561140238703
              ],
              [
                126.74468645721245,
                37.20584063703958
              ],
              [
                126.74377172784206,
                37.20627983697707
              ],
              [
                126.73942718401618,
                37.20527756242977
              ],
              [
                126.73893115306755,
                37.20514683139422
              ],
              [
                126.73771406264616,
                37.204501515416396
              ],
              [
                126.73381973193067,
                37.20305597833218
              ],
              [
                126.7324519408436,
                37.2029428634277
              ],
              [
                126.7290660682009,
                37.20238329257024
              ],
              [
                126.72873403949902,
                37.202294028080644
              ],
              [
                126.72793446848681,
                37.200716973752996
              ],
              [
                126.72790186465822,
                37.20030038183542
              ],
              [
                126.72787872599037,
                37.19997345723711
              ],
              [
                126.72831233471386,
                37.198687382883385
              ],
              [
                126.72483941780851,
                37.196337055286214
              ],
              [
                126.72454178857876,
                37.196620758100046
              ],
              [
                126.72399251032648,
                37.196578273460595
              ],
              [
                126.72299622190775,
                37.19612016084042
              ],
              [
                126.7216865011855,
                37.19549106939675
              ],
              [
                126.71944207842513,
                37.19365779179073
              ],
              [
                126.71928948228518,
                37.19398875915227
              ],
              [
                126.71666165728934,
                37.196076169689334
              ],
              [
                126.71429616438435,
                37.1975657842069
              ],
              [
                126.71374056508115,
                37.19780404173813
              ],
              [
                126.71324056401504,
                37.19785676148152
              ],
              [
                126.71301833136243,
                37.197486784583575
              ],
              [
                126.71284888027814,
                37.19712996493126
              ],
              [
                126.7124687804328,
                37.19640077964349
              ],
              [
                126.70989861893409,
                37.194277546566866
              ],
              [
                126.70847226801465,
                37.19346339383644
              ],
              [
                126.7070248702841,
                37.191436882681764
              ],
              [
                126.70702488615018,
                37.19143644290951
              ],
              [
                126.70702411522441,
                37.191318818929204
              ],
              [
                126.7066586638928,
                37.191383019224084
              ],
              [
                126.7058223133828,
                37.19170035487773
              ],
              [
                126.70561768770058,
                37.19191786934655
              ],
              [
                126.70503225261847,
                37.192545315615725
              ],
              [
                126.70428555762551,
                37.1934448186209
              ],
              [
                126.70133173901381,
                37.19869340361898
              ],
              [
                126.7018633711111,
                37.20133355597878
              ],
              [
                126.70183183132826,
                37.20139063933041
              ],
              [
                126.70114261542753,
                37.2020240466353
              ],
              [
                126.70092182134707,
                37.20220961354854
              ],
              [
                126.70082187620982,
                37.2022886526837
              ],
              [
                126.70068839683644,
                37.20234191650826
              ],
              [
                126.70058858009246,
                37.202378185433716
              ],
              [
                126.69855268368262,
                37.20293280074514
              ],
              [
                126.69862309822464,
                37.20316121474475
              ],
              [
                126.69780927164295,
                37.2038463461395
              ],
              [
                126.69764892587679,
                37.20392930917039
              ],
              [
                126.69760675584017,
                37.2039507884388
              ],
              [
                126.69757991528193,
                37.20396445194129
              ],
              [
                126.697454531614,
                37.20402827530032
              ],
              [
                126.69116356606291,
                37.20324499648549
              ],
              [
                126.68672455192899,
                37.20220213401751
              ],
              [
                126.68651538021948,
                37.20214437184876
              ],
              [
                126.68341381648192,
                37.201025228467955
              ],
              [
                126.68301749492551,
                37.20083898050802
              ],
              [
                126.680335623008,
                37.19955913706078
              ],
              [
                126.67739979957707,
                37.1975331707435
              ],
              [
                126.67595233161535,
                37.195767694257825
              ],
              [
                126.67509289432688,
                37.194588803520375
              ],
              [
                126.67306257065245,
                37.19361392400288
              ],
              [
                126.66495820766706,
                37.195899775734034
              ],
              [
                126.66224663819474,
                37.19676025668036
              ],
              [
                126.66206108936895,
                37.196779162465035
              ],
              [
                126.66188236841963,
                37.19676762054778
              ],
              [
                126.66053542462897,
                37.19633302721701
              ],
              [
                126.66012701490683,
                37.196193181111624
              ],
              [
                126.65934449361419,
                37.19461081304795
              ],
              [
                126.65941972938099,
                37.19419934455488
              ],
              [
                126.65821781560926,
                37.1920970718619
              ],
              [
                126.65742776499381,
                37.19120138061335
              ],
              [
                126.65703066256445,
                37.190900360532886
              ],
              [
                126.65692396876436,
                37.190883830632174
              ],
              [
                126.65654941516961,
                37.190825884285125
              ],
              [
                126.65617621824178,
                37.190890484616645
              ],
              [
                126.6532808284263,
                37.191392713647126
              ],
              [
                126.65199160131719,
                37.19170139883839
              ],
              [
                126.65327641905056,
                37.19426642595292
              ],
              [
                126.65460425403454,
                37.1980593560258
              ],
              [
                126.6547476774802,
                37.19852901191972
              ],
              [
                126.65598433414608,
                37.20330229511108
              ],
              [
                126.6586203654999,
                37.21184733675189
              ],
              [
                126.65882559587521,
                37.21213661365623
              ],
              [
                126.65951188082967,
                37.214391544144995
              ],
              [
                126.66034639433728,
                37.2171667540119
              ],
              [
                126.66060390198157,
                37.218524907351615
              ],
              [
                126.66086832479145,
                37.220919964552586
              ],
              [
                126.66086874320783,
                37.22094985377579
              ],
              [
                126.66086740768398,
                37.220988910257496
              ],
              [
                126.66078672457975,
                37.222830747334584
              ],
              [
                126.66073234812616,
                37.22338896875446
              ],
              [
                126.65935525633004,
                37.229066231671595
              ],
              [
                126.6574601103764,
                37.23160119290302
              ],
              [
                126.65705860620177,
                37.232108542683726
              ],
              [
                126.65561299007915,
                37.23376924016278
              ],
              [
                126.65245870407614,
                37.23683202932823
              ],
              [
                126.65062074337257,
                37.23916405979146
              ],
              [
                126.64837004944002,
                37.242574677230856
              ],
              [
                126.64813019270915,
                37.24300185148495
              ],
              [
                126.64812247953952,
                37.24302701117106
              ],
              [
                126.64783810126976,
                37.2440207795206
              ],
              [
                126.64732659377997,
                37.24838528376457
              ],
              [
                126.64720231547115,
                37.25000025308208
              ],
              [
                126.64791189602545,
                37.25005145461516
              ],
              [
                126.6483592486257,
                37.249847653688185
              ],
              [
                126.64836479781617,
                37.24983499138309
              ],
              [
                126.64837642966734,
                37.249822978554235
              ],
              [
                126.648389690365,
                37.249814314341144
              ],
              [
                126.64840242292041,
                37.24981290242103
              ],
              [
                126.64841447236483,
                37.24981528038788
              ],
              [
                126.64842476288989,
                37.2498296736914
              ],
              [
                126.64855278206116,
                37.250038688295966
              ],
              [
                126.64883092914769,
                37.25057955175334
              ],
              [
                126.64883117193676,
                37.250600368118015
              ],
              [
                126.6488276686258,
                37.25061930612216
              ],
              [
                126.64838447738964,
                37.2521538210813
              ],
              [
                126.64806319463916,
                37.25311178875033
              ],
              [
                126.64690949521415,
                37.253449623229
              ],
              [
                126.64637413861271,
                37.25803039345971
              ],
              [
                126.64638206124367,
                37.2581319636223
              ],
              [
                126.64640960569393,
                37.258232133900236
              ],
              [
                126.6468820302042,
                37.259519883496644
              ],
              [
                126.64701112372647,
                37.25984415542917
              ],
              [
                126.64772102783256,
                37.260990399759436
              ],
              [
                126.64795266037463,
                37.26124856087992
              ],
              [
                126.6483153078488,
                37.26155844045979
              ],
              [
                126.64871976484449,
                37.26159980212581
              ],
              [
                126.64893439630303,
                37.26154607826037
              ],
              [
                126.64945327324385,
                37.26141753381142
              ],
              [
                126.64948285425245,
                37.261434740877334
              ],
              [
                126.65000004538253,
                37.26189746677774
              ],
              [
                126.65036242261411,
                37.262221684477936
              ],
              [
                126.65126049599367,
                37.2630403330184
              ],
              [
                126.6516186474321,
                37.2633717528211
              ],
              [
                126.65198240170508,
                37.26372607417763
              ],
              [
                126.65227458808725,
                37.26404681948358
              ],
              [
                126.65249603810219,
                37.26431794171162
              ],
              [
                126.65272818836004,
                37.264634014209534
              ],
              [
                126.65294754586716,
                37.26496145480877
              ],
              [
                126.65316895056107,
                37.265359640613106
              ],
              [
                126.65405564984883,
                37.26695936932697
              ],
              [
                126.65393546419183,
                37.26863115364432
              ],
              [
                126.6538989694287,
                37.269007905748204
              ],
              [
                126.65383111808727,
                37.26942956375177
              ],
              [
                126.65373894008063,
                37.269899500312874
              ],
              [
                126.65368109231181,
                37.270093837918964
              ],
              [
                126.65361360661724,
                37.270309835133084
              ],
              [
                126.65354868364125,
                37.27047772439542
              ],
              [
                126.6534643024792,
                37.2706952574246
              ],
              [
                126.65338456133618,
                37.27088162877504
              ],
              [
                126.65330090210338,
                37.27105908628357
              ],
              [
                126.65319317547154,
                37.271269794553994
              ],
              [
                126.65309671094292,
                37.271456269596484
              ],
              [
                126.65296523874974,
                37.27167252067056
              ],
              [
                126.65285698327037,
                37.271843292104094
              ],
              [
                126.65273936740188,
                37.27201462199076
              ],
              [
                126.65263155106139,
                37.27216614838545
              ],
              [
                126.6525027924363,
                37.27233801119459
              ],
              [
                126.65238422555565,
                37.27248275776019
              ],
              [
                126.65227490034482,
                37.272611302369945
              ],
              [
                126.65210776951831,
                37.27280129960804
              ],
              [
                126.65197050941057,
                37.272945846945966
              ],
              [
                126.65183868994966,
                37.27307691067648
              ],
              [
                126.65169299053433,
                37.273217268916476
              ],
              [
                126.65156339300782,
                37.27333568934582
              ],
              [
                126.65142642413747,
                37.27345581807383
              ],
              [
                126.65130821552027,
                37.27355876393163
              ],
              [
                126.65115288788355,
                37.27368200025026
              ],
              [
                126.6508725902452,
                37.27389292708754
              ],
              [
                126.6506732969354,
                37.27404046031331
              ],
              [
                126.65047616131217,
                37.274185117071134
              ],
              [
                126.64934645601329,
                37.27500007807537
              ],
              [
                126.64811099420714,
                37.27589061880763
              ],
              [
                126.64286727529586,
                37.27966618462791
              ],
              [
                126.63295949800823,
                37.28681540918997
              ],
              [
                126.63273284460001,
                37.28697989303601
              ],
              [
                126.6327412960048,
                37.28701580791432
              ],
              [
                126.63284981390845,
                37.28712052032287
              ],
              [
                126.63289216978772,
                37.2871294098847
              ],
              [
                126.63289288153815,
                37.28712912305467
              ],
              [
                126.6330017707547,
                37.287055404349374
              ],
              [
                126.63371071807427,
                37.28654839094162
              ],
              [
                126.63922931294518,
                37.28255993574013
              ],
              [
                126.6449686814354,
                37.27841214616763
              ],
              [
                126.64499275518129,
                37.27841193066578
              ],
              [
                126.64616494439491,
                37.278505001936345
              ],
              [
                126.64632718879903,
                37.27852899492007
              ],
              [
                126.64644807255523,
                37.278546953100054
              ],
              [
                126.64648346249759,
                37.278552519181275
              ],
              [
                126.64658204616677,
                37.278571654064145
              ],
              [
                126.64661203115293,
                37.278578187071396
              ],
              [
                126.64683918434027,
                37.278630827842555
              ],
              [
                126.64686696714551,
                37.27863769464593
              ],
              [
                126.64689316818988,
                37.27864618874007
              ],
              [
                126.64691455747538,
                37.27865565949156
              ],
              [
                126.64692255635624,
                37.27866462992133
              ],
              [
                126.6470560377475,
                37.278930400978176
              ],
              [
                126.6469329921483,
                37.279088229935844
              ],
              [
                126.64692678803864,
                37.27910323095117
              ],
              [
                126.64668622327876,
                37.28018794585525
              ],
              [
                126.64668522601897,
                37.28020344048546
              ],
              [
                126.64668881169197,
                37.28022284946767
              ],
              [
                126.6466944012132,
                37.28024291467321
              ],
              [
                126.64670019685818,
                37.28026200788111
              ],
              [
                126.64670598792846,
                37.28028010774231
              ],
              [
                126.64671078698447,
                37.280294953704995
              ],
              [
                126.64671437527588,
                37.28030473964306
              ],
              [
                126.64672334224758,
                37.28032099475192
              ],
              [
                126.64673520177288,
                37.28033152716028
              ],
              [
                126.64675840682762,
                37.280350960388084
              ],
              [
                126.64678430853377,
                37.28037193276482
              ],
              [
                126.64681138361865,
                37.280391186562184
              ],
              [
                126.64683961654742,
                37.280406300578555
              ],
              [
                126.64928424095692,
                37.28123091496953
              ],
              [
                126.65462745475175,
                37.28279945141419
              ],
              [
                126.65714265095846,
                37.28271971375603
              ],
              [
                126.65740246312981,
                37.282721267895084
              ],
              [
                126.65741666427266,
                37.282722679584175
              ],
              [
                126.657436905952,
                37.282732810893194
              ],
              [
                126.65746036758276,
                37.2827463398619
              ],
              [
                126.65748442015385,
                37.282760592328465
              ],
              [
                126.65750838487592,
                37.282774934302196
              ],
              [
                126.65753125497272,
                37.28278992107459
              ],
              [
                126.65755222513862,
                37.28280564246027
              ],
              [
                126.65756848995844,
                37.282821384435785
              ],
              [
                126.66103517889097,
                37.287190272279005
              ],
              [
                126.6611206219166,
                37.287323779962094
              ],
              [
                126.66113423233429,
                37.28734657841122
              ],
              [
                126.66114495115437,
                37.287370108110366
              ],
              [
                126.66120550714147,
                37.28754404620758
              ],
              [
                126.66121404880325,
                37.287571227256976
              ],
              [
                126.66122178244657,
                37.28759914531098
              ],
              [
                126.66122872486389,
                37.287627710351465
              ],
              [
                126.66124796456403,
                37.28771577023933
              ],
              [
                126.66125401078058,
                37.28774498873207
              ],
              [
                126.66128550914067,
                37.287923880321955
              ],
              [
                126.6612892386334,
                37.28794970585161
              ],
              [
                126.6613597010029,
                37.288557907271084
              ],
              [
                126.6613976584416,
                37.288950974748204
              ],
              [
                126.66141340316523,
                37.289609514000446
              ],
              [
                126.66141766843373,
                37.289798093400016
              ],
              [
                126.66142055897035,
                37.289973110011346
              ],
              [
                126.66142099188485,
                37.29020366802233
              ],
              [
                126.66142023705697,
                37.29034953543934
              ],
              [
                126.66141185839776,
                37.29071481687518
              ],
              [
                126.66137969611222,
                37.291313183380026
              ],
              [
                126.66136886754789,
                37.29138109899313
              ],
              [
                126.66134332057062,
                37.29146772195841
              ],
              [
                126.66128244008604,
                37.291614686601775
              ],
              [
                126.66125035817882,
                37.2916718640652
              ],
              [
                126.66121612325333,
                37.29172643391324
              ],
              [
                126.66115394155872,
                37.29180846519844
              ],
              [
                126.6610869199732,
                37.29188326558518
              ],
              [
                126.66100703989039,
                37.291966833471
              ],
              [
                126.66097964835902,
                37.29198838040016
              ],
              [
                126.66090314721583,
                37.29204714295978
              ],
              [
                126.6608322661812,
                37.292100866984406
              ],
              [
                126.6607185108152,
                37.29216743255729
              ],
              [
                126.66063341140945,
                37.2922094297317
              ],
              [
                126.66054995729766,
                37.29224955644801
              ],
              [
                126.66050220830604,
                37.292264404093515
              ],
              [
                126.66029438908525,
                37.29232820361939
              ],
              [
                126.66018773287627,
                37.292348775137235
              ],
              [
                126.660124119426,
                37.292357800765274
              ],
              [
                126.66005835493561,
                37.29236364006537
              ],
              [
                126.65988856911395,
                37.292371017870096
              ],
              [
                126.65091511803152,
                37.29271067730351
              ],
              [
                126.65013212804074,
                37.292738611913485
              ],
              [
                126.64964296503476,
                37.29275310415211
              ],
              [
                126.64940006988944,
                37.29274924952239
              ],
              [
                126.64918101230359,
                37.29274101383262
              ],
              [
                126.64892539116157,
                37.29272182995745
              ],
              [
                126.64871816731392,
                37.29269618468567
              ],
              [
                126.64849958608778,
                37.29266602619823
              ],
              [
                126.64796285824545,
                37.292565579706555
              ],
              [
                126.64762846380776,
                37.29249248274294
              ],
              [
                126.64726059153482,
                37.29240342010823
              ],
              [
                126.64694156970067,
                37.292325771876
              ],
              [
                126.63414143333287,
                37.28920239307506
              ],
              [
                126.63392537418584,
                37.28914395918168
              ],
              [
                126.63372717734428,
                37.2890878874278
              ],
              [
                126.63355547898935,
                37.289037105682745
              ],
              [
                126.63335737026624,
                37.288962581084775
              ],
              [
                126.63316360242662,
                37.288888798228975
              ],
              [
                126.6329911317773,
                37.28881464827222
              ],
              [
                126.6328175983849,
                37.28873502616619
              ],
              [
                126.63268372304746,
                37.28866404292381
              ],
              [
                126.63252557148779,
                37.288578124357095
              ],
              [
                126.63223458925776,
                37.28839657338015
              ],
              [
                126.63214380435204,
                37.28833294876118
              ],
              [
                126.6320689122675,
                37.28826809216557
              ],
              [
                126.6320274446872,
                37.28822886866583
              ],
              [
                126.6311880796745,
                37.28718627392058
              ],
              [
                126.63101326701043,
                37.2869388098465
              ],
              [
                126.63083837315814,
                37.28663838213271
              ],
              [
                126.6304805004063,
                37.28596542890295
              ],
              [
                126.63019567862726,
                37.28541315161204
              ],
              [
                126.63006403072129,
                37.28515822446208
              ],
              [
                126.6300408771114,
                37.285119677488886
              ],
              [
                126.63000119883647,
                37.28507950376009
              ],
              [
                126.62964151849546,
                37.28480100458803
              ],
              [
                126.62963936452834,
                37.28480114198233
              ],
              [
                126.62933323724923,
                37.28490680363045
              ],
              [
                126.62986591661854,
                37.28592826830248
              ],
              [
                126.63031607505953,
                37.28675339137559
              ],
              [
                126.63049605376955,
                37.2870785241285
              ],
              [
                126.63059231460234,
                37.2872261169159
              ],
              [
                126.63067668663635,
                37.287346244051776
              ],
              [
                126.63081089585985,
                37.28752209393965
              ],
              [
                126.63095291323117,
                37.28768217292546
              ],
              [
                126.63108672403389,
                37.287821456348574
              ],
              [
                126.63125696084121,
                37.287990434957344
              ],
              [
                126.63143156885299,
                37.28815567946954
              ],
              [
                126.6316075622753,
                37.28829624893628
              ],
              [
                126.6318339563041,
                37.28846859882791
              ],
              [
                126.63209685712117,
                37.28863415284713
              ],
              [
                126.63237456537081,
                37.28880162658719
              ],
              [
                126.63261310219029,
                37.288931169551965
              ],
              [
                126.63291678624284,
                37.28907060865037
              ],
              [
                126.63329551575944,
                37.28922314722916
              ],
              [
                126.63350639808282,
                37.28929530650631
              ],
              [
                126.63376637165099,
                37.28937038279973
              ],
              [
                126.63415711244969,
                37.28947419368234
              ],
              [
                126.64755331716795,
                37.292720401361
              ],
              [
                126.64788951335136,
                37.29279888188303
              ],
              [
                126.64817593400774,
                37.29286463459383
              ],
              [
                126.64841623349508,
                37.2929103201392
              ],
              [
                126.64869737612861,
                37.29294994431474
              ],
              [
                126.6490229835423,
                37.29298019418902
              ],
              [
                126.64919791792977,
                37.292991604910256
              ],
              [
                126.64946893019945,
                37.29299974343275
              ],
              [
                126.64981186313646,
                37.29300090218931
              ],
              [
                126.65000003931284,
                37.29299728723825
              ],
              [
                126.65011184748168,
                37.292995139086486
              ],
              [
                126.65397442340175,
                37.29284866065788
              ],
              [
                126.65463244798364,
                37.29281998476512
              ]
            ],
            [
              [
                126.69413042618591,
                37.20716796940329
              ],
              [
                126.69386394758682,
                37.20714717474134
              ],
              [
                126.69362186881256,
                37.20708460764813
              ],
              [
                126.69320435872024,
                37.20693738225356
              ],
              [
                126.69291390936641,
                37.206672559093136
              ],
              [
                126.6927259924377,
                37.20645885583864
              ],
              [
                126.69219406910443,
                37.20523483763312
              ],
              [
                126.6921524793636,
                37.20501961457057
              ],
              [
                126.69225777771985,
                37.20470032748851
              ],
              [
                126.69241675037951,
                37.204240463478364
              ],
              [
                126.69252361383914,
                37.204202223199964
              ],
              [
                126.69261125403854,
                37.204198639952054
              ],
              [
                126.69321105956266,
                37.20421238417153
              ],
              [
                126.6932799839153,
                37.20421869097662
              ],
              [
                126.69413042618591,
                37.20716796940329
              ]
            ]
          ]
        ]
      },
      "properties": {
        "name": "송산면",
        "base_year": "2018",
        "name_eng": "Songsan-myeon",
        "code": "3124036"
      }
    },
    {
      "type": "Feature",
      "geometry": {
        "type": "MultiPolygon",
        "coordinates": [
          [
            [
              [
                126.61614509107397,
                37.12394313109939
              ],
              [
                126.61753108831721,
                37.1235111297011
              ],
              [
                126.61839326283287,
                37.12289042076624
              ],
              [
                126.61867226413634,
                37.12263621068127
              ],
              [
                126.61904003931821,
                37.12228613283182
              ],
              [
                126.61948282123655,
                37.121812391502935
              ],
              [
                126.62325190280293,
                37.121037137999
              ],
              [
                126.62694689388593,
                37.12166714720911
              ],
              [
                126.63247058326493,
                37.12133445499701
              ],
              [
                126.63370900753036,
                37.12092685519712
              ],
              [
                126.636616539417,
                37.12007868719556
              ],
              [
                126.63670177464469,
                37.12005986478077
              ],
              [
                126.63679392314836,
                37.12004008129464
              ],
              [
                126.63691831991694,
                37.12002019718969
              ],
              [
                126.63704846789898,
                37.12000493573028
              ],
              [
                126.63714061203653,
                37.120000001549485
              ],
              [
                126.63729607442556,
                37.11999951223815
              ],
              [
                126.63747916713425,
                37.12002120344549
              ],
              [
                126.63775321617399,
                37.12006766827343
              ],
              [
                126.63793744343222,
                37.120106066302135
              ],
              [
                126.63806983405338,
                37.120153912365026
              ],
              [
                126.63881480882391,
                37.120313961023804
              ],
              [
                126.63959090657532,
                37.12043956860853
              ],
              [
                126.6397624799922,
                37.12046594107434
              ],
              [
                126.63999516032564,
                37.12040951077964
              ],
              [
                126.64725205709959,
                37.11844532651977
              ],
              [
                126.64943202145514,
                37.11758182850393
              ],
              [
                126.65180477683795,
                37.116340132192704
              ],
              [
                126.65214737714203,
                37.11611621469449
              ],
              [
                126.65155937712342,
                37.11499497556135
              ],
              [
                126.65144523100015,
                37.11483084509995
              ],
              [
                126.651376042663,
                37.11474090589956
              ],
              [
                126.65129533862319,
                37.1146472642419
              ],
              [
                126.65120769450475,
                37.11456290950105
              ],
              [
                126.65110506488543,
                37.11448319777011
              ],
              [
                126.65100242577203,
                37.114442464148425
              ],
              [
                126.65087902083039,
                37.11442587260817
              ],
              [
                126.65075561581014,
                37.114418561755215
              ],
              [
                126.6506264411487,
                37.11442053347762
              ],
              [
                126.65048112355862,
                37.11443179275479
              ],
              [
                126.65036000998947,
                37.114447672853075
              ],
              [
                126.65011434222828,
                37.11449520768836
              ],
              [
                126.64999999064135,
                37.114520766408404
              ],
              [
                126.64998515704676,
                37.11452408359254
              ],
              [
                126.6498594366891,
                37.11455573704427
              ],
              [
                126.64973602917938,
                37.11460037988539
              ],
              [
                126.64844992334743,
                37.11509418350259
              ],
              [
                126.64789738010174,
                37.11548992041206
              ],
              [
                126.64694106147803,
                37.11620982586446
              ],
              [
                126.6469226027068,
                37.116233037461335
              ],
              [
                126.64693987022764,
                37.11632302386597
              ],
              [
                126.64698945022526,
                37.11640184187295
              ],
              [
                126.64699290726844,
                37.116423181209896
              ],
              [
                126.64698943484439,
                37.11644174122884
              ],
              [
                126.64697674040131,
                37.11646402260504
              ],
              [
                126.64690060932998,
                37.11653274541544
              ],
              [
                126.64609074559964,
                37.117230246775115
              ],
              [
                126.64601115168183,
                37.11729526455614
              ],
              [
                126.64591078937516,
                37.117366788613644
              ],
              [
                126.64439248605318,
                37.11810159020899
              ],
              [
                126.64434059674328,
                37.11810068568802
              ],
              [
                126.64329018639293,
                37.11762689874836
              ],
              [
                126.64322563124091,
                37.1175631523413
              ],
              [
                126.64320258790238,
                37.117479058473826
              ],
              [
                126.64321775041395,
                37.11679698504043
              ],
              [
                126.64322238022785,
                37.11669717248549
              ],
              [
                126.64324436443418,
                37.11642174709996
              ],
              [
                126.64325938203115,
                37.11627849553564
              ],
              [
                126.64327556007001,
                37.11617589639482
              ],
              [
                126.64329749107968,
                37.11607238513767
              ],
              [
                126.64333096070834,
                37.115953148544726
              ],
              [
                126.64340018248534,
                37.11580617822623
              ],
              [
                126.64345325405198,
                37.115715583616456
              ],
              [
                126.64350516008142,
                37.11563331848262
              ],
              [
                126.64357091766463,
                37.11553163450687
              ],
              [
                126.64363320097256,
                37.11543919358654
              ],
              [
                126.64368626822981,
                37.11534213578499
              ],
              [
                126.64371166106837,
                37.11524138426089
              ],
              [
                126.64371168152618,
                37.115136023637575
              ],
              [
                126.64370133821926,
                37.115021431755
              ],
              [
                126.64365639144347,
                37.114941957169535
              ],
              [
                126.6435826035316,
                37.114865272276184
              ],
              [
                126.6434903745714,
                37.114803381243654
              ],
              [
                126.64337968149161,
                37.11476552684909
              ],
              [
                126.64326207724062,
                37.114747079946916
              ],
              [
                126.64313062225074,
                37.11473879977797
              ],
              [
                126.64301531018631,
                37.1147406885078
              ],
              [
                126.64288500460916,
                37.11474626906022
              ],
              [
                126.64275009731278,
                37.11475647819494
              ],
              [
                126.64262785920478,
                37.114766690460385
              ],
              [
                126.64247334046418,
                37.11477966716217
              ],
              [
                126.64233727763427,
                37.11479172618172
              ],
              [
                126.6421885265388,
                37.11481025359909
              ],
              [
                126.64037347616133,
                37.11504369691643
              ],
              [
                126.64033195756842,
                37.11506311483324
              ],
              [
                126.63939202511912,
                37.115573548060084
              ],
              [
                126.63918558618498,
                37.11568913002992
              ],
              [
                126.63908178444986,
                37.115764026984294
              ],
              [
                126.63667856394237,
                37.11773780938359
              ],
              [
                126.63374448471231,
                37.11759624509612
              ],
              [
                126.63374680106126,
                37.117573139383495
              ],
              [
                126.63370877220486,
                37.11751677838342
              ],
              [
                126.6336211549511,
                37.117458569502546
              ],
              [
                126.63350355094377,
                37.1174049891353
              ],
              [
                126.63337903160426,
                37.117368976746064
              ],
              [
                126.63306079087332,
                37.117296041791775
              ],
              [
                126.6329039685697,
                37.11726742754701
              ],
              [
                126.63274831376394,
                37.11724620046723
              ],
              [
                126.63260763662404,
                37.11723144660623
              ],
              [
                126.63258918214804,
                37.11722960616288
              ],
              [
                126.6324358132567,
                37.117224094125035
              ],
              [
                126.63102784322456,
                37.11720498833411
              ],
              [
                126.63009955896474,
                37.11723660529699
              ],
              [
                126.62862809647501,
                37.11738569244998
              ],
              [
                126.62851276530385,
                37.11740419771616
              ],
              [
                126.62844818550168,
                37.11741715014924
              ],
              [
                126.62833631869815,
                37.117444894765725
              ],
              [
                126.62830056796837,
                37.11745506468387
              ],
              [
                126.62822328938603,
                37.11748743164193
              ],
              [
                126.62817716122855,
                37.11751423710302
              ],
              [
                126.62811948483396,
                37.117551215478166
              ],
              [
                126.6275706972701,
                37.11824161577772
              ],
              [
                126.62774345855809,
                37.11883883071811
              ],
              [
                126.62776527657643,
                37.11888914134645
              ],
              [
                126.62749874248959,
                37.11921705498999
              ],
              [
                126.62700504608708,
                37.11943593010914
              ],
              [
                126.62691758430974,
                37.119472255897875
              ],
              [
                126.62683991017835,
                37.11949786397796
              ],
              [
                126.6267714442633,
                37.11951322603115
              ],
              [
                126.62271029647329,
                37.11945721035012
              ],
              [
                126.61563653661406,
                37.11879952247642
              ],
              [
                126.61552035068023,
                37.118783656503474
              ],
              [
                126.61518446486318,
                37.1187202319578
              ],
              [
                126.61512292339108,
                37.11870763264905
              ],
              [
                126.61505218227211,
                37.11868758939252
              ],
              [
                126.61494636809198,
                37.11865682628585
              ],
              [
                126.61487046557528,
                37.11862513260949
              ],
              [
                126.61399012309707,
                37.11821360284593
              ],
              [
                126.61310764359021,
                37.11756731640955
              ],
              [
                126.61291376262888,
                37.11739283396887
              ],
              [
                126.61285957566632,
                37.11730647865325
              ],
              [
                126.61274064030624,
                37.1172675785429
              ],
              [
                126.6121170116997,
                37.11713814927635
              ],
              [
                126.61201538781486,
                37.11711781343312
              ],
              [
                126.6119379975789,
                37.11711138731149
              ],
              [
                126.6118790914349,
                37.11711423972576
              ],
              [
                126.61180512554797,
                37.11714497665182
              ],
              [
                126.61059379075834,
                37.11774902968278
              ],
              [
                126.61065832806673,
                37.118057141984856
              ],
              [
                126.61229709931636,
                37.122220862007495
              ],
              [
                126.61356259667318,
                37.12426823148078
              ],
              [
                126.61364192841697,
                37.12438122317109
              ],
              [
                126.61382588794542,
                37.124635901148764
              ],
              [
                126.61435137344952,
                37.125114571025115
              ],
              [
                126.61458289771363,
                37.125197299829566
              ],
              [
                126.6148311580008,
                37.12524633102198
              ],
              [
                126.61492302597028,
                37.1252466311947
              ],
              [
                126.61526701059661,
                37.125205504764885
              ],
              [
                126.6153409882554,
                37.12517199317102
              ],
              [
                126.61614509107397,
                37.12394313109939
              ]
            ]
          ],
          [
            [
              [
                126.6567107821483,
                37.15215040377195
              ],
              [
                126.65600101664835,
                37.15101441711838
              ],
              [
                126.65343469587735,
                37.14743560067728
              ],
              [
                126.65325434033579,
                37.14718852565824
              ],
              [
                126.65243452522928,
                37.146365631773406
              ],
              [
                126.6518647192128,
                37.146302580990685
              ],
              [
                126.6518420336041,
                37.146313534637365
              ],
              [
                126.65182275839685,
                37.14631715372025
              ],
              [
                126.65180881280673,
                37.146314210931344
              ],
              [
                126.64621758211175,
                37.14303043488559
              ],
              [
                126.646021788419,
                37.14290323663408
              ],
              [
                126.64549803040417,
                37.14252567717802
              ],
              [
                126.64542408822165,
                37.142464409950335
              ],
              [
                126.64415259895472,
                37.141518355669426
              ],
              [
                126.64488637316401,
                37.14213795895737
              ],
              [
                126.64671350105664,
                37.14345375284435
              ],
              [
                126.64955467088333,
                37.14512108463252
              ],
              [
                126.65123447713574,
                37.14605885745436
              ],
              [
                126.65305074017968,
                37.14710663774602
              ],
              [
                126.6531261701132,
                37.147155406728565
              ],
              [
                126.65334689766628,
                37.147447986030585
              ],
              [
                126.65363234429745,
                37.147835029839634
              ],
              [
                126.65596909790679,
                37.15107547013249
              ],
              [
                126.6567107821483,
                37.15215040377195
              ]
            ]
          ],
          [
            [
              [
                126.6567107821483,
                37.15215040377195
              ],
              [
                126.657693180346,
                37.15372267944789
              ],
              [
                126.65774175079609,
                37.15379595813285
              ],
              [
                126.6577754401033,
                37.1538266375858
              ],
              [
                126.6577892735433,
                37.15383699375062
              ],
              [
                126.65791979864234,
                37.1539025743977
              ],
              [
                126.6567107821483,
                37.15215040377195
              ]
            ]
          ],
          [
            [
              [
                126.6222864849255,
                37.17956166969358
              ],
              [
                126.62206046631852,
                37.17875250931109
              ],
              [
                126.62205816722299,
                37.17869887057739
              ],
              [
                126.62205817171265,
                37.178682130046944
              ],
              [
                126.6225068381529,
                37.17741876517545
              ],
              [
                126.62252622909688,
                37.17737633266113
              ],
              [
                126.6226988091144,
                37.17709964806107
              ],
              [
                126.62270659787033,
                37.17709124711148
              ],
              [
                126.62411685998003,
                37.176141724807934
              ],
              [
                126.62557139884665,
                37.175478976704994
              ],
              [
                126.62664658600049,
                37.17524719705836
              ],
              [
                126.62668159878218,
                37.17525088219983
              ],
              [
                126.62674093934851,
                37.17524861901461
              ],
              [
                126.62689076992588,
                37.17524147547974
              ],
              [
                126.62696203216092,
                37.17523789745896
              ],
              [
                126.62819159006965,
                37.17514369314058
              ],
              [
                126.62851253637506,
                37.1751156395592
              ],
              [
                126.62863662231989,
                37.17510165762076
              ],
              [
                126.6287658614705,
                37.17508681567996
              ],
              [
                126.6311915280066,
                37.174765975259646
              ],
              [
                126.63106486616385,
                37.174149263141246
              ],
              [
                126.63065292397023,
                37.173877907178266
              ],
              [
                126.63048874779992,
                37.17376081822573
              ],
              [
                126.63031765732312,
                37.17362552255046
              ],
              [
                126.63021972576043,
                37.17353824882834
              ],
              [
                126.63010824777392,
                37.17342604410667
              ],
              [
                126.63002060553444,
                37.17332304980172
              ],
              [
                126.62996411947728,
                37.173248032540734
              ],
              [
                126.62990466738626,
                37.17311675229622
              ],
              [
                126.629551443264,
                37.17224157618206
              ],
              [
                126.62923210410851,
                37.171405312161646
              ],
              [
                126.62919838327328,
                37.1713098037839
              ],
              [
                126.62872440020146,
                37.16994137202297
              ],
              [
                126.62858776844831,
                37.16951511376765
              ],
              [
                126.62835848558595,
                37.169003967849456
              ],
              [
                126.62809250812076,
                37.16849996811935
              ],
              [
                126.6205208197989,
                37.1610966901799
              ],
              [
                126.62051316505006,
                37.161022301198834
              ],
              [
                126.62032576934119,
                37.160223469008685
              ],
              [
                126.62015942460421,
                37.15957035631277
              ],
              [
                126.62009587323864,
                37.15944646617257
              ],
              [
                126.62001623607351,
                37.15930423949908
              ],
              [
                126.61990264862342,
                37.15911011637613
              ],
              [
                126.61917526746127,
                37.15791321011398
              ],
              [
                126.61913628453652,
                37.15787678904875
              ],
              [
                126.6190476777598,
                37.157833507282106
              ],
              [
                126.61902574019156,
                37.15783034435913
              ],
              [
                126.61900775496717,
                37.15782936694419
              ],
              [
                126.61897559353481,
                37.15783340764775
              ],
              [
                126.61894792493595,
                37.15784410517791
              ],
              [
                126.61885228623015,
                37.15790989862721
              ],
              [
                126.61883334189648,
                37.15793411152791
              ],
              [
                126.61882177543288,
                37.157968692981775
              ],
              [
                126.61811269290035,
                37.160104654878474
              ],
              [
                126.6180547060148,
                37.16032990962568
              ],
              [
                126.6174154727052,
                37.16365564986431
              ],
              [
                126.61707423099554,
                37.16548043185842
              ],
              [
                126.61705377008087,
                37.16562356051659
              ],
              [
                126.61695494418349,
                37.1664013894004
              ],
              [
                126.61617848059203,
                37.17286361216898
              ],
              [
                126.61617942983807,
                37.17287185976606
              ],
              [
                126.61635793577963,
                37.17353087937697
              ],
              [
                126.61636470183457,
                37.17355538269679
              ],
              [
                126.6168395547732,
                37.174760885035035
              ],
              [
                126.61702359301887,
                37.175028245187946
              ],
              [
                126.61825013202227,
                37.17672878153496
              ],
              [
                126.618410909411,
                37.176892389830115
              ],
              [
                126.61860188067442,
                37.1770750885358
              ],
              [
                126.6188517761479,
                37.17730808446322
              ],
              [
                126.61906321928365,
                37.17746270866376
              ],
              [
                126.61991996169291,
                37.17808757113263
              ],
              [
                126.62202594652537,
                37.17962142483199
              ],
              [
                126.62206950191246,
                37.17963352147597
              ],
              [
                126.62209775108734,
                37.17963443930118
              ],
              [
                126.6221685380002,
                37.17961624015995
              ],
              [
                126.62225132482764,
                37.17958730965118
              ],
              [
                126.6222864849255,
                37.17956166969358
              ]
            ]
          ],
          [
            [
              [
                126.69855268370257,
                37.20293280073751
              ],
              [
                126.70058858011726,
                37.202378185438114
              ],
              [
                126.70068839683306,
                37.202341916511415
              ],
              [
                126.70082187623477,
                37.202288652697234
              ],
              [
                126.70092182135747,
                37.20220961357058
              ],
              [
                126.70114261544205,
                37.202024046632864
              ],
              [
                126.70183183135151,
                37.20139063933923
              ],
              [
                126.70186337110997,
                37.20133355599166
              ],
              [
                126.70133173901387,
                37.19869340362205
              ],
              [
                126.70428555764997,
                37.19344481863325
              ],
              [
                126.70503225262175,
                37.192545315612115
              ],
              [
                126.7056176876976,
                37.19191786934953
              ],
              [
                126.7058223134002,
                37.19170035488704
              ],
              [
                126.70665866390735,
                37.19138301922168
              ],
              [
                126.70702411523268,
                37.191318818937354
              ],
              [
                126.7070248861682,
                37.191436442910856
              ],
              [
                126.70702487030817,
                37.191436882696
              ],
              [
                126.70847226802508,
                37.19346339384582
              ],
              [
                126.70989861894924,
                37.19427754656092
              ],
              [
                126.71246878044478,
                37.19640077964625
              ],
              [
                126.71284888028224,
                37.19712996495401
              ],
              [
                126.71301833135485,
                37.19748678458812
              ],
              [
                126.71324056401038,
                37.197856761495686
              ],
              [
                126.71374056510955,
                37.19780404176103
              ],
              [
                126.71429616439625,
                37.19756578421364
              ],
              [
                126.71666165729799,
                37.19607616970076
              ],
              [
                126.71928948230946,
                37.19398875914912
              ],
              [
                126.71944207845463,
                37.1936577918145
              ],
              [
                126.71911519372985,
                37.19300085648044
              ],
              [
                126.71888399111673,
                37.19237799098574
              ],
              [
                126.7191004698225,
                37.19081563825982
              ],
              [
                126.71996413224842,
                37.18928271239981
              ],
              [
                126.72038598199987,
                37.188788436521186
              ],
              [
                126.7205322664785,
                37.18841487813109
              ],
              [
                126.71875126550083,
                37.18647090251142
              ],
              [
                126.71717806128511,
                37.18552414859487
              ],
              [
                126.7164453839276,
                37.18494540525627
              ],
              [
                126.7155024498383,
                37.18335632299782
              ],
              [
                126.71515944303462,
                37.18173442451616
              ],
              [
                126.7173397753146,
                37.177889608606534
              ],
              [
                126.71848086620895,
                37.17708045157252
              ],
              [
                126.71997112086665,
                37.17638656657447
              ],
              [
                126.72165990895047,
                37.176294559967154
              ],
              [
                126.72209647220883,
                37.17629863640531
              ],
              [
                126.72305937652273,
                37.17644793326712
              ],
              [
                126.72483852038671,
                37.17642463720248
              ],
              [
                126.72600003641581,
                37.17634830339711
              ],
              [
                126.72623683477521,
                37.17583564631182
              ],
              [
                126.72626014034037,
                37.1757658324779
              ],
              [
                126.72626228999705,
                37.175530088829156
              ],
              [
                126.72626436786261,
                37.17530159714332
              ],
              [
                126.7262579485193,
                37.17493858738207
              ],
              [
                126.72625613778294,
                37.17479847001346
              ],
              [
                126.72640392725978,
                37.17440108198056
              ],
              [
                126.72655352163297,
                37.174222553217135
              ],
              [
                126.73129390352025,
                37.170813131500424
              ],
              [
                126.73415231334975,
                37.169811632494735
              ],
              [
                126.73720750724382,
                37.16912025357663
              ],
              [
                126.74130230895736,
                37.167899071843394
              ],
              [
                126.74149671747631,
                37.16782276402661
              ],
              [
                126.74258964460164,
                37.1671802143322
              ],
              [
                126.74395580732545,
                37.16478350302667
              ],
              [
                126.74412527530566,
                37.16420596705204
              ],
              [
                126.74412838325678,
                37.16390079014981
              ],
              [
                126.7441284053569,
                37.16388069644036
              ],
              [
                126.74409690019533,
                37.163699101753856
              ],
              [
                126.74400540054599,
                37.16359054347002
              ],
              [
                126.74393909681747,
                37.163494788785286
              ],
              [
                126.74388600231973,
                37.163378240125155
              ],
              [
                126.74387529628677,
                37.16330800712793
              ],
              [
                126.74397047037397,
                37.163200051841244
              ],
              [
                126.74406993981756,
                37.163153143313416
              ],
              [
                126.74455519746097,
                37.163135256708024
              ],
              [
                126.74519328868078,
                37.16312633918484
              ],
              [
                126.74526417342327,
                37.16312542954721
              ],
              [
                126.74608691284678,
                37.163382535028674
              ],
              [
                126.74611886131198,
                37.16340643759817
              ],
              [
                126.74616869969566,
                37.16344406363016
              ],
              [
                126.74693247829656,
                37.16169802607103
              ],
              [
                126.74692599864385,
                37.161662518551104
              ],
              [
                126.74376318994865,
                37.15679320243937
              ],
              [
                126.74215894512768,
                37.153926673842626
              ],
              [
                126.74204272008774,
                37.1537179798515
              ],
              [
                126.74160573588291,
                37.152963519278096
              ],
              [
                126.74154897963103,
                37.15289399540313
              ],
              [
                126.74122788920039,
                37.152601143691804
              ],
              [
                126.74016399197507,
                37.151867331874335
              ],
              [
                126.73995189549755,
                37.151738806218454
              ],
              [
                126.73611051242113,
                37.14994098141644
              ],
              [
                126.73532821135,
                37.150155524420036
              ],
              [
                126.73377632828621,
                37.15012406994652
              ],
              [
                126.73081659746774,
                37.149342290221696
              ],
              [
                126.73129719708037,
                37.147723668633006
              ],
              [
                126.73169999939049,
                37.14632625545668
              ],
              [
                126.73171048800334,
                37.14623490541118
              ],
              [
                126.73073316083455,
                37.14413037147663
              ],
              [
                126.73044111302983,
                37.1435115204175
              ],
              [
                126.72986700727999,
                37.142297618336
              ],
              [
                126.72978159320508,
                37.142142828544834
              ],
              [
                126.72958063248119,
                37.14183996663037
              ],
              [
                126.7293694048235,
                37.14156016574567
              ],
              [
                126.72893145176586,
                37.14098261245696
              ],
              [
                126.72871867321963,
                37.14072272840732
              ],
              [
                126.72694977348006,
                37.138725240099944
              ],
              [
                126.72522987775487,
                37.13811548503491
              ],
              [
                126.7237661514334,
                37.137728171666005
              ],
              [
                126.72352829705018,
                37.13768702251466
              ],
              [
                126.7233013485203,
                37.13764696113358
              ],
              [
                126.72321686563205,
                37.13762380403652
              ],
              [
                126.72309784596412,
                37.13759016798729
              ],
              [
                126.72263211718536,
                37.13745831176374
              ],
              [
                126.72249084319027,
                37.13740446581192
              ],
              [
                126.72220586221181,
                37.13727955873192
              ],
              [
                126.72182748698681,
                37.13706714479889
              ],
              [
                126.72139835285734,
                37.136785210215365
              ],
              [
                126.72127380492616,
                37.13669533377122
              ],
              [
                126.72054254439517,
                37.13570242778717
              ],
              [
                126.72044906823312,
                37.135539963166295
              ],
              [
                126.7202420309156,
                37.13495685257132
              ],
              [
                126.71916780056691,
                37.132451248983315
              ],
              [
                126.71906800463624,
                37.132304725256226
              ],
              [
                126.71898633122504,
                37.13221507296531
              ],
              [
                126.71781118182055,
                37.13175932685123
              ],
              [
                126.71445833826932,
                37.13052530264581
              ],
              [
                126.7119810816626,
                37.130976400266675
              ],
              [
                126.71164196493888,
                37.13138879464434
              ],
              [
                126.71133527559368,
                37.13159001476448
              ],
              [
                126.71077192877769,
                37.13171182669189
              ],
              [
                126.70956691390263,
                37.131944364879864
              ],
              [
                126.70939855171173,
                37.1319455262281
              ],
              [
                126.70617120273978,
                37.131739875254546
              ],
              [
                126.70540606542043,
                37.131200318217864
              ],
              [
                126.70505249858813,
                37.130945986714764
              ],
              [
                126.70481009842338,
                37.13076043938443
              ],
              [
                126.70182471951291,
                37.127725836248146
              ],
              [
                126.70135942277871,
                37.12717563038794
              ],
              [
                126.70167214751153,
                37.124611143256004
              ],
              [
                126.7020590244572,
                37.12414333792762
              ],
              [
                126.70235728789294,
                37.12378267946643
              ],
              [
                126.70374107385504,
                37.12451682686235
              ],
              [
                126.70486014216976,
                37.123165078821884
              ],
              [
                126.6981075125487,
                37.119581171123016
              ],
              [
                126.69698837701446,
                37.120932857237946
              ],
              [
                126.69837149450713,
                37.12166697431296
              ],
              [
                126.69807288122877,
                37.122027804379364
              ],
              [
                126.69775830896009,
                37.122407912963766
              ],
              [
                126.69450681792253,
                37.122485098237476
              ],
              [
                126.69422610071695,
                37.12246924230014
              ],
              [
                126.69387771975329,
                37.12241491533987
              ],
              [
                126.69335651952441,
                37.12220652697475
              ],
              [
                126.69139315652755,
                37.12132171953558
              ],
              [
                126.69122249505952,
                37.12086087927394
              ],
              [
                126.69135089106021,
                37.119631025003855
              ],
              [
                126.69160483581796,
                37.11887225457308
              ],
              [
                126.690041803092,
                37.11602380292125
              ],
              [
                126.68640087718784,
                37.1151701666703
              ],
              [
                126.68407625905854,
                37.11462612738298
              ],
              [
                126.6840469606984,
                37.114610189096766
              ],
              [
                126.68398535523215,
                37.11351974832419
              ],
              [
                126.68398557593733,
                37.11351973901174
              ],
              [
                126.68370079477126,
                37.11352466349697
              ],
              [
                126.68375877256676,
                37.11462363550959
              ],
              [
                126.68094189425896,
                37.11731925423698
              ],
              [
                126.67973076114977,
                37.11788440347841
              ],
              [
                126.67957784803036,
                37.11793818113335
              ],
              [
                126.6793955436714,
                37.11797310880264
              ],
              [
                126.67938576347056,
                37.117973821694726
              ],
              [
                126.67550067114256,
                37.11797154080458
              ],
              [
                126.6754180894758,
                37.11796721483616
              ],
              [
                126.67538255255539,
                37.117960297288505
              ],
              [
                126.67534297248666,
                37.11794839395084
              ],
              [
                126.67529993520233,
                37.1179196229422
              ],
              [
                126.67521992872828,
                37.11786032940066
              ],
              [
                126.67517942703893,
                37.11782465326147
              ],
              [
                126.67514439149065,
                37.11778729888303
              ],
              [
                126.67500000513382,
                37.11760914218127
              ],
              [
                126.67496747863471,
                37.117569000062566
              ],
              [
                126.67475754180883,
                37.117293241261955
              ],
              [
                126.67464601258595,
                37.11714128576752
              ],
              [
                126.6746217442993,
                37.11711416134412
              ],
              [
                126.67457508293028,
                37.1170804504426
              ],
              [
                126.67455103445275,
                37.117067923010374
              ],
              [
                126.6745202668025,
                37.117061350324555
              ],
              [
                126.67449753014719,
                37.11705820657832
              ],
              [
                126.6744769681407,
                37.11705734769904
              ],
              [
                126.67442904327943,
                37.11705749530814
              ],
              [
                126.67438214921967,
                37.117064504342096
              ],
              [
                126.67433540800764,
                37.11707837766224
              ],
              [
                126.67415285829796,
                37.117160116039706
              ],
              [
                126.67415021380575,
                37.117165237414696
              ],
              [
                126.67414982349645,
                37.11718044491723
              ],
              [
                126.67415238180266,
                37.117221602600914
              ],
              [
                126.67418855623744,
                37.11730781742682
              ],
              [
                126.67423588272752,
                37.117388898049995
              ],
              [
                126.67497849495614,
                37.118160973417645
              ],
              [
                126.67504230260893,
                37.11821167947147
              ],
              [
                126.67518357180717,
                37.118266409257465
              ],
              [
                126.6753224027515,
                37.118296894091095
              ],
              [
                126.67542260366928,
                37.1182992766835
              ],
              [
                126.6794154274443,
                37.1182798304455
              ],
              [
                126.67949651002937,
                37.118273966474895
              ],
              [
                126.67957145798981,
                37.118263726060306
              ],
              [
                126.67980478522053,
                37.1182026607913
              ],
              [
                126.68007122980895,
                37.118127816384224
              ],
              [
                126.68031605008407,
                37.11805493293901
              ],
              [
                126.68245740320248,
                37.11740536386586
              ],
              [
                126.68254480310989,
                37.117376945059036
              ],
              [
                126.68265369792958,
                37.11732795659686
              ],
              [
                126.68333225690027,
                37.11738486174592
              ],
              [
                126.6846655558686,
                37.119053332129816
              ],
              [
                126.68470871327476,
                37.11910887209664
              ],
              [
                126.68471321806139,
                37.119121461377446
              ],
              [
                126.68471854058528,
                37.11913778630192
              ],
              [
                126.68472233518828,
                37.11917797335053
              ],
              [
                126.6847316750991,
                37.11927795412716
              ],
              [
                126.68474170146796,
                37.1195356106832
              ],
              [
                126.68473931179557,
                37.11975110269145
              ],
              [
                126.68472783660145,
                37.120043574848964
              ],
              [
                126.68471266371985,
                37.12034348875275
              ],
              [
                126.6846924691501,
                37.12059564980991
              ],
              [
                126.6846856911003,
                37.1206801869443
              ],
              [
                126.6843654160127,
                37.12220364926855
              ],
              [
                126.68399103101376,
                37.12351489281411
              ],
              [
                126.68386483403403,
                37.1239391274869
              ],
              [
                126.68373741759741,
                37.124353508501045
              ],
              [
                126.68366020264742,
                37.12459633649865
              ],
              [
                126.6834335478996,
                37.125261361722764
              ],
              [
                126.683262065519,
                37.12572293148602
              ],
              [
                126.6828033353588,
                37.12688285552933
              ],
              [
                126.68264979634858,
                37.12724185159902
              ],
              [
                126.6825480285514,
                37.12747760108243
              ],
              [
                126.68241905999434,
                37.12776690064348
              ],
              [
                126.68220424715271,
                37.1282187645783
              ],
              [
                126.6820351833719,
                37.128555939741496
              ],
              [
                126.6819570027491,
                37.12870180896333
              ],
              [
                126.68188003434486,
                37.1288406627866
              ],
              [
                126.68179186584481,
                37.12899860657919
              ],
              [
                126.68170969387235,
                37.12914349259981
              ],
              [
                126.68152619667701,
                37.12943833141796
              ],
              [
                126.68143882255026,
                37.12957653440663
              ],
              [
                126.67818846024781,
                37.134579415165554
              ],
              [
                126.67794772440935,
                37.13493397616962
              ],
              [
                126.67792678221724,
                37.13496010483926
              ],
              [
                126.67773781779186,
                37.13516549171023
              ],
              [
                126.67756771046676,
                37.13534280799292
              ],
              [
                126.6774743537981,
                37.13542725389087
              ],
              [
                126.67714208987137,
                37.13568138437229
              ],
              [
                126.67712538290606,
                37.13569335973007
              ],
              [
                126.67658781208769,
                37.13592373557385
              ],
              [
                126.67657671365515,
                37.13592681338528
              ],
              [
                126.6756790786615,
                37.13826257200267
              ],
              [
                126.67910213058944,
                37.14052645701834
              ],
              [
                126.67924236973123,
                37.14062517019515
              ],
              [
                126.6793257938668,
                37.1406947226904
              ],
              [
                126.67942243385828,
                37.14081144654389
              ],
              [
                126.67950605145248,
                37.14091482606069
              ],
              [
                126.67955668349393,
                37.14100652763848
              ],
              [
                126.67958977665383,
                37.14107832215223
              ],
              [
                126.6796312451614,
                37.141245158340766
              ],
              [
                126.67967061907832,
                37.14146104844708
              ],
              [
                126.67970098214778,
                37.14169643284048
              ],
              [
                126.67970969706657,
                37.14197587364398
              ],
              [
                126.6797131240331,
                37.14221260938377
              ],
              [
                126.67969974562213,
                37.14237961038712
              ],
              [
                126.67965652471493,
                37.14264897284674
              ],
              [
                126.67957839820541,
                37.14313245829275
              ],
              [
                126.67956979892698,
                37.143143419226156
              ],
              [
                126.67893796156147,
                37.143275102444235
              ],
              [
                126.67841652546082,
                37.143264524919026
              ],
              [
                126.6782838479936,
                37.143261056020336
              ],
              [
                126.66609867357077,
                37.14243227328529
              ],
              [
                126.66604781999177,
                37.14242738144955
              ],
              [
                126.66602580070933,
                37.14242039033769
              ],
              [
                126.66594279294785,
                37.14238421374854
              ],
              [
                126.66584076626778,
                37.14233196120679
              ],
              [
                126.66560273541933,
                37.142127895503634
              ],
              [
                126.66468192456072,
                37.141338401827525
              ],
              [
                126.66412706154706,
                37.14085238609096
              ],
              [
                126.66297331198749,
                37.13983768479385
              ],
              [
                126.66033442403581,
                37.13792912028544
              ],
              [
                126.6602960296271,
                37.137992993428085
              ],
              [
                126.66578091695838,
                37.14240451872902
              ],
              [
                126.66607887912544,
                37.142497905218995
              ],
              [
                126.66616842674588,
                37.142503103476386
              ],
              [
                126.66671319624893,
                37.14253529081397
              ],
              [
                126.66811758768199,
                37.14262021880895
              ],
              [
                126.6698905509905,
                37.14273406346805
              ],
              [
                126.67404853557872,
                37.143002280791805
              ],
              [
                126.67525216658301,
                37.14308721962206
              ],
              [
                126.67631058510227,
                37.14316362314497
              ],
              [
                126.67687885075263,
                37.14320964091655
              ],
              [
                126.6774106776659,
                37.14325694444336
              ],
              [
                126.67963987217766,
                37.14389707277211
              ],
              [
                126.6796736852335,
                37.143907543029194
              ],
              [
                126.68063554700146,
                37.14421096651738
              ],
              [
                126.68074270475873,
                37.14424489124877
              ],
              [
                126.68084731658091,
                37.14430357044236
              ],
              [
                126.68096851359695,
                37.144382387770804
              ],
              [
                126.68105808389618,
                37.14444469280578
              ],
              [
                126.68113891174079,
                37.144511831945515
              ],
              [
                126.681183594327,
                37.14456588008808
              ],
              [
                126.68125038887926,
                37.14466489650585
              ],
              [
                126.68136391402292,
                37.14488749254967
              ],
              [
                126.68153674385691,
                37.14522947683433
              ],
              [
                126.68248277294529,
                37.14711550051166
              ],
              [
                126.6824877147864,
                37.14712568073095
              ],
              [
                126.68249392020675,
                37.14722225214889
              ],
              [
                126.68565455062803,
                37.15010516254727
              ],
              [
                126.69465674513373,
                37.1522674234928
              ],
              [
                126.69467658820079,
                37.1522688275001
              ],
              [
                126.69469586597937,
                37.15226661484644
              ],
              [
                126.69471377518977,
                37.152258598760454
              ],
              [
                126.69473658875431,
                37.152243455281926
              ],
              [
                126.69485038833955,
                37.152163706809034
              ],
              [
                126.69594163327855,
                37.15127497126494
              ],
              [
                126.6962123747281,
                37.151049061111785
              ],
              [
                126.69122361654216,
                37.15718491619825
              ],
              [
                126.69121587874979,
                37.15719430099903
              ],
              [
                126.68875015236577,
                37.158165334212015
              ],
              [
                126.68741488069547,
                37.15868903614193
              ],
              [
                126.68681176785368,
                37.15892281848935
              ],
              [
                126.68662511767083,
                37.15899516340856
              ],
              [
                126.68280243776208,
                37.1604354663043
              ],
              [
                126.68260027208433,
                37.160460713610796
              ],
              [
                126.682514994621,
                37.16047064101967
              ],
              [
                126.68244850643327,
                37.160472697225586
              ],
              [
                126.68239317868289,
                37.16047145738992
              ],
              [
                126.6823546253641,
                37.16047020164036
              ],
              [
                126.68230868487309,
                37.16046383450563
              ],
              [
                126.68225020531709,
                37.16045115221564
              ],
              [
                126.68219103670805,
                37.16043176596548
              ],
              [
                126.68133207442727,
                37.16013114614957
              ],
              [
                126.67656625579649,
                37.15845074569043
              ],
              [
                126.67386672635162,
                37.15749485281862
              ],
              [
                126.67243239680995,
                37.156977368002735
              ],
              [
                126.6712534296003,
                37.15654138922943
              ],
              [
                126.66971200826916,
                37.15600615841613
              ],
              [
                126.66966974944754,
                37.156000841586234
              ],
              [
                126.66957204308427,
                37.156001235024895
              ],
              [
                126.66799049983753,
                37.15622375448782
              ],
              [
                126.66498634077473,
                37.156742606638154
              ],
              [
                126.66206237670764,
                37.155983826715755
              ],
              [
                126.65791979864234,
                37.1539025743977
              ],
              [
                126.65796262107958,
                37.15396463328016
              ],
              [
                126.65866579948703,
                37.1550363122423
              ],
              [
                126.65635420501835,
                37.15431621233296
              ],
              [
                126.65585629207065,
                37.15417597962271
              ],
              [
                126.6538494103555,
                37.15367067023525
              ],
              [
                126.65104933781355,
                37.15392771165259
              ],
              [
                126.65100724547818,
                37.15393613018688
              ],
              [
                126.65014209014197,
                37.15436510346398
              ],
              [
                126.64982123224847,
                37.15463958187272
              ],
              [
                126.65050168431507,
                37.15630321416297
              ],
              [
                126.65099682397226,
                37.15655079626928
              ],
              [
                126.65176160510372,
                37.156540828302546
              ],
              [
                126.65302787902277,
                37.15653028875716
              ],
              [
                126.65307830290847,
                37.15653004699918
              ],
              [
                126.65317888516918,
                37.156533377989916
              ],
              [
                126.6532468884692,
                37.15653901083961
              ],
              [
                126.65331436156552,
                37.156555229426296
              ],
              [
                126.65334693968977,
                37.15656754265616
              ],
              [
                126.6537637218774,
                37.15680359427912
              ],
              [
                126.65774620064416,
                37.15913184241071
              ],
              [
                126.65781056582033,
                37.15917592723545
              ],
              [
                126.65786216937254,
                37.15921183946677
              ],
              [
                126.659386057132,
                37.1604610887537
              ],
              [
                126.66000712501906,
                37.16103383477314
              ],
              [
                126.66004402889934,
                37.16107645999703
              ],
              [
                126.6609064588041,
                37.16227249368148
              ],
              [
                126.66091083780596,
                37.16228552638172
              ],
              [
                126.66108754272243,
                37.16299306120265
              ],
              [
                126.66109282303557,
                37.16303827456082
              ],
              [
                126.66109469380763,
                37.16306548277888
              ],
              [
                126.6610966596413,
                37.163139931834145
              ],
              [
                126.6610966940845,
                37.163170036741576
              ],
              [
                126.66099383724895,
                37.16369158754245
              ],
              [
                126.66097941666476,
                37.163721103342674
              ],
              [
                126.66092973394576,
                37.16379426007649
              ],
              [
                126.66085691135096,
                37.16390054669313
              ],
              [
                126.6579578122717,
                37.16770532537208
              ],
              [
                126.65737522858464,
                37.17033838266664
              ],
              [
                126.65569113477663,
                37.17779243153689
              ],
              [
                126.65551204794016,
                37.17785348992876
              ],
              [
                126.65539568796137,
                37.17791844208944
              ],
              [
                126.65529572950554,
                37.178012337508484
              ],
              [
                126.65520661121619,
                37.178101462462074
              ],
              [
                126.65405965521724,
                37.17954719787716
              ],
              [
                126.65349149699291,
                37.18048831643439
              ],
              [
                126.6534563634081,
                37.18055972038601
              ],
              [
                126.65344645388143,
                37.18061387350408
              ],
              [
                126.6536041129767,
                37.1810420976716
              ],
              [
                126.65394277214817,
                37.18128423536377
              ],
              [
                126.6557778429344,
                37.18065589879634
              ],
              [
                126.65583580208546,
                37.18063392847484
              ],
              [
                126.65596589611884,
                37.18058091980017
              ],
              [
                126.65602616212047,
                37.18054661319019
              ],
              [
                126.65692140890717,
                37.18003155320904
              ],
              [
                126.65703359037653,
                37.17993182671067
              ],
              [
                126.65705987954327,
                37.179885749031634
              ],
              [
                126.65706557975116,
                37.17986020275579
              ],
              [
                126.65706596887037,
                37.17983674057437
              ],
              [
                126.65706376814983,
                37.17980770200257
              ],
              [
                126.65703834741909,
                37.179761440320476
              ],
              [
                126.657012678303,
                37.179735912451065
              ],
              [
                126.65697295717375,
                37.17970853947295
              ],
              [
                126.65658903520445,
                37.17949972799958
              ],
              [
                126.65657975654175,
                37.17949755633364
              ],
              [
                126.65656503233689,
                37.17950389284066
              ],
              [
                126.65655577587728,
                37.179523435761794
              ],
              [
                126.6565218740468,
                37.17959702538841
              ],
              [
                126.65649654873876,
                37.17965892734085
              ],
              [
                126.65646004569949,
                37.17972248042052
              ],
              [
                126.65632321946707,
                37.17986074553079
              ],
              [
                126.65624811158445,
                37.1799294409702
              ],
              [
                126.65612379271556,
                37.180030917304855
              ],
              [
                126.65611029199128,
                37.18003561654899
              ],
              [
                126.6561008791756,
                37.18003496901371
              ],
              [
                126.65585156679265,
                37.17994920339518
              ],
              [
                126.65568031443065,
                37.17988850590274
              ],
              [
                126.65553565667891,
                37.17982603988799
              ],
              [
                126.65545227296886,
                37.17978057261907
              ],
              [
                126.6554252359963,
                37.17975592341418
              ],
              [
                126.65541035359377,
                37.17973497539046
              ],
              [
                126.65540091207701,
                37.17970878044828
              ],
              [
                126.6554009023335,
                37.17969589591288
              ],
              [
                126.65697055036414,
                37.176203589088914
              ],
              [
                126.65697812868363,
                37.1762012056764
              ],
              [
                126.6569931734793,
                37.176198599513036
              ],
              [
                126.66001533958878,
                37.17641898539031
              ],
              [
                126.66001912698523,
                37.17642283413072
              ],
              [
                126.66507884587983,
                37.18271204356579
              ],
              [
                126.66747502073474,
                37.18809623216686
              ],
              [
                126.66751226220795,
                37.18809631901291
              ],
              [
                126.66756328265377,
                37.18809824592737
              ],
              [
                126.66761705636658,
                37.18810738163652
              ],
              [
                126.66768829153499,
                37.18813472903848
              ],
              [
                126.66778151086692,
                37.18817287085987
              ],
              [
                126.66889567636262,
                37.18868043272124
              ],
              [
                126.66987304288936,
                37.18916440262493
              ],
              [
                126.6698896998918,
                37.189174659958496
              ],
              [
                126.66990377291685,
                37.189191239547654
              ],
              [
                126.6699182704971,
                37.1892244112685
              ],
              [
                126.6699173241256,
                37.18923532043815
              ],
              [
                126.66639272949662,
                37.19148579497193
              ],
              [
                126.6646702463246,
                37.19164289593332
              ],
              [
                126.65995499637647,
                37.1907697733584
              ],
              [
                126.65829439882882,
                37.19012261130148
              ],
              [
                126.65823295925169,
                37.19007102103421
              ],
              [
                126.6545237601885,
                37.186157159383946
              ],
              [
                126.65435729645236,
                37.18596492216038
              ],
              [
                126.65435755091266,
                37.18595564148002
              ],
              [
                126.65436396257893,
                37.18595007337587
              ],
              [
                126.654653040928,
                37.1857753742186
              ],
              [
                126.65485907386093,
                37.185659667300136
              ],
              [
                126.65513382527541,
                37.18549699018161
              ],
              [
                126.65527603207504,
                37.185404568118486
              ],
              [
                126.65534242966471,
                37.185355411078014
              ],
              [
                126.65538086921215,
                37.1853200225868
              ],
              [
                126.65538604794438,
                37.18530800796548
              ],
              [
                126.65539407632096,
                37.185281486863225
              ],
              [
                126.65538747380523,
                37.18522003362391
              ],
              [
                126.65535589956107,
                37.185152263905955
              ],
              [
                126.65409981427077,
                37.18386846367893
              ],
              [
                126.65391111061318,
                37.18367667451678
              ],
              [
                126.65381910431522,
                37.18359999615399
              ],
              [
                126.65291952236038,
                37.182932794378196
              ],
              [
                126.65237063327342,
                37.18269306556795
              ],
              [
                126.65059913552648,
                37.18276779515306
              ],
              [
                126.65052261165668,
                37.18277329122804
              ],
              [
                126.65042312511575,
                37.18278611854247
              ],
              [
                126.65026354836331,
                37.1828308439813
              ],
              [
                126.650187324366,
                37.18286406508017
              ],
              [
                126.65009171901778,
                37.1829071236628
              ],
              [
                126.64999982701127,
                37.182967852555876
              ],
              [
                126.64994898543137,
                37.183022892536144
              ],
              [
                126.64973732050935,
                37.18326291863782
              ],
              [
                126.6496085473964,
                37.183537945367696
              ],
              [
                126.64960121202337,
                37.18356599978249
              ],
              [
                126.64958421982816,
                37.18364808982298
              ],
              [
                126.64957458504311,
                37.183701366586746
              ],
              [
                126.64957417620403,
                37.18371391639002
              ],
              [
                126.64998237242719,
                37.185574160785116
              ],
              [
                126.65203721178922,
                37.18723058492446
              ],
              [
                126.65476532490175,
                37.19040341811851
              ],
              [
                126.65449126523552,
                37.190437301637814
              ],
              [
                126.65430587496236,
                37.190463926804135
              ],
              [
                126.6540580110485,
                37.190505211048986
              ],
              [
                126.65342354762069,
                37.190610950995264
              ],
              [
                126.65239306854949,
                37.19078866460306
              ],
              [
                126.65083833445513,
                37.19105773239773
              ],
              [
                126.65058130310263,
                37.19110628541859
              ],
              [
                126.65072077335037,
                37.19162337798335
              ],
              [
                126.65076821428408,
                37.19179920547936
              ],
              [
                126.6519916013087,
                37.19170139886202
              ],
              [
                126.65328082843656,
                37.191392713666716
              ],
              [
                126.65617621823448,
                37.19089048462669
              ],
              [
                126.65654941517177,
                37.190825884283875
              ],
              [
                126.6569239687946,
                37.19088383064065
              ],
              [
                126.65703066259543,
                37.19090036053648
              ],
              [
                126.65742776502252,
                37.19120138063827
              ],
              [
                126.65821781563176,
                37.192097071877114
              ],
              [
                126.65941972939167,
                37.19419934455412
              ],
              [
                126.659344493626,
                37.19461081304394
              ],
              [
                126.6601270149184,
                37.19619318110538
              ],
              [
                126.66053542462157,
                37.196333027222686
              ],
              [
                126.66188236841998,
                37.19676762055226
              ],
              [
                126.66206108937544,
                37.19677916248374
              ],
              [
                126.66224663820067,
                37.19676025669878
              ],
              [
                126.664958207661,
                37.19589977575083
              ],
              [
                126.67306257065042,
                37.19361392399609
              ],
              [
                126.67509289432405,
                37.194588803529996
              ],
              [
                126.67595233164128,
                37.19576769427265
              ],
              [
                126.6773997996013,
                37.197533170743704
              ],
              [
                126.6803356230295,
                37.19955913706574
              ],
              [
                126.68301749494508,
                37.20083898050589
              ],
              [
                126.68341381647213,
                37.201025228461305
              ],
              [
                126.68651538024957,
                37.20214437185557
              ],
              [
                126.6867245519289,
                37.202202134009404
              ],
              [
                126.6911635660667,
                37.20324499649908
              ],
              [
                126.69745453164242,
                37.204028275293446
              ],
              [
                126.69757991527611,
                37.2039644519607
              ],
              [
                126.69760675587177,
                37.20395078843044
              ],
              [
                126.69764892586646,
                37.203929309192766
              ],
              [
                126.69780927166838,
                37.20384634614537
              ],
              [
                126.69862309821546,
                37.203161214764904
              ],
              [
                126.69855268370257,
                37.20293280073751
              ]
            ]
          ],
          [
            [
              [
                126.69327998390452,
                37.204218690998154
              ],
              [
                126.69321105956116,
                37.204212384174355
              ],
              [
                126.6926112540334,
                37.20419863995769
              ],
              [
                126.69252361383533,
                37.2042022231923
              ],
              [
                126.69241675038225,
                37.204240463472765
              ],
              [
                126.6922577777403,
                37.204700327482534
              ],
              [
                126.6921524793953,
                37.20501961456461
              ],
              [
                126.6921940691289,
                37.205234837642976
              ],
              [
                126.69272599245681,
                37.2064588558479
              ],
              [
                126.69291390939767,
                37.206672559104774
              ],
              [
                126.69320435875034,
                37.20693738226382
              ],
              [
                126.69362186884271,
                37.207084607652774
              ],
              [
                126.69386394759967,
                37.20714717474553
              ],
              [
                126.69413042620283,
                37.20716796941318
              ],
              [
                126.69327998390452,
                37.204218690998154
              ]
            ]
          ]
        ]
      },
      "properties": {
        "name": "서신면",
        "base_year": "2018",
        "name_eng": "Seosin-myeon",
        "code": "3124037"
      }
    },
    {
      "type": "Feature",
      "geometry": {
        "type": "MultiPolygon",
        "coordinates": [
          [
            [
              [
                126.86682986637676,
                37.1997428365244
              ],
              [
                126.8672847905439,
                37.19882330319422
              ],
              [
                126.8677770143033,
                37.19844179865521
              ],
              [
                126.86837319272833,
                37.1982239038052
              ],
              [
                126.86919538238455,
                37.19803206476318
              ],
              [
                126.86922367833827,
                37.1980245355199
              ],
              [
                126.86922483024152,
                37.19802422796676
              ],
              [
                126.86960589834882,
                37.19792155719657
              ],
              [
                126.8696900883312,
                37.19789857783636
              ],
              [
                126.87004667267057,
                37.197801246855576
              ],
              [
                126.87057342455725,
                37.19764083961363
              ],
              [
                126.87269472788773,
                37.1967951014859
              ],
              [
                126.87327156028664,
                37.19656483477708
              ],
              [
                126.87465484116214,
                37.194324806559386
              ],
              [
                126.87502776322926,
                37.193663415218914
              ],
              [
                126.87509152582474,
                37.193499067795074
              ],
              [
                126.87523170601405,
                37.193403887472705
              ],
              [
                126.87552019878535,
                37.193219192116004
              ],
              [
                126.8758077969791,
                37.193077022943335
              ],
              [
                126.87629612875779,
                37.19291452703043
              ],
              [
                126.87639233784091,
                37.192882512818976
              ],
              [
                126.87871231698567,
                37.19322829179442
              ],
              [
                126.87871574617897,
                37.19441395418313
              ],
              [
                126.88037911897783,
                37.19574737413967
              ],
              [
                126.88088036190068,
                37.19614180394303
              ],
              [
                126.8821432347101,
                37.1971301699699
              ],
              [
                126.88856079745847,
                37.197386858353305
              ],
              [
                126.8888707642869,
                37.19736854767878
              ],
              [
                126.88905863786417,
                37.19735732132663
              ],
              [
                126.88907397676208,
                37.19735640474016
              ],
              [
                126.88962105131431,
                37.19702899562548
              ],
              [
                126.89017860566963,
                37.19621166591185
              ],
              [
                126.8904693257019,
                37.19557859140185
              ],
              [
                126.89414395632342,
                37.192682207765316
              ],
              [
                126.89539869550445,
                37.192819405500295
              ],
              [
                126.89537838774584,
                37.19334441778679
              ],
              [
                126.89547990306045,
                37.19367165181272
              ],
              [
                126.8959083425809,
                37.19399927502419
              ],
              [
                126.89671446408316,
                37.19420239202834
              ],
              [
                126.89955487624255,
                37.19394730725773
              ],
              [
                126.8995658709618,
                37.193945612463224
              ],
              [
                126.89986013371515,
                37.19390022708351
              ],
              [
                126.90002534740417,
                37.19386078596178
              ],
              [
                126.90051766399235,
                37.19289086222786
              ],
              [
                126.90096139375997,
                37.19246336077821
              ],
              [
                126.90103963860493,
                37.19241908647265
              ],
              [
                126.90118109875841,
                37.19234152760376
              ],
              [
                126.90240938629402,
                37.191923043801836
              ],
              [
                126.9062649256359,
                37.1911668495216
              ],
              [
                126.91188768618142,
                37.19145466565494
              ],
              [
                126.91359940872555,
                37.19165397348926
              ],
              [
                126.91469375459268,
                37.19187782516195
              ],
              [
                126.91771229763513,
                37.19086749278301
              ],
              [
                126.91995485801228,
                37.189665360403644
              ],
              [
                126.92090281266385,
                37.183196141110585
              ],
              [
                126.92102078610934,
                37.18224120907581
              ],
              [
                126.92099142226621,
                37.17982887918588
              ],
              [
                126.92098884636293,
                37.1798165642173
              ],
              [
                126.92079186978513,
                37.17906068012324
              ],
              [
                126.91918041005088,
                37.17734664439383
              ],
              [
                126.91802145256455,
                37.17691303292108
              ],
              [
                126.91782646492612,
                37.17679089397711
              ],
              [
                126.91754094520407,
                37.17660401263788
              ],
              [
                126.91734652880666,
                37.17629416557958
              ],
              [
                126.91715580881606,
                37.17597287782726
              ],
              [
                126.91731357536013,
                37.175508023013585
              ],
              [
                126.91963856295457,
                37.17075896193513
              ],
              [
                126.9232574225947,
                37.16844808074174
              ],
              [
                126.92327480827244,
                37.16830396930509
              ],
              [
                126.92319693173333,
                37.16822445423961
              ],
              [
                126.92287279364106,
                37.16791588281888
              ],
              [
                126.92286614426584,
                37.167909569547135
              ],
              [
                126.92190287775139,
                37.16741452965593
              ],
              [
                126.920839159339,
                37.167087427726685
              ],
              [
                126.91974468274033,
                37.166996209165376
              ],
              [
                126.91868662294638,
                37.16706742321604
              ],
              [
                126.91564391271413,
                37.1661947350357
              ],
              [
                126.91558273602931,
                37.166142303561216
              ],
              [
                126.91530781602904,
                37.16555777257459
              ],
              [
                126.91423321503339,
                37.160671285729954
              ],
              [
                126.91494915632583,
                37.157348337213456
              ],
              [
                126.91718042109876,
                37.155633092776064
              ],
              [
                126.91920177258497,
                37.15455420663696
              ],
              [
                126.9195920019582,
                37.15437924972329
              ],
              [
                126.9200167307943,
                37.15451107022377
              ],
              [
                126.92016478841897,
                37.15455978201606
              ],
              [
                126.9205477715176,
                37.15468579503183
              ],
              [
                126.92096716266985,
                37.15503188670224
              ],
              [
                126.92221891286839,
                37.156083897922414
              ],
              [
                126.92238241751846,
                37.15647069165714
              ],
              [
                126.92239485694333,
                37.15652420593933
              ],
              [
                126.92242594693778,
                37.15665547242989
              ],
              [
                126.9226029458241,
                37.157124444210375
              ],
              [
                126.92271717476147,
                37.15742225401043
              ],
              [
                126.92284744462175,
                37.15775970270825
              ],
              [
                126.92286600525873,
                37.1578077694984
              ],
              [
                126.92501256258232,
                37.16051646237472
              ],
              [
                126.92618592803079,
                37.16095584471853
              ],
              [
                126.92950310397828,
                37.161418649142874
              ],
              [
                126.931244373035,
                37.16137349882033
              ],
              [
                126.934992752698,
                37.16029174193168
              ],
              [
                126.93693957750484,
                37.15970771263802
              ],
              [
                126.93728904891017,
                37.158573857790614
              ],
              [
                126.93746302242124,
                37.15733753845318
              ],
              [
                126.93711811777472,
                37.157107277027386
              ],
              [
                126.93691724564309,
                37.156963648068135
              ],
              [
                126.93681654048714,
                37.15689138325989
              ],
              [
                126.93581965906762,
                37.15548171745419
              ],
              [
                126.93568838141216,
                37.1550592502118
              ],
              [
                126.93552340712833,
                37.15452831240669
              ],
              [
                126.93507425676204,
                37.1530595264
              ],
              [
                126.93488572760022,
                37.15199786880692
              ],
              [
                126.9347767635583,
                37.15127631134835
              ],
              [
                126.9347767181312,
                37.151276051487464
              ],
              [
                126.93462476848107,
                37.15096179537219
              ],
              [
                126.93447652266073,
                37.15067717703906
              ],
              [
                126.9340815082092,
                37.15027948168331
              ],
              [
                126.9340304659975,
                37.15023482356767
              ],
              [
                126.93321403777131,
                37.149659754085285
              ],
              [
                126.93278252552992,
                37.14952725757865
              ],
              [
                126.93007479081963,
                37.14841849656144
              ],
              [
                126.92995676668104,
                37.1483694711045
              ],
              [
                126.92946763813298,
                37.14796390144225
              ],
              [
                126.92942506494086,
                37.14790779304647
              ],
              [
                126.92912292548397,
                37.147328448841584
              ],
              [
                126.9291195244593,
                37.14729000915071
              ],
              [
                126.92904459915691,
                37.14637456537939
              ],
              [
                126.92914778841465,
                37.14617541915318
              ],
              [
                126.92289115961738,
                37.143531290945454
              ],
              [
                126.92258691323708,
                37.14346737231731
              ],
              [
                126.9218839197968,
                37.14331105587728
              ],
              [
                126.92008509053194,
                37.14276047332869
              ],
              [
                126.91951886682527,
                37.142567915506106
              ],
              [
                126.91724600619126,
                37.141460411887486
              ],
              [
                126.91716187810852,
                37.14140523406109
              ],
              [
                126.9169862723592,
                37.14114312778455
              ],
              [
                126.91699675231608,
                37.14104049625923
              ],
              [
                126.9170514197309,
                37.14099829435828
              ],
              [
                126.91710807187222,
                37.140924286068845
              ],
              [
                126.91708290924458,
                37.1408587885579
              ],
              [
                126.91699808353995,
                37.1407836968651
              ],
              [
                126.91601503859604,
                37.140279520457824
              ],
              [
                126.9154721217825,
                37.140184111036056
              ],
              [
                126.91384114422489,
                37.14031368571501
              ],
              [
                126.91083918828873,
                37.14070490873939
              ],
              [
                126.91095231698509,
                37.143062637544304
              ],
              [
                126.91107109363419,
                37.14400984326679
              ],
              [
                126.91139993903012,
                37.14550054312827
              ],
              [
                126.91146993056516,
                37.14572612184414
              ],
              [
                126.91148865921754,
                37.1457847756954
              ],
              [
                126.91170770764093,
                37.14618708151592
              ],
              [
                126.9119208040671,
                37.14649307983129
              ],
              [
                126.91125952165311,
                37.14690344026655
              ],
              [
                126.91044557499345,
                37.14740776659391
              ],
              [
                126.90997917579124,
                37.147678417147965
              ],
              [
                126.90956109796703,
                37.14792088159172
              ],
              [
                126.90617154278114,
                37.14984818707975
              ],
              [
                126.90537755008799,
                37.15018775584472
              ],
              [
                126.90443015628483,
                37.149489227562356
              ],
              [
                126.90352625186748,
                37.14860764190616
              ],
              [
                126.8966538438165,
                37.13868083680841
              ],
              [
                126.89589768008437,
                37.13758442641429
              ],
              [
                126.89546987411451,
                37.13606264207702
              ],
              [
                126.89491360692024,
                37.13523994031361
              ],
              [
                126.89432860434283,
                37.13488130730793
              ],
              [
                126.89395681357516,
                37.134774113512044
              ],
              [
                126.89358457226811,
                37.134666793655626
              ],
              [
                126.89352516090364,
                37.13468785849817
              ],
              [
                126.89284579939995,
                37.13520081393434
              ],
              [
                126.89246594035778,
                37.13549982092173
              ],
              [
                126.89244724047245,
                37.135473223669706
              ],
              [
                126.89230442274844,
                37.135238096534835
              ],
              [
                126.89114263535954,
                37.133036748743415
              ],
              [
                126.88934073191139,
                37.12848278651818
              ],
              [
                126.88730789327238,
                37.12474428375919
              ],
              [
                126.88964071577543,
                37.122761576161864
              ],
              [
                126.89041029822417,
                37.11951110668752
              ],
              [
                126.88821565553627,
                37.11239892251655
              ],
              [
                126.88805137818602,
                37.111963139953005
              ],
              [
                126.88592357311477,
                37.10788359020493
              ],
              [
                126.887762434726,
                37.10531757624438
              ],
              [
                126.88816666719502,
                37.10515091649659
              ],
              [
                126.8884224107402,
                37.104833112266526
              ],
              [
                126.88851517536253,
                37.104350647897625
              ],
              [
                126.88852622328285,
                37.103804248471455
              ],
              [
                126.8883131874423,
                37.10326819345839
              ],
              [
                126.88817935586374,
                37.102939179476415
              ],
              [
                126.88690555632616,
                37.10006263887862
              ],
              [
                126.88655082553667,
                37.099765414637446
              ],
              [
                126.88602379695473,
                37.09953439315256
              ],
              [
                126.88546465412573,
                37.09943629841895
              ],
              [
                126.88519353064422,
                37.09939122312766
              ],
              [
                126.88477777840194,
                37.09929377838251
              ],
              [
                126.8844843134487,
                37.099221972221976
              ],
              [
                126.88391040139011,
                37.09882731678036
              ],
              [
                126.8836728876871,
                37.09849472648398
              ],
              [
                126.88334206607946,
                37.097410412309564
              ],
              [
                126.88322132438329,
                37.09664850972695
              ],
              [
                126.88297552162919,
                37.09616336641603
              ],
              [
                126.88265678799246,
                37.09581295946248
              ],
              [
                126.87996751725716,
                37.09353730062924
              ],
              [
                126.87971442263026,
                37.09376164787772
              ],
              [
                126.8796368983262,
                37.09383182307258
              ],
              [
                126.8795594411742,
                37.093917758891415
              ],
              [
                126.87835613722466,
                37.09527365762716
              ],
              [
                126.8778529777336,
                37.09587944794632
              ],
              [
                126.8773512109251,
                37.09648815671872
              ],
              [
                126.87762874441282,
                37.09747925399243
              ],
              [
                126.87776331448669,
                37.09939410246704
              ],
              [
                126.87655395296859,
                37.10078435815018
              ],
              [
                126.8755068362886,
                37.101547059139094
              ],
              [
                126.87507646785605,
                37.10133735686683
              ],
              [
                126.87497373893244,
                37.1012897165997
              ],
              [
                126.87477117283639,
                37.101263279322126
              ],
              [
                126.8733285437129,
                37.10146021243754
              ],
              [
                126.8657042823266,
                37.10444205226324
              ],
              [
                126.86550847338437,
                37.10464112528047
              ],
              [
                126.86532125754279,
                37.1049906823775
              ],
              [
                126.86541760965449,
                37.105206561579166
              ],
              [
                126.86546213903908,
                37.10552002784541
              ],
              [
                126.86374140240424,
                37.10900481426994
              ],
              [
                126.86262388321168,
                37.11090756416948
              ],
              [
                126.86191501116318,
                37.11208183735325
              ],
              [
                126.85686961944782,
                37.11590878428469
              ],
              [
                126.85501655245403,
                37.116520046767576
              ],
              [
                126.8537667428946,
                37.11679254087248
              ],
              [
                126.85236522808952,
                37.118961385478435
              ],
              [
                126.84862346019254,
                37.12232814367708
              ],
              [
                126.84809904409744,
                37.12401468762539
              ],
              [
                126.8481154252132,
                37.12416146383984
              ],
              [
                126.84838791509989,
                37.124437720093994
              ],
              [
                126.84881558045086,
                37.12455840865862
              ],
              [
                126.84934271083429,
                37.125097597495106
              ],
              [
                126.84914053768469,
                37.12689548320334
              ],
              [
                126.8487933052834,
                37.127745453351274
              ],
              [
                126.84860205417499,
                37.127978945230296
              ],
              [
                126.8482232839075,
                37.128407051006114
              ],
              [
                126.8468038636935,
                37.12922122983544
              ],
              [
                126.84477018372733,
                37.13038479856113
              ],
              [
                126.8435352706593,
                37.130788657169425
              ],
              [
                126.84329344792343,
                37.130833621215395
              ],
              [
                126.84323423281931,
                37.13084870721313
              ],
              [
                126.84314128037457,
                37.130874884643944
              ],
              [
                126.84311032747043,
                37.13089258441634
              ],
              [
                126.84243970500748,
                37.1314265356037
              ],
              [
                126.84234765437418,
                37.13152037338781
              ],
              [
                126.84229329246695,
                37.13158313960035
              ],
              [
                126.84150052598301,
                37.13252530542366
              ],
              [
                126.84138319578365,
                37.13267835240199
              ],
              [
                126.84137660797286,
                37.132691274418484
              ],
              [
                126.84124030746423,
                37.13321099810702
              ],
              [
                126.84095178635133,
                37.13454864606865
              ],
              [
                126.84101716169062,
                37.13482531394259
              ],
              [
                126.84148930366598,
                37.13648163741381
              ],
              [
                126.84184424998256,
                37.13758127044973
              ],
              [
                126.84384522600959,
                37.138501554213185
              ],
              [
                126.84728303513006,
                37.14022003255504
              ],
              [
                126.8474925679612,
                37.14044439586868
              ],
              [
                126.84766118400647,
                37.14065495305195
              ],
              [
                126.84769599972097,
                37.14071067664773
              ],
              [
                126.84767133404496,
                37.14075374166602
              ],
              [
                126.84742181564687,
                37.14102135300089
              ],
              [
                126.8458640627391,
                37.14264092613065
              ],
              [
                126.84566242359453,
                37.14277766503956
              ],
              [
                126.8453868888635,
                37.14289227705257
              ],
              [
                126.84421017353209,
                37.143240933171995
              ],
              [
                126.8426713661505,
                37.143722656338575
              ],
              [
                126.84253581758264,
                37.1437817920687
              ],
              [
                126.84013180191484,
                37.145755398803686
              ],
              [
                126.83983783368767,
                37.146024348989236
              ],
              [
                126.8398136244652,
                37.146155132311186
              ],
              [
                126.8398936216299,
                37.146605081164495
              ],
              [
                126.83972650717075,
                37.148396760114004
              ],
              [
                126.83970377968043,
                37.148555682627894
              ],
              [
                126.8395067832888,
                37.14873530024268
              ],
              [
                126.83917301897634,
                37.14891522409948
              ],
              [
                126.83527773975776,
                37.15035083265486
              ],
              [
                126.83495962689345,
                37.15039265436681
              ],
              [
                126.8305489110399,
                37.150319718617055
              ],
              [
                126.83109681586663,
                37.150917152503744
              ],
              [
                126.83137583401452,
                37.151077840782726
              ],
              [
                126.83186310559438,
                37.151297747522094
              ],
              [
                126.8321307662619,
                37.15139049620932
              ],
              [
                126.83252789317974,
                37.1514865027365
              ],
              [
                126.83299637990615,
                37.15156557024177
              ],
              [
                126.83343718752376,
                37.151603823447395
              ],
              [
                126.83422650421261,
                37.151674357996114
              ],
              [
                126.83432523006859,
                37.15168356066297
              ],
              [
                126.83562243021522,
                37.15185153624805
              ],
              [
                126.8359890547395,
                37.15194986817622
              ],
              [
                126.83877403379954,
                37.152765598192204
              ],
              [
                126.83944188551838,
                37.15301828450046
              ],
              [
                126.83946360886733,
                37.15302991121392
              ],
              [
                126.83961196836209,
                37.153123174913965
              ],
              [
                126.84330062283792,
                37.15555136091082
              ],
              [
                126.84468164254055,
                37.15692983015452
              ],
              [
                126.84480908153932,
                37.1571530173497
              ],
              [
                126.84485478323408,
                37.157357336781104
              ],
              [
                126.8447539142259,
                37.15801667270533
              ],
              [
                126.8447914041904,
                37.15833875837845
              ],
              [
                126.84488162399016,
                37.15848563226974
              ],
              [
                126.84506952546137,
                37.15869989750626
              ],
              [
                126.8506780221712,
                37.161836108349824
              ],
              [
                126.85438218642248,
                37.16325000660011
              ],
              [
                126.85734947785147,
                37.16443519878164
              ],
              [
                126.85866176312325,
                37.16498724014477
              ],
              [
                126.85923530013999,
                37.16539889799627
              ],
              [
                126.86244423883807,
                37.16862089474045
              ],
              [
                126.86273328424356,
                37.169104014611484
              ],
              [
                126.86335705477612,
                37.172381677073325
              ],
              [
                126.86475067693307,
                37.17444912736272
              ],
              [
                126.86460427343728,
                37.17527314605739
              ],
              [
                126.86388944574836,
                37.17615552518701
              ],
              [
                126.86329553386064,
                37.176869601589054
              ],
              [
                126.86299888092441,
                37.17683002016128
              ],
              [
                126.86248697013785,
                37.176803471964604
              ],
              [
                126.86168116564438,
                37.176780249230085
              ],
              [
                126.86090032634284,
                37.176771037422945
              ],
              [
                126.86065163315519,
                37.17694012008296
              ],
              [
                126.85990269243095,
                37.1780994620724
              ],
              [
                126.85974349032838,
                37.17850161617239
              ],
              [
                126.86008587311157,
                37.17940865024915
              ],
              [
                126.86058015023823,
                37.18011614540874
              ],
              [
                126.85946933627706,
                37.182004801805995
              ],
              [
                126.85807945254035,
                37.183417096139955
              ],
              [
                126.85668043970436,
                37.18481580852159
              ],
              [
                126.85674935638733,
                37.18513706121202
              ],
              [
                126.85743108351566,
                37.18715449701918
              ],
              [
                126.8578274807053,
                37.18788495130288
              ],
              [
                126.85824282413817,
                37.188134935184486
              ],
              [
                126.85890293510644,
                37.188327041951695
              ],
              [
                126.85911334902565,
                37.1883557686072
              ],
              [
                126.85925207244593,
                37.18837465146545
              ],
              [
                126.85986672277583,
                37.188458326490846
              ],
              [
                126.85996148396902,
                37.18847131569189
              ],
              [
                126.86105122399309,
                37.18987126353772
              ],
              [
                126.86059534343626,
                37.191282372008374
              ],
              [
                126.86015331775288,
                37.191771923559
              ],
              [
                126.86004828978754,
                37.191882203232204
              ],
              [
                126.85992508595628,
                37.1920033634476
              ],
              [
                126.85983851298641,
                37.19219452584669
              ],
              [
                126.85977449616082,
                37.19235066260687
              ],
              [
                126.85975308565533,
                37.19246373725063
              ],
              [
                126.85972627059539,
                37.193150922895896
              ],
              [
                126.86062923977315,
                37.19512332989614
              ],
              [
                126.86235713026036,
                37.19796668992443
              ],
              [
                126.86232044550525,
                37.19815722807849
              ],
              [
                126.86218144085574,
                37.19887926909892
              ],
              [
                126.86219279170686,
                37.19929789956961
              ],
              [
                126.86237224292154,
                37.20003056941769
              ],
              [
                126.86264011360848,
                37.20020668727654
              ],
              [
                126.8630390550321,
                37.20001233897222
              ],
              [
                126.86330677891694,
                37.19988210025727
              ],
              [
                126.86409880587563,
                37.199699514592766
              ],
              [
                126.8644393294715,
                37.199741266705345
              ],
              [
                126.86485170902804,
                37.19979355285854
              ],
              [
                126.86539533302897,
                37.1998779760618
              ],
              [
                126.86575789669592,
                37.2002300421748
              ],
              [
                126.86651325098342,
                37.19989412361866
              ],
              [
                126.86682986637676,
                37.1997428365244
              ]
            ]
          ]
        ]
      },
      "properties": {
        "name": "팔탄면",
        "base_year": "2018",
        "name_eng": "Paltan-myeon",
        "code": "3124038"
      }
    },
    {
      "type": "Feature",
      "geometry": {
        "type": "MultiPolygon",
        "coordinates": [
          [
            [
              [
                126.8214067533133,
                37.15026312633011
              ],
              [
                126.82303870114437,
                37.14976422271463
              ],
              [
                126.82627271395572,
                37.14989565403536
              ],
              [
                126.82951252073276,
                37.15005903886525
              ],
              [
                126.82981239159503,
                37.15008529631549
              ],
              [
                126.83018339498426,
                37.15017562309873
              ],
              [
                126.8305489110399,
                37.150319718617055
              ],
              [
                126.83495962689345,
                37.15039265436681
              ],
              [
                126.83527773975776,
                37.15035083265486
              ],
              [
                126.83917301897634,
                37.14891522409948
              ],
              [
                126.8395067832888,
                37.14873530024268
              ],
              [
                126.83970377968043,
                37.148555682627894
              ],
              [
                126.83972650717075,
                37.148396760114004
              ],
              [
                126.8398936216299,
                37.146605081164495
              ],
              [
                126.8398136244652,
                37.146155132311186
              ],
              [
                126.83983783368767,
                37.146024348989236
              ],
              [
                126.84013180191484,
                37.145755398803686
              ],
              [
                126.84253581758264,
                37.1437817920687
              ],
              [
                126.8426713661505,
                37.143722656338575
              ],
              [
                126.84421017353209,
                37.143240933171995
              ],
              [
                126.8453868888635,
                37.14289227705257
              ],
              [
                126.84566242359453,
                37.14277766503956
              ],
              [
                126.8458640627391,
                37.14264092613065
              ],
              [
                126.84742181564687,
                37.14102135300089
              ],
              [
                126.84767133404496,
                37.14075374166602
              ],
              [
                126.84769599972097,
                37.14071067664773
              ],
              [
                126.84766118400647,
                37.14065495305195
              ],
              [
                126.8474925679612,
                37.14044439586868
              ],
              [
                126.84728303513006,
                37.14022003255504
              ],
              [
                126.84384522600959,
                37.138501554213185
              ],
              [
                126.84184424998256,
                37.13758127044973
              ],
              [
                126.84148930366598,
                37.13648163741381
              ],
              [
                126.84101716169062,
                37.13482531394259
              ],
              [
                126.84095178635133,
                37.13454864606865
              ],
              [
                126.84124030746423,
                37.13321099810702
              ],
              [
                126.84137660797286,
                37.132691274418484
              ],
              [
                126.84138319578365,
                37.13267835240199
              ],
              [
                126.84150052598301,
                37.13252530542366
              ],
              [
                126.84229329246695,
                37.13158313960035
              ],
              [
                126.84234765437418,
                37.13152037338781
              ],
              [
                126.84243970500748,
                37.1314265356037
              ],
              [
                126.84311032747043,
                37.13089258441634
              ],
              [
                126.84314128037457,
                37.130874884643944
              ],
              [
                126.84323423281931,
                37.13084870721313
              ],
              [
                126.84329344792343,
                37.130833621215395
              ],
              [
                126.8435352706593,
                37.130788657169425
              ],
              [
                126.84477018372733,
                37.13038479856113
              ],
              [
                126.8468038636935,
                37.12922122983544
              ],
              [
                126.8482232839075,
                37.128407051006114
              ],
              [
                126.84860205417499,
                37.127978945230296
              ],
              [
                126.8487933052834,
                37.127745453351274
              ],
              [
                126.84914053768469,
                37.12689548320334
              ],
              [
                126.84934271083429,
                37.125097597495106
              ],
              [
                126.84881558045086,
                37.12455840865862
              ],
              [
                126.84838791509989,
                37.124437720093994
              ],
              [
                126.8481154252132,
                37.12416146383984
              ],
              [
                126.84809904409744,
                37.12401468762539
              ],
              [
                126.84862346019254,
                37.12232814367708
              ],
              [
                126.85236522808952,
                37.118961385478435
              ],
              [
                126.8537667428946,
                37.11679254087248
              ],
              [
                126.85501655245403,
                37.116520046767576
              ],
              [
                126.85686961944782,
                37.11590878428469
              ],
              [
                126.86191501116318,
                37.11208183735325
              ],
              [
                126.86262388321168,
                37.11090756416948
              ],
              [
                126.86374140240424,
                37.10900481426994
              ],
              [
                126.86546213903908,
                37.10552002784541
              ],
              [
                126.86541760965449,
                37.105206561579166
              ],
              [
                126.86532125754279,
                37.1049906823775
              ],
              [
                126.86550847338437,
                37.10464112528047
              ],
              [
                126.8657042823266,
                37.10444205226324
              ],
              [
                126.8733285437129,
                37.10146021243754
              ],
              [
                126.87477117283639,
                37.101263279322126
              ],
              [
                126.87497373893244,
                37.1012897165997
              ],
              [
                126.87507646785605,
                37.10133735686683
              ],
              [
                126.8755068362886,
                37.101547059139094
              ],
              [
                126.87655395296859,
                37.10078435815018
              ],
              [
                126.87776331448669,
                37.09939410246704
              ],
              [
                126.87762874441282,
                37.09747925399243
              ],
              [
                126.8773512109251,
                37.09648815671872
              ],
              [
                126.8778529777336,
                37.09587944794632
              ],
              [
                126.87835613722466,
                37.09527365762716
              ],
              [
                126.8795594411742,
                37.093917758891415
              ],
              [
                126.8796368983262,
                37.09383182307258
              ],
              [
                126.87971442263026,
                37.09376164787772
              ],
              [
                126.87996751725716,
                37.09353730062924
              ],
              [
                126.87955322525836,
                37.092742282232685
              ],
              [
                126.8790955864216,
                37.09147683055499
              ],
              [
                126.87836918976126,
                37.089466009238556
              ],
              [
                126.87822992386403,
                37.08843685318466
              ],
              [
                126.87825835477484,
                37.088007535722916
              ],
              [
                126.87834227609544,
                37.087393666749406
              ],
              [
                126.87866520489109,
                37.086189399017975
              ],
              [
                126.87909847757103,
                37.08462908087144
              ],
              [
                126.88065708698565,
                37.07963556918301
              ],
              [
                126.88170957263392,
                37.07635871335401
              ],
              [
                126.88225602204902,
                37.07497856440729
              ],
              [
                126.88301602754706,
                37.073081676462074
              ],
              [
                126.88348901507179,
                37.06980494239783
              ],
              [
                126.88374009636732,
                37.06698753132757
              ],
              [
                126.88358708593971,
                37.06416748921788
              ],
              [
                126.88320620798223,
                37.063257034310816
              ],
              [
                126.88177233904477,
                37.05986758959214
              ],
              [
                126.88061733582619,
                37.05794714841556
              ],
              [
                126.8787223214905,
                37.05481849305896
              ],
              [
                126.87787017323372,
                37.05342095442872
              ],
              [
                126.87744408550871,
                37.05272669864268
              ],
              [
                126.8739554715815,
                37.04812755703194
              ],
              [
                126.87112898895496,
                37.04440307456594
              ],
              [
                126.86955916081178,
                37.0421486697253
              ],
              [
                126.86608365590013,
                37.0370356948456
              ],
              [
                126.86385283611483,
                37.03376224713346
              ],
              [
                126.86183498543555,
                37.03096984617559
              ],
              [
                126.86182734303915,
                37.030959239455065
              ],
              [
                126.86148734093506,
                37.03048859668832
              ],
              [
                126.85911082798,
                37.02720587293693
              ],
              [
                126.85659964694575,
                37.02393194717097
              ],
              [
                126.8547946316432,
                37.021695073175145
              ],
              [
                126.85443198775819,
                37.021366859537686
              ],
              [
                126.85434592344568,
                37.021289036431604
              ],
              [
                126.851144015135,
                37.01839821527395
              ],
              [
                126.85113771171325,
                37.01839256672737
              ],
              [
                126.84458134559235,
                37.01542857168216
              ],
              [
                126.84365237566315,
                37.01501031477062
              ],
              [
                126.84317665974376,
                37.01479623588822
              ],
              [
                126.84211159159454,
                37.01431696259842
              ],
              [
                126.83437160813733,
                37.01342326474824
              ],
              [
                126.83151766295207,
                37.01338316997487
              ],
              [
                126.81669692729531,
                37.013379040305196
              ],
              [
                126.81394401158668,
                37.013383732237266
              ],
              [
                126.81262065359648,
                37.013409113696774
              ],
              [
                126.81261949266242,
                37.01539544587677
              ],
              [
                126.81261826321412,
                37.01738118048772
              ],
              [
                126.81261303418648,
                37.01966678355366
              ],
              [
                126.8126098515395,
                37.02071186824698
              ],
              [
                126.81145148586157,
                37.02264260887801
              ],
              [
                126.81109109781138,
                37.02315386590106
              ],
              [
                126.81055911051381,
                37.0236349747466
              ],
              [
                126.80994926934589,
                37.023933725248675
              ],
              [
                126.81142347113038,
                37.02684220889199
              ],
              [
                126.81266173931262,
                37.02798812936536
              ],
              [
                126.81267870327224,
                37.034011229412
              ],
              [
                126.81131052763126,
                37.03828350960264
              ],
              [
                126.81073665292458,
                37.03985795242544
              ],
              [
                126.81004580205516,
                37.041412370925606
              ],
              [
                126.81127209600064,
                37.04247716808004
              ],
              [
                126.81137617344646,
                37.044414990512585
              ],
              [
                126.81132077583935,
                37.044637176822086
              ],
              [
                126.81055989365714,
                37.047120800952804
              ],
              [
                126.81044787447951,
                37.04735783394591
              ],
              [
                126.81034456006482,
                37.047499767380046
              ],
              [
                126.81018924712443,
                37.04766232209506
              ],
              [
                126.80896343230702,
                37.04837937456288
              ],
              [
                126.80850618108076,
                37.048620163297485
              ],
              [
                126.80663780733245,
                37.04888027135485
              ],
              [
                126.8058998888292,
                37.04884317900704
              ],
              [
                126.80528935825157,
                37.04859855925457
              ],
              [
                126.80516738837314,
                37.04853701191825
              ],
              [
                126.80336134976474,
                37.04911199010299
              ],
              [
                126.80300975662234,
                37.04923261507118
              ],
              [
                126.80103613225155,
                37.04999080270938
              ],
              [
                126.80096246068544,
                37.05022261145704
              ],
              [
                126.80069662440646,
                37.05117521955323
              ],
              [
                126.8012771764807,
                37.051621417927294
              ],
              [
                126.80179677874223,
                37.05181140028801
              ],
              [
                126.80170246706899,
                37.05213342791406
              ],
              [
                126.79704756461591,
                37.05585182860781
              ],
              [
                126.79700566016142,
                37.05586943553001
              ],
              [
                126.79618289472903,
                37.05621496964225
              ],
              [
                126.7960706736764,
                37.05623474247901
              ],
              [
                126.79595500226746,
                37.05648357868389
              ],
              [
                126.79591823807647,
                37.05656267423666
              ],
              [
                126.79588490602508,
                37.05762064621035
              ],
              [
                126.79591311668106,
                37.05869025998643
              ],
              [
                126.79593318670334,
                37.058923454434165
              ],
              [
                126.79622723264129,
                37.062117839863205
              ],
              [
                126.79632253728288,
                37.062537595552726
              ],
              [
                126.80167436848853,
                37.0655489376277
              ],
              [
                126.80501585246694,
                37.066842782513405
              ],
              [
                126.8078814318547,
                37.06825803911811
              ],
              [
                126.80854846736351,
                37.068636596938006
              ],
              [
                126.80973118049674,
                37.06935525686446
              ],
              [
                126.81061631223345,
                37.06991734347662
              ],
              [
                126.81082180420144,
                37.07006319480565
              ],
              [
                126.81256029943985,
                37.07173482785301
              ],
              [
                126.81243280246127,
                37.072611945355874
              ],
              [
                126.8118661844991,
                37.07398968490608
              ],
              [
                126.81161427294151,
                37.07403773234891
              ],
              [
                126.81144626459148,
                37.07404732890321
              ],
              [
                126.8109843319407,
                37.07384998423019
              ],
              [
                126.80997309452229,
                37.07343858101555
              ],
              [
                126.80949126052047,
                37.07338509036495
              ],
              [
                126.80904895323707,
                37.07347001835712
              ],
              [
                126.8088031954086,
                37.07356960245874
              ],
              [
                126.8078998886594,
                37.07399886674441
              ],
              [
                126.8075336417536,
                37.074206531237344
              ],
              [
                126.80653526245995,
                37.076348899465636
              ],
              [
                126.80654280627725,
                37.07637143022535
              ],
              [
                126.80661870209074,
                37.07659666655203
              ],
              [
                126.80664033594158,
                37.0766586858522
              ],
              [
                126.80677568573222,
                37.07695002410222
              ],
              [
                126.80859478731567,
                37.07976694120559
              ],
              [
                126.81013109476046,
                37.081057721601994
              ],
              [
                126.81023273528508,
                37.08113055739966
              ],
              [
                126.81035643393153,
                37.08115771519534
              ],
              [
                126.81054624680694,
                37.08119029792407
              ],
              [
                126.81189723493314,
                37.081277093301544
              ],
              [
                126.81226780206379,
                37.08128116274201
              ],
              [
                126.81421895563672,
                37.08091990535735
              ],
              [
                126.81433543622454,
                37.080722783606866
              ],
              [
                126.81455489258936,
                37.08034403629843
              ],
              [
                126.81481350453024,
                37.07989212893158
              ],
              [
                126.81484085318911,
                37.07983302623271
              ],
              [
                126.81504398814488,
                37.079500141296734
              ],
              [
                126.81519026317211,
                37.079289415313376
              ],
              [
                126.81519659951964,
                37.079282900428964
              ],
              [
                126.81519696288785,
                37.07928252753915
              ],
              [
                126.81712092224652,
                37.079732095319656
              ],
              [
                126.81790465318251,
                37.08008738303748
              ],
              [
                126.81807684944,
                37.08019181401826
              ],
              [
                126.81890320557736,
                37.08071389253106
              ],
              [
                126.81916308850954,
                37.08092380765124
              ],
              [
                126.82141881572797,
                37.08280008259419
              ],
              [
                126.82203416598992,
                37.08333058950747
              ],
              [
                126.82248413741002,
                37.08417286849125
              ],
              [
                126.82304199252077,
                37.08527288592043
              ],
              [
                126.82486464950519,
                37.08623181992458
              ],
              [
                126.8258506448315,
                37.086762730778354
              ],
              [
                126.82650869125237,
                37.08718020001966
              ],
              [
                126.82737427795104,
                37.087854070656945
              ],
              [
                126.82762851715701,
                37.08812794266665
              ],
              [
                126.8283704011818,
                37.0896675980135
              ],
              [
                126.82850608856327,
                37.08998596097928
              ],
              [
                126.82896711506062,
                37.091114598437365
              ],
              [
                126.82908098825976,
                37.09147098861424
              ],
              [
                126.82897379620442,
                37.091759234183876
              ],
              [
                126.82895976109593,
                37.091792553881696
              ],
              [
                126.82891398327749,
                37.09188099016447
              ],
              [
                126.82863830583855,
                37.092203707306254
              ],
              [
                126.82815654894901,
                37.09256037182277
              ],
              [
                126.82815634053021,
                37.092560527487635
              ],
              [
                126.82808734793868,
                37.093253253733224
              ],
              [
                126.82781883338323,
                37.09621629046529
              ],
              [
                126.82783297244187,
                37.096266130315826
              ],
              [
                126.8279193538327,
                37.09657046402005
              ],
              [
                126.82951478825551,
                37.09762448008624
              ],
              [
                126.82977066245797,
                37.09778471737841
              ],
              [
                126.83006901945112,
                37.097578058396515
              ],
              [
                126.830445871905,
                37.097589334388125
              ],
              [
                126.83103714666993,
                37.097607025579514
              ],
              [
                126.83121232924218,
                37.09768460664406
              ],
              [
                126.8334342411269,
                37.09880279197644
              ],
              [
                126.83385765889045,
                37.099070718088115
              ],
              [
                126.8337756371032,
                37.099175369030476
              ],
              [
                126.83344020979932,
                37.09952840737544
              ],
              [
                126.83243213511825,
                37.1005009998242
              ],
              [
                126.83071887202887,
                37.101767784616804
              ],
              [
                126.828421724538,
                37.10282136141312
              ],
              [
                126.8272433497002,
                37.10281371517332
              ],
              [
                126.82054223999178,
                37.10319175314487
              ],
              [
                126.81987237835907,
                37.103371959007355
              ],
              [
                126.81794371712003,
                37.104427336539985
              ],
              [
                126.81470127941154,
                37.108622917397334
              ],
              [
                126.81467150568267,
                37.10866641855827
              ],
              [
                126.81422594369809,
                37.11029061617087
              ],
              [
                126.81417500443456,
                37.11546470121608
              ],
              [
                126.81417816373339,
                37.11633764080704
              ],
              [
                126.81465467101728,
                37.116437175017396
              ],
              [
                126.82413422501993,
                37.11752556866858
              ],
              [
                126.82661213620896,
                37.11717684664815
              ],
              [
                126.8266175825979,
                37.11715744863369
              ],
              [
                126.82691282026103,
                37.11711266117827
              ],
              [
                126.82730733918622,
                37.1170809875536
              ],
              [
                126.82736684778892,
                37.11707715527559
              ],
              [
                126.82771541256547,
                37.11712172026599
              ],
              [
                126.82875400148676,
                37.11731721628213
              ],
              [
                126.82894752049654,
                37.117401396379094
              ],
              [
                126.83047409774093,
                37.118255169471944
              ],
              [
                126.83004627404476,
                37.12004778211636
              ],
              [
                126.82929331246731,
                37.122324911566906
              ],
              [
                126.82840269536472,
                37.12355518690411
              ],
              [
                126.82739437925402,
                37.124897246975685
              ],
              [
                126.82626106873394,
                37.12637915485714
              ],
              [
                126.8259728895929,
                37.12731108723855
              ],
              [
                126.82578395904781,
                37.12823780704549
              ],
              [
                126.82689127588003,
                37.1282568059075
              ],
              [
                126.82779570468497,
                37.12815056192544
              ],
              [
                126.82800514320613,
                37.12804482452025
              ],
              [
                126.82832926506298,
                37.1279350186257
              ],
              [
                126.8285308331564,
                37.12789528715364
              ],
              [
                126.82858505148792,
                37.12788492339728
              ],
              [
                126.82859813136886,
                37.12794320490365
              ],
              [
                126.82902111037102,
                37.12982892980772
              ],
              [
                126.82868278702506,
                37.13002237791313
              ],
              [
                126.82868270830289,
                37.13002236845326
              ],
              [
                126.82518118931293,
                37.1295732611703
              ],
              [
                126.82435441540488,
                37.12946723734892
              ],
              [
                126.82430243829597,
                37.12951023021527
              ],
              [
                126.81521053296464,
                37.13703207373176
              ],
              [
                126.8138595447078,
                37.138393867496895
              ],
              [
                126.81326956513688,
                37.1389396908198
              ],
              [
                126.81229616707238,
                37.13973398565738
              ],
              [
                126.8165959354908,
                37.14335389644424
              ],
              [
                126.81639523358291,
                37.14369750609652
              ],
              [
                126.8154904661279,
                37.14381604707281
              ],
              [
                126.8146528911401,
                37.14392161267328
              ],
              [
                126.80874489173802,
                37.144720261674806
              ],
              [
                126.80815966780129,
                37.144800996696745
              ],
              [
                126.80803538898401,
                37.14483789937078
              ],
              [
                126.80746235311952,
                37.145294372555256
              ],
              [
                126.80740682857905,
                37.1453685111977
              ],
              [
                126.80601358288446,
                37.148764313873535
              ],
              [
                126.80874281979783,
                37.14904514210229
              ],
              [
                126.81124291662415,
                37.14930734313536
              ],
              [
                126.81179499367009,
                37.14939918853417
              ],
              [
                126.8138590060529,
                37.14974681083619
              ],
              [
                126.81627827442583,
                37.15011538746231
              ],
              [
                126.81843352103174,
                37.150441826460614
              ],
              [
                126.81901111141619,
                37.15049658261177
              ],
              [
                126.82033888713872,
                37.15046213591928
              ],
              [
                126.8214067533133,
                37.15026312633011
              ]
            ]
          ]
        ]
      },
      "properties": {
        "name": "장안면",
        "base_year": "2018",
        "name_eng": "Jangan-myeon",
        "code": "3124039"
      }
    },
    {
      "type": "Feature",
      "geometry": {
        "type": "MultiPolygon",
        "coordinates": [
          [
            [
              [
                126.99885708283747,
                37.11977649295815
              ],
              [
                126.99551331703093,
                37.11671432658918
              ],
              [
                126.99535938873906,
                37.11665887672282
              ],
              [
                126.99535928783402,
                37.11665884010906
              ],
              [
                126.9953578805543,
                37.116658264102675
              ],
              [
                126.99527912526919,
                37.11658619289551
              ],
              [
                126.99522287441783,
                37.11651410499464
              ],
              [
                126.99512161150162,
                37.11634288995896
              ],
              [
                126.99508786403769,
                37.11627080372861
              ],
              [
                126.99507674200342,
                37.11624404390632
              ],
              [
                126.99517798816366,
                37.11592883882227
              ],
              [
                126.99530175770698,
                37.115748642867544
              ],
              [
                126.99541428459428,
                37.11559545967025
              ],
              [
                126.99557181889055,
                37.11543328551316
              ],
              [
                126.9956168270204,
                37.11538822610792
              ],
              [
                126.99586437276062,
                37.11519000598157
              ],
              [
                126.99606690522347,
                37.115081888146676
              ],
              [
                126.99624694292841,
                37.11501882200492
              ],
              [
                126.99718079809507,
                37.11477557487133
              ],
              [
                126.99742834095605,
                37.11471250982499
              ],
              [
                126.99754085580916,
                37.114694491820224
              ],
              [
                126.9976308672501,
                37.114694494688095
              ],
              [
                126.99782212759628,
                37.1147035114282
              ],
              [
                126.99793465133874,
                37.11472152728019
              ],
              [
                126.9980134091125,
                37.114739559519315
              ],
              [
                126.99805841384904,
                37.114757590825036
              ],
              [
                126.99822718855692,
                37.11491075764306
              ],
              [
                126.99828336466884,
                37.115072781505155
              ],
              [
                126.99828335648232,
                37.11527976103434
              ],
              [
                126.99828339441345,
                37.11543338291291
              ],
              [
                126.99831712090355,
                37.11579336859331
              ],
              [
                126.99887963954892,
                37.115757345875345
              ],
              [
                126.99877842860879,
                37.1150274864458
              ],
              [
                126.99869967961996,
                37.11475717690771
              ],
              [
                126.9986771796066,
                37.11468508139741
              ],
              [
                126.99865468970232,
                37.11463101807366
              ],
              [
                126.99855342341276,
                37.114450804085486
              ],
              [
                126.99839591206756,
                37.11427959887143
              ],
              [
                126.99822715870881,
                37.11418048660791
              ],
              [
                126.99813713863297,
                37.11415345341096
              ],
              [
                126.9980143330806,
                37.114126614882544
              ],
              [
                126.998013377022,
                37.114126408467186
              ],
              [
                126.99746206555724,
                37.114135400863425
              ],
              [
                126.99613441220542,
                37.1142434754927
              ],
              [
                126.99597690456045,
                37.11427050061619
              ],
              [
                126.99580813349961,
                37.11430654324178
              ],
              [
                126.99542557027405,
                37.11440563157841
              ],
              [
                126.99522304377139,
                37.11445968494764
              ],
              [
                126.9945817010203,
                37.11466689265846
              ],
              [
                126.99455919734832,
                37.11467590152095
              ],
              [
                126.99453177782026,
                37.11467872073903
              ],
              [
                126.99446918713465,
                37.114684907581825
              ],
              [
                126.99431166872924,
                37.114666875637674
              ],
              [
                126.99425541592014,
                37.1146398415065
              ],
              [
                126.99423327552391,
                37.114613240419445
              ],
              [
                126.99423292671855,
                37.11461280809743
              ],
              [
                126.99421051695835,
                37.11454099715632
              ],
              [
                126.99423299734781,
                37.11439698615066
              ],
              [
                126.99443558421997,
                37.11371219483824
              ],
              [
                126.99450310613643,
                37.11354999893365
              ],
              [
                126.99535834131031,
                37.11171189594166
              ],
              [
                126.99541460261672,
                37.11163981470688
              ],
              [
                126.9955608681732,
                37.11157674782588
              ],
              [
                126.99563962581772,
                37.11154972082806
              ],
              [
                126.99769854713627,
                37.11100015875897
              ],
              [
                126.99800227317319,
                37.11091908627548
              ],
              [
                126.99842979638426,
                37.11104480072729
              ],
              [
                126.99882356613294,
                37.111270074812495
              ],
              [
                126.99899009613829,
                37.111403453083156
              ],
              [
                126.99904857633211,
                37.111450290701654
              ],
              [
                126.99905313262822,
                37.111453030512294
              ],
              [
                126.99909357945629,
                37.11147732341559
              ],
              [
                126.99916108345046,
                37.111513358500154
              ],
              [
                126.9993298540756,
                37.11159446648009
              ],
              [
                126.9994873440968,
                37.11163050176873
              ],
              [
                126.99980238126234,
                37.11154041990495
              ],
              [
                127.00007240218518,
                37.111423285725415
              ],
              [
                127.00020742896147,
                37.111134947734726
              ],
              [
                127.00029743075187,
                37.11077451641266
              ],
              [
                127.00035368805167,
                37.110486178232975
              ],
              [
                127.00035369296097,
                37.11026117690126
              ],
              [
                127.00035369253534,
                37.11026091352423
              ],
              [
                127.00028689953396,
                37.110073663879135
              ],
              [
                127.00028617936339,
                37.11007168258838
              ],
              [
                127.00015118421119,
                37.1099725731017
              ],
              [
                126.99992617369956,
                37.10990049399952
              ],
              [
                126.99941989651168,
                37.109882456026405
              ],
              [
                126.99710233525181,
                37.109837780932814
              ],
              [
                126.99678732604187,
                37.10990983590276
              ],
              [
                126.99653979420638,
                37.11002697294465
              ],
              [
                126.99635977447981,
                37.1101621240274
              ],
              [
                126.99625851420684,
                37.110234203842836
              ],
              [
                126.99605600427748,
                37.110207162916744
              ],
              [
                126.99597725057497,
                37.11018913830592
              ],
              [
                126.99578600898761,
                37.110071992071965
              ],
              [
                126.99568474994501,
                37.10997286170085
              ],
              [
                126.99564011170095,
                37.109915704441846
              ],
              [
                126.99562850299722,
                37.109900783127145
              ],
              [
                126.99562533000321,
                37.109894871124446
              ],
              [
                126.99556099820552,
                37.10977463108838
              ],
              [
                126.99550476460308,
                37.10965749086123
              ],
              [
                126.99530229952228,
                37.10909883299111
              ],
              [
                126.99530223962618,
                37.10909839989985
              ],
              [
                126.99530224408687,
                37.109035308202834
              ],
              [
                126.9960673901651,
                37.10746752083697
              ],
              [
                126.99622490434649,
                37.10729632737234
              ],
              [
                126.99643866636494,
                37.107179198863776
              ],
              [
                126.9965944070501,
                37.107113733953035
              ],
              [
                126.99661228543555,
                37.10710625592348
              ],
              [
                126.99671992928222,
                37.10706206349016
              ],
              [
                126.99694493702371,
                37.10698998773699
              ],
              [
                126.99709120254717,
                37.106953959948775
              ],
              [
                126.997304945808,
                37.10691791568995
              ],
              [
                126.99741744912593,
                37.106899899244134
              ],
              [
                126.99782245467111,
                37.10690892342502
              ],
              [
                126.99799121419143,
                37.106755747999024
              ],
              [
                126.99816103504352,
                37.10651274573988
              ],
              [
                126.99821621623978,
                37.106233292457745
              ],
              [
                126.99777769745623,
                37.10216934907074
              ],
              [
                126.99713664834609,
                37.0990066050089
              ],
              [
                126.9969906010596,
                37.096826467416
              ],
              [
                126.99700187058139,
                37.09647505411408
              ],
              [
                126.99709187948373,
                37.096330887767934
              ],
              [
                126.99728310800938,
                37.09608760851089
              ],
              [
                126.99762058367416,
                37.095718184466065
              ],
              [
                126.99773306221341,
                37.09561006109959
              ],
              [
                126.99792430650244,
                37.0954298553347
              ],
              [
                126.99816053648952,
                37.095168553554245
              ],
              [
                126.99822803543911,
                37.09498834410991
              ],
              [
                126.99837428268856,
                37.09452880701732
              ],
              [
                126.99844178844025,
                37.09415036380152
              ],
              [
                126.99844180520475,
                37.09400619326371
              ],
              [
                126.99843055393079,
                37.09378992944428
              ],
              [
                126.99840807058435,
                37.09346555607908
              ],
              [
                126.99834053570211,
                37.09311370598465
              ],
              [
                126.9981764036889,
                37.092868162638354
              ],
              [
                126.99817182445848,
                37.092861413344885
              ],
              [
                126.99810223619669,
                37.092805653173095
              ],
              [
                126.99803685338316,
                37.09275327254087
              ],
              [
                126.99797252694428,
                37.09271412925945
              ],
              [
                126.99771066840603,
                37.09255503003615
              ],
              [
                126.99713703789419,
                37.092221617484796
              ],
              [
                126.99693458134041,
                37.09210447215272
              ],
              [
                126.99674337153526,
                37.09200535622205
              ],
              [
                126.99665371646985,
                37.09196929287351
              ],
              [
                126.99634970410347,
                37.0918341292583
              ],
              [
                126.99603671330874,
                37.09161026437789
              ],
              [
                126.99603477831882,
                37.09160884991413
              ],
              [
                126.99594480135073,
                37.091527749500216
              ],
              [
                126.99584357811725,
                37.09141961762981
              ],
              [
                126.99574235987721,
                37.09125742162035
              ],
              [
                126.9956748942519,
                37.09111324871392
              ],
              [
                126.99561865510596,
                37.09096908497741
              ],
              [
                126.99540498756723,
                37.09040139757868
              ],
              [
                126.99539325838515,
                37.09032985249394
              ],
              [
                126.99537126691921,
                37.09019414977478
              ],
              [
                126.99536002588205,
                37.09009503379173
              ],
              [
                126.99538254019284,
                37.08986075876007
              ],
              [
                126.99540504314108,
                37.089779664005285
              ],
              [
                126.99541629093807,
                37.08975263263753
              ],
              [
                126.99556252623523,
                37.089545395010575
              ],
              [
                126.9960124550718,
                37.089383227062626
              ],
              [
                126.99658608929052,
                37.08926611280638
              ],
              [
                126.99740715025008,
                37.08903186891564
              ],
              [
                126.99759837258769,
                37.088959799263364
              ],
              [
                126.99772209911335,
                37.088878698261
              ],
              [
                126.99963421631325,
                37.087184747094454
              ],
              [
                126.99974669072503,
                37.087076621596324
              ],
              [
                126.99989290873607,
                37.08693245383063
              ],
              [
                126.99999413617012,
                37.08679729623433
              ],
              [
                127.00010661061584,
                37.08664412554369
              ],
              [
                127.00018534532568,
                37.086418851842886
              ],
              [
                127.00023034981356,
                37.086121501956995
              ],
              [
                127.00021914287797,
                37.0860228085955
              ],
              [
                127.00016294194997,
                37.08576150118989
              ],
              [
                127.00006164356407,
                37.08548174559516
              ],
              [
                126.99992668648272,
                37.08521142457552
              ],
              [
                126.99989294517415,
                37.08516637137307
              ],
              [
                126.99979178679013,
                37.08503165480703
              ],
              [
                126.99966807426966,
                37.08487846275736
              ],
              [
                126.99963328846063,
                37.08485283644942
              ],
              [
                126.99939815369231,
                37.08468022470216
              ],
              [
                126.99928568592263,
                37.084626159156564
              ],
              [
                126.99907199850607,
                37.084545058967066
              ],
              [
                126.99889206179544,
                37.084509013307226
              ],
              [
                126.99880207524157,
                37.08449098910996
              ],
              [
                126.99856589102598,
                37.08452702725991
              ],
              [
                126.99840843149413,
                37.08457207527987
              ],
              [
                126.99800353494908,
                37.08478831968444
              ],
              [
                126.9979248048529,
                37.08483337063575
              ],
              [
                126.99758736763229,
                37.08542806064055
              ],
              [
                126.99753112190977,
                37.08562629211589
              ],
              [
                126.9974748572689,
                37.08595968380269
              ],
              [
                126.99746361523704,
                37.08609484330887
              ],
              [
                126.99739612573201,
                37.08622999972435
              ],
              [
                126.99715991701714,
                37.08656338388476
              ],
              [
                126.99700244452994,
                37.086770622777514
              ],
              [
                126.99696870125717,
                37.08680666456185
              ],
              [
                126.99660876859916,
                37.08716707499214
              ],
              [
                126.99648504373299,
                37.08722113316669
              ],
              [
                126.99591142133221,
                37.08741033112562
              ],
              [
                126.99566397592606,
                37.08747338435486
              ],
              [
                126.99340323768327,
                37.08777961291193
              ],
              [
                126.99228973517313,
                37.08790568773911
              ],
              [
                126.99174986067143,
                37.08792367611956
              ],
              [
                126.99169362229448,
                37.08792366145474
              ],
              [
                126.99137870141598,
                37.08789660407645
              ],
              [
                126.99111790058299,
                37.0878689907018
              ],
              [
                126.99078260671972,
                37.087788423516386
              ],
              [
                126.99072638625937,
                37.08775238578457
              ],
              [
                126.9906476519384,
                37.08769830556605
              ],
              [
                126.99061831081532,
                37.08767155014444
              ],
              [
                126.99056893092683,
                37.08762621304642
              ],
              [
                126.99051604727332,
                37.087535542873596
              ],
              [
                126.99049021875052,
                37.08749104594744
              ],
              [
                126.99049015793305,
                37.08749062158131
              ],
              [
                126.99047896141758,
                37.08713919765171
              ],
              [
                126.99051275135521,
                37.0868778918593
              ],
              [
                126.99081673006525,
                37.0860220659731
              ],
              [
                126.99087284801624,
                37.08590521247438
              ],
              [
                126.99109784476214,
                37.085499753430916
              ],
              [
                126.99114284438173,
                37.085418661878116
              ],
              [
                126.99131158751614,
                37.085121316813485
              ],
              [
                126.99177281297634,
                37.08433744103633
              ],
              [
                126.99218901004866,
                37.08381485719886
              ],
              [
                126.9922789975143,
                37.08370673809555
              ],
              [
                126.99233523832183,
                37.08365267751492
              ],
              [
                126.99250394096582,
                37.08353555293486
              ],
              [
                126.99280763689958,
                37.08333734115633
              ],
              [
                126.9946072679645,
                37.08153533433981
              ],
              [
                126.9950346696825,
                37.081093838066415
              ],
              [
                126.99509090598015,
                37.081030765642055
              ],
              [
                126.99531585666176,
                37.080742437141446
              ],
              [
                126.99550706409795,
                37.08049014069962
              ],
              [
                126.99568702320492,
                37.08023786101797
              ],
              [
                126.9957545199011,
                37.08012071752002
              ],
              [
                126.99613692018714,
                37.07939089199476
              ],
              [
                126.99615943044978,
                37.07930077712926
              ],
              [
                126.99626066421229,
                37.078850250739045
              ],
              [
                126.99627192828702,
                37.07876014425644
              ],
              [
                126.99627193548164,
                37.07865201708731
              ],
              [
                126.99626070049982,
                37.07848983443315
              ],
              [
                126.99619338476639,
                37.077906515599764
              ],
              [
                126.99591208287482,
                37.07757069490081
              ],
              [
                126.99582217939715,
                37.07752566707076
              ],
              [
                126.99539485462445,
                37.0773274120489
              ],
              [
                126.99486629316114,
                37.077309362421666
              ],
              [
                126.99482132063333,
                37.07730935970867
              ],
              [
                126.99481007400377,
                37.07730935907579
              ],
              [
                126.99477634797857,
                37.07730935742879
              ],
              [
                126.99350556247204,
                37.07731828846581
              ],
              [
                126.99279708364557,
                37.07736329233874
              ],
              [
                126.992538412653,
                37.07740832600104
              ],
              [
                126.9922460270857,
                37.07746235835715
              ],
              [
                126.99195361918817,
                37.07750739795244
              ],
              [
                126.99180740946892,
                37.077525407482334
              ],
              [
                126.99172871150485,
                37.07753441120834
              ],
              [
                126.99157124356346,
                37.07755241902003
              ],
              [
                126.99151502583572,
                37.07755241439281
              ],
              [
                126.99126761828666,
                37.077552393494706
              ],
              [
                126.99116641735006,
                37.077552384578325
              ],
              [
                126.99095274872063,
                37.07753434478246
              ],
              [
                126.99089985079408,
                37.07751828295498
              ],
              [
                126.99071658564026,
                37.077462239018864
              ],
              [
                126.99069409402833,
                37.07745321641026
              ],
              [
                126.99062661612489,
                37.07739915545226
              ],
              [
                126.99060099235267,
                37.077371832850034
              ],
              [
                126.9905928966182,
                37.077363101243975
              ],
              [
                126.99048045577855,
                37.07723695120256
              ],
              [
                126.99045796888845,
                37.07720992669185
              ],
              [
                126.99041581001423,
                37.077113435432345
              ],
              [
                126.99040172746292,
                37.076876082040094
              ],
              [
                126.9904129922549,
                37.076822020153905
              ],
              [
                126.99059743160879,
                37.07646705197485
              ],
              [
                126.99243753990378,
                37.07414604067323
              ],
              [
                126.99249376360896,
                37.074082970168654
              ],
              [
                126.99253874897009,
                37.074037920357384
              ],
              [
                126.99278618385632,
                37.07380365342639
              ],
              [
                126.99289863718448,
                37.073704543724155
              ],
              [
                126.99312355687923,
                37.07356940096816
              ],
              [
                126.99343844110062,
                37.073398221129224
              ],
              [
                126.99376455804915,
                37.07323605033324
              ],
              [
                126.99413567430676,
                37.07310091503309
              ],
              [
                126.99440556562638,
                37.073019835013945
              ],
              [
                126.99461922590919,
                37.07299281596278
              ],
              [
                126.99532769704915,
                37.07281264167158
              ],
              [
                126.99592368901725,
                37.07264146969195
              ],
              [
                126.99620481131265,
                37.072560386469995
              ],
              [
                126.996306021275,
                37.072506327134896
              ],
              [
                126.99685706133306,
                37.072163945208246
              ],
              [
                126.99699201276023,
                37.07198374698788
              ],
              [
                126.99701450517736,
                37.07194769656366
              ],
              [
                126.99714946030197,
                37.0716773821986
              ],
              [
                126.99723943073839,
                37.071479150902206
              ],
              [
                126.9972506825394,
                37.071371023613096
              ],
              [
                126.99727319544459,
                37.07096554506904
              ],
              [
                126.99727319818633,
                37.07092049204316
              ],
              [
                126.99727320049168,
                37.07086673843921
              ],
              [
                126.99727319998227,
                37.07086643714888
              ],
              [
                126.99717202277441,
                37.07060511546678
              ],
              [
                126.99710455167437,
                37.07045193195243
              ],
              [
                126.9970530777533,
                37.07036941924735
              ],
              [
                126.99703709011244,
                37.07034380147879
              ],
              [
                126.99687967475738,
                37.070136550699665
              ],
              [
                126.99658732564501,
                37.06992929440378
              ],
              [
                126.99620503297227,
                37.069685990239904
              ],
              [
                126.99586031675344,
                37.06954349794243
              ],
              [
                126.99585247946764,
                37.069551090749385
              ],
              [
                126.99483315156797,
                37.06992920779177
              ],
              [
                126.98635091725117,
                37.07117230558874
              ],
              [
                126.9847350349633,
                37.0716312239796
              ],
              [
                126.98304832095403,
                37.071513834378564
              ],
              [
                126.9824899193086,
                37.07146877494081
              ],
              [
                126.97895529273312,
                37.07108061597204
              ],
              [
                126.97644778353006,
                37.07078276259362
              ],
              [
                126.97560444912186,
                37.07070148512612
              ],
              [
                126.9748397536598,
                37.07087251798815
              ],
              [
                126.97418743487577,
                37.071169730111166
              ],
              [
                126.97392862525268,
                37.07169227882251
              ],
              [
                126.9737936422767,
                37.07178235204933
              ],
              [
                126.97348996783698,
                37.07194447403104
              ],
              [
                126.97124063884284,
                37.0727728999884
              ],
              [
                126.97013851538125,
                37.073042932757595
              ],
              [
                126.96962120835856,
                37.073114880933275
              ],
              [
                126.96935129835968,
                37.07315085099202
              ],
              [
                126.96913764302252,
                37.07316881410195
              ],
              [
                126.96899148076857,
                37.07308768775095
              ],
              [
                126.9682720916156,
                37.07239366841527
              ],
              [
                126.96729429818024,
                37.071221995988516
              ],
              [
                126.96722690954469,
                37.07111388532292
              ],
              [
                126.96722688851463,
                37.071113848916326
              ],
              [
                126.96662028404992,
                37.06973504371354
              ],
              [
                126.9663282609426,
                37.06914069172186
              ],
              [
                126.96465344531414,
                37.06784264973398
              ],
              [
                126.96392263611988,
                37.0676892399282
              ],
              [
                126.96285436619414,
                37.06779701528506
              ],
              [
                126.96148234861798,
                37.06818402680813
              ],
              [
                126.95753529604318,
                37.06864217317034
              ],
              [
                126.95717552282855,
                37.068533910978374
              ],
              [
                126.95604002941182,
                37.06820008786269
              ],
              [
                126.95596131622742,
                37.06820005642667
              ],
              [
                126.95345283661389,
                37.06824390117921
              ],
              [
                126.95257661825518,
                37.0682883793743
              ],
              [
                126.95185682132905,
                37.06852235696768
              ],
              [
                126.95120448549628,
                37.068756359514005
              ],
              [
                126.95109199163457,
                37.068828388143814
              ],
              [
                126.95088955980447,
                37.06889137649014
              ],
              [
                126.95065339553022,
                37.06891831538063
              ],
              [
                126.94945027785873,
                37.06884570890113
              ],
              [
                126.94939407353576,
                37.06883667368668
              ],
              [
                126.94904562661851,
                37.068773458232705
              ],
              [
                126.94838297388107,
                37.06759319262406
              ],
              [
                126.9475859119437,
                37.06579070277791
              ],
              [
                126.94737265957815,
                37.06523194395009
              ],
              [
                126.94731656654108,
                37.065069718891564
              ],
              [
                126.94723804525523,
                37.064808382574164
              ],
              [
                126.94714864690962,
                37.06410544142002
              ],
              [
                126.94803754158188,
                37.063114742878554
              ],
              [
                126.94791483612252,
                37.06174506690471
              ],
              [
                126.94504818635923,
                37.06114904295264
              ],
              [
                126.94394648325974,
                37.06095027037428
              ],
              [
                126.94034880817617,
                37.06069617272675
              ],
              [
                126.94002274442674,
                37.06070501401332
              ],
              [
                126.93442268850521,
                37.06168414169883
              ],
              [
                126.93218469353529,
                37.062304590887344
              ],
              [
                126.93157727369423,
                37.062583564337
              ],
              [
                126.93150977967761,
                37.0626195676074
              ],
              [
                126.93149849333773,
                37.06270943088508
              ],
              [
                126.93171162719491,
                37.06313316111515
              ],
              [
                126.93175637115357,
                37.06345770412116
              ],
              [
                126.93175628808955,
                37.063547811167616
              ],
              [
                126.93106886309228,
                37.06523239649492
              ],
              [
                126.9304005524573,
                37.06673734420264
              ],
              [
                126.92969508165204,
                37.067367096935385
              ],
              [
                126.92849124099519,
                37.06809622331389
              ],
              [
                126.92780537290267,
                37.06804173756896
              ],
              [
                126.92743438713676,
                37.06796942049108
              ],
              [
                126.92393877255543,
                37.06659756698833
              ],
              [
                126.92270247065608,
                37.066056114021336
              ],
              [
                126.92261539017711,
                37.06598622376492
              ],
              [
                126.92244407149593,
                37.06584868789203
              ],
              [
                126.92241045040126,
                37.065740546312334
              ],
              [
                126.92001617841547,
                37.06508115714757
              ],
              [
                126.91495572512102,
                37.065654245327956
              ],
              [
                126.91458449692023,
                37.0658071555364
              ],
              [
                126.91332407404803,
                37.06674333345116
              ],
              [
                126.9130313955362,
                37.06696794578042
              ],
              [
                126.91286247988198,
                37.067184073874195
              ],
              [
                126.91288455995787,
                37.067535506303145
              ],
              [
                126.91288416101278,
                37.06787791008159
              ],
              [
                126.91276026371627,
                37.06804902010003
              ],
              [
                126.9121526219316,
                37.06843602216848
              ],
              [
                126.9115113136156,
                37.068750908579666
              ],
              [
                126.91051041266272,
                37.06887628562385
              ],
              [
                126.91031922301347,
                37.06889416970093
              ],
              [
                126.9089697366659,
                37.069019274742075
              ],
              [
                126.90869022221197,
                37.06899867340056
              ],
              [
                126.90823885203233,
                37.069000688787696
              ],
              [
                126.90624830685869,
                37.06921535338234
              ],
              [
                126.90609082619405,
                37.06925127094811
              ],
              [
                126.9058208552277,
                37.0693321488814
              ],
              [
                126.90569709577055,
                37.069386112744226
              ],
              [
                126.90557332547709,
                37.06944909638948
              ],
              [
                126.90530279509261,
                37.069971484883766
              ],
              [
                126.90505332365217,
                37.07167473097026
              ],
              [
                126.9052546064338,
                37.07252145856602
              ],
              [
                126.90529838004224,
                37.073476621810066
              ],
              [
                126.90455630898755,
                37.073376982057226
              ],
              [
                126.90461618851484,
                37.073431886962645
              ],
              [
                126.90492820242072,
                37.07366658849673
              ],
              [
                126.90664404441455,
                37.074886139215586
              ],
              [
                126.91174043523785,
                37.078496908752136
              ],
              [
                126.91238118587583,
                37.078889587854896
              ],
              [
                126.9124157778248,
                37.07891040160647
              ],
              [
                126.91281695027543,
                37.079118074200565
              ],
              [
                126.9128800623792,
                37.07914867594308
              ],
              [
                126.91297135439113,
                37.07918065045662
              ],
              [
                126.91343274088452,
                37.07934106708228
              ],
              [
                126.91559498769078,
                37.079763954259626
              ],
              [
                126.91759617448669,
                37.0799761555978
              ],
              [
                126.91834606160702,
                37.07974656124464
              ],
              [
                126.91863091981187,
                37.07975093067286
              ],
              [
                126.91864780172568,
                37.07975135780202
              ],
              [
                126.91871195748648,
                37.07975335796181
              ],
              [
                126.92091288975644,
                37.080155017405154
              ],
              [
                126.92588321588244,
                37.08127683480044
              ],
              [
                126.92594486870466,
                37.08129823717178
              ],
              [
                126.92696341644114,
                37.08191162205563
              ],
              [
                126.92750075166543,
                37.08735979122076
              ],
              [
                126.92669656545011,
                37.0921753714458
              ],
              [
                126.92616879581502,
                37.09493886856962
              ],
              [
                126.9261503567225,
                37.094975593378365
              ],
              [
                126.92599425100101,
                37.09584780140799
              ],
              [
                126.92577654897899,
                37.09781382051466
              ],
              [
                126.92570233772905,
                37.09862717967708
              ],
              [
                126.92569513468332,
                37.09935469884122
              ],
              [
                126.92599527235187,
                37.09931836122889
              ],
              [
                126.92706292906593,
                37.09964204875213
              ],
              [
                126.92793075889313,
                37.09996132303987
              ],
              [
                126.9286190263492,
                37.10037023334234
              ],
              [
                126.93139766050993,
                37.102222352833635
              ],
              [
                126.93176596724638,
                37.102566602156266
              ],
              [
                126.93246860699954,
                37.104023819892554
              ],
              [
                126.93280231482909,
                37.10514824777261
              ],
              [
                126.93281969772876,
                37.105282659932286
              ],
              [
                126.93286283300618,
                37.10561691419812
              ],
              [
                126.93715519002447,
                37.10599207026797
              ],
              [
                126.93722045507836,
                37.10594699939115
              ],
              [
                126.93743637572882,
                37.105414481963656
              ],
              [
                126.93772795269169,
                37.104568311093914
              ],
              [
                126.94058301182693,
                37.10257229720977
              ],
              [
                126.94098181633537,
                37.10236277992057
              ],
              [
                126.94104371340663,
                37.10233026557496
              ],
              [
                126.94472914862156,
                37.10050463078104
              ],
              [
                126.94648056335473,
                37.09756866010773
              ],
              [
                126.95116567368257,
                37.09866983647124
              ],
              [
                126.95384280450494,
                37.09945209881364
              ],
              [
                126.95466981421221,
                37.10283004331726
              ],
              [
                126.95475657797653,
                37.10325823292803
              ],
              [
                126.95486293413144,
                37.10382116743843
              ],
              [
                126.95481482188288,
                37.10496349083832
              ],
              [
                126.95464168467706,
                37.10610776139198
              ],
              [
                126.95453031765662,
                37.10631450060634
              ],
              [
                126.95447425054611,
                37.10643604031532
              ],
              [
                126.95440179986043,
                37.10701728568445
              ],
              [
                126.95521365917847,
                37.10853032153216
              ],
              [
                126.95550198953154,
                37.108668222847164
              ],
              [
                126.95804681412325,
                37.10872813833362
              ],
              [
                126.95878065827353,
                37.108563529597326
              ],
              [
                126.9592474915292,
                37.10844801946662
              ],
              [
                126.95970671933628,
                37.10833178435608
              ],
              [
                126.96514221945638,
                37.10629343320433
              ],
              [
                126.97140227170955,
                37.10912657571171
              ],
              [
                126.97320648051273,
                37.111849478233665
              ],
              [
                126.97340658640245,
                37.11222261749231
              ],
              [
                126.9736100459357,
                37.112781502653604
              ],
              [
                126.97352149553613,
                37.11297532824909
              ],
              [
                126.97338176658444,
                37.11444693350626
              ],
              [
                126.97330940584389,
                37.116343472152224
              ],
              [
                126.97331678925009,
                37.11658080217367
              ],
              [
                126.9735396723813,
                37.116911336669084
              ],
              [
                126.97601275161627,
                37.11976038736526
              ],
              [
                126.97668065560005,
                37.119949072335196
              ],
              [
                126.97715169622288,
                37.120031909992754
              ],
              [
                126.97857199712169,
                37.12006472452345
              ],
              [
                126.97885525838792,
                37.120024043493466
              ],
              [
                126.97949175885628,
                37.1197520829039
              ],
              [
                126.98062322007095,
                37.11947065318246
              ],
              [
                126.9843192522565,
                37.11961895088066
              ],
              [
                126.98474845723915,
                37.119877222449325
              ],
              [
                126.98476975332477,
                37.11989702181196
              ],
              [
                126.98546605093208,
                37.12054468883688
              ],
              [
                126.98564441126584,
                37.12076431921311
              ],
              [
                126.9858772010347,
                37.1210237463469
              ],
              [
                126.98679156562196,
                37.12151409161766
              ],
              [
                126.99393837424222,
                37.122219634435965
              ],
              [
                126.99563391018653,
                37.12312239031929
              ],
              [
                126.996184871355,
                37.12330477985549
              ],
              [
                126.99669377373613,
                37.123395591955365
              ],
              [
                126.99689466564686,
                37.12341083845422
              ],
              [
                126.99704512382687,
                37.123415691834495
              ],
              [
                126.99731829453664,
                37.123394796451606
              ],
              [
                126.99800335609102,
                37.12333975612743
              ],
              [
                126.99835728557063,
                37.1232511544377
              ],
              [
                126.9987507820109,
                37.12315138259751
              ],
              [
                126.99885708283747,
                37.11977649295815
              ]
            ]
          ]
        ]
      },
      "properties": {
        "name": "양감면",
        "base_year": "2018",
        "name_eng": "Yanggam-myeon",
        "code": "3124042"
      }
    },
    {
      "type": "Feature",
      "geometry": {
        "type": "MultiPolygon",
        "coordinates": [
          [
            [
              [
                126.96886450149542,
                37.19829606887381
              ],
              [
                126.96900487387968,
                37.19826175071212
              ],
              [
                126.96904773986589,
                37.1982399649796
              ],
              [
                126.9691082924133,
                37.19818944401906
              ],
              [
                126.97055592927589,
                37.19675125572376
              ],
              [
                126.97108409507668,
                37.19608147691883
              ],
              [
                126.97119512522616,
                37.19586436153758
              ],
              [
                126.97120819169594,
                37.19560852965593
              ],
              [
                126.97123565127387,
                37.195553771035016
              ],
              [
                126.97136023473402,
                37.195444651657816
              ],
              [
                126.97143652233969,
                37.19540632196718
              ],
              [
                126.97275070192043,
                37.195222591323514
              ],
              [
                126.97285041870676,
                37.19524276316743
              ],
              [
                126.97295070831119,
                37.19527030546538
              ],
              [
                126.97312934268494,
                37.19533507971528
              ],
              [
                126.97508533957517,
                37.196865732474585
              ],
              [
                126.97515057663186,
                37.1969357486736
              ],
              [
                126.97522764080465,
                37.19709488128836
              ],
              [
                126.97529604256036,
                37.19723889285915
              ],
              [
                126.97537103735432,
                37.197298270541346
              ],
              [
                126.97591783312099,
                37.19767283670436
              ],
              [
                126.9759576670262,
                37.19769891187724
              ],
              [
                126.97611714974632,
                37.197793997695555
              ],
              [
                126.97637497734921,
                37.19784675567795
              ],
              [
                126.9780541852708,
                37.19810073559549
              ],
              [
                126.97859119892,
                37.19811144548057
              ],
              [
                126.98086421175402,
                37.19795497860397
              ],
              [
                126.9820361405652,
                37.196986814967985
              ],
              [
                126.98447087679692,
                37.19572775465739
              ],
              [
                126.98495964334283,
                37.19487225284855
              ],
              [
                126.98560073488633,
                37.19449252421817
              ],
              [
                126.98779199868662,
                37.194505131842256
              ],
              [
                126.99463201015348,
                37.19422738446091
              ],
              [
                126.9947156516065,
                37.19420996360704
              ],
              [
                126.99648952674912,
                37.192937801731404
              ],
              [
                126.99766577571003,
                37.191722344049595
              ],
              [
                127.00069194491114,
                37.190015299937855
              ],
              [
                127.0017066950918,
                37.19028617504174
              ],
              [
                127.00493897256428,
                37.18832397926083
              ],
              [
                127.00601887174565,
                37.18750797357468
              ],
              [
                127.00602841752728,
                37.18744644186032
              ],
              [
                127.00594949289702,
                37.186491335889215
              ],
              [
                127.00542037696368,
                37.18549877047475
              ],
              [
                127.00374230126384,
                37.1836516756414
              ],
              [
                127.00254294585076,
                37.18271909958763
              ],
              [
                127.0023370618474,
                37.18240711295471
              ],
              [
                127.0023177821395,
                37.182372331451404
              ],
              [
                127.00233465269845,
                37.182093299086816
              ],
              [
                127.00274005509192,
                37.181804960273205
              ],
              [
                127.00370288921515,
                37.181678798991
              ],
              [
                127.00426594902285,
                37.1816112088124
              ],
              [
                127.00468261376317,
                37.181570651083135
              ],
              [
                127.00492472669801,
                37.181507571183154
              ],
              [
                127.00507111255804,
                37.18129131523402
              ],
              [
                127.00507111163886,
                37.18128230477384
              ],
              [
                127.00505984226099,
                37.18110209544344
              ],
              [
                127.00505980341457,
                37.18110200604196
              ],
              [
                127.00491343221489,
                37.180768712528405
              ],
              [
                127.00475576609287,
                37.18050741290375
              ],
              [
                127.00463188846386,
                37.18036775398556
              ],
              [
                127.00454179534508,
                37.180268640849235
              ],
              [
                127.00251337667869,
                37.178337054129386
              ],
              [
                127.00244721894958,
                37.17829538104992
              ],
              [
                127.00232334996313,
                37.17821879294707
              ],
              [
                127.00209268444047,
                37.178090953618636
              ],
              [
                127.00201930906402,
                37.17805210111935
              ],
              [
                127.00072433427411,
                37.1774348813943
              ],
              [
                127.00038088611642,
                37.17738532115346
              ],
              [
                127.0001723853301,
                37.177377434284786
              ],
              [
                127.00001491624622,
                37.17738531706703
              ],
              [
                126.99972213977745,
                37.177461901532695
              ],
              [
                126.99965457526093,
                37.17748442724434
              ],
              [
                126.99935616510652,
                37.177588042730186
              ],
              [
                126.99924004418034,
                37.177636192838506
              ],
              [
                126.99921540620318,
                37.17764660812585
              ],
              [
                126.99901834233012,
                37.177732203754836
              ],
              [
                126.99895077644406,
                37.1777637386149
              ],
              [
                126.99890907698469,
                37.17781667495007
              ],
              [
                126.99879875105913,
                37.17795746053135
              ],
              [
                126.99877938678718,
                37.178137949262656
              ],
              [
                126.99877622066343,
                37.178214258853735
              ],
              [
                126.99893386142226,
                37.17847556634948
              ],
              [
                126.9992491561495,
                37.178727866106804
              ],
              [
                126.99972632591818,
                37.17900691996341
              ],
              [
                126.99982344985077,
                37.17906126383845
              ],
              [
                127.00009933702124,
                37.17922345625049
              ],
              [
                127.00041449859003,
                37.17965578209961
              ],
              [
                127.00039204825273,
                37.17996189243687
              ],
              [
                126.99982897393872,
                37.18057910380143
              ],
              [
                126.99947425824229,
                37.18070073977606
              ],
              [
                126.99923231492211,
                37.18064670849631
              ],
              [
                126.99923215744062,
                37.18064667267589
              ],
              [
                126.99731219380027,
                37.179488773049876
              ],
              [
                126.99717143797255,
                37.17939415824104
              ],
              [
                126.9971643658964,
                37.1793884998488
              ],
              [
                126.99710387514564,
                37.17934009271056
              ],
              [
                126.9967097700799,
                37.178930109395715
              ],
              [
                126.9951277724943,
                37.177150456272464
              ],
              [
                126.9950602345796,
                37.17697925280458
              ],
              [
                126.99497537566099,
                37.17657166814764
              ],
              [
                126.99497019521444,
                37.17654674471233
              ],
              [
                126.99492519200662,
                37.17601061890925
              ],
              [
                126.99491395185213,
                37.17565019853708
              ],
              [
                126.9949815468085,
                37.17526275106244
              ],
              [
                126.99514484734752,
                37.17494739299643
              ],
              [
                126.99527435162487,
                37.17481674763916
              ],
              [
                126.99752889617396,
                37.174167243257855
              ],
              [
                126.99901841104128,
                37.173771668611046
              ],
              [
                126.99984603198828,
                37.17349686345772
              ],
              [
                127.00143369659156,
                37.17278504602667
              ],
              [
                127.00163638601694,
                37.17264988890903
              ],
              [
                127.00164552876701,
                37.17255049401359
              ],
              [
                127.00170393314689,
                37.1721002486465
              ],
              [
                127.00194601658598,
                37.17170378625203
              ],
              [
                127.00329715961898,
                37.17046032553134
              ],
              [
                127.00585299131731,
                37.168842875366224
              ],
              [
                127.00987812115228,
                37.16808127260294
              ],
              [
                127.01066062073652,
                37.16794156109493
              ],
              [
                127.01219183692655,
                37.167684625057824
              ],
              [
                127.0132445456014,
                37.16753585227687
              ],
              [
                127.0155414061401,
                37.167508570896175
              ],
              [
                127.01747655185169,
                37.16768098514536
              ],
              [
                127.01961148777649,
                37.16709805004458
              ],
              [
                127.02039956628205,
                37.16682309800988
              ],
              [
                127.02144085545387,
                37.16621021299647
              ],
              [
                127.02290427410473,
                37.16534044430581
              ],
              [
                127.02378243660999,
                37.16525468290122
              ],
              [
                127.02469186839924,
                37.16527683445632
              ],
              [
                127.02470003746518,
                37.16527703394135
              ],
              [
                127.02527972154162,
                37.16481738341268
              ],
              [
                127.02650086940163,
                37.16352862901169
              ],
              [
                127.02657470412619,
                37.1634291469622
              ],
              [
                127.02661833431682,
                37.16337035283448
              ],
              [
                127.02991608622457,
                37.15884240461271
              ],
              [
                127.03002854455885,
                37.15852249654292
              ],
              [
                127.0305288460896,
                37.156765324221894
              ],
              [
                127.03058293647229,
                37.15640812546702
              ],
              [
                127.0306018029771,
                37.15628345574161
              ],
              [
                127.03060183469879,
                37.156283243134276
              ],
              [
                127.03059277590685,
                37.15626151209744
              ],
              [
                127.0305680332122,
                37.15620215714511
              ],
              [
                127.03055531019926,
                37.15619054881795
              ],
              [
                127.0289635867064,
                37.15546367693496
              ],
              [
                127.02780375719526,
                37.154189050956035
              ],
              [
                127.02771908422685,
                37.15368931466458
              ],
              [
                127.02779759614954,
                37.152860330041456
              ],
              [
                127.0280956745639,
                37.15219799015142
              ],
              [
                127.02811886827945,
                37.15214673269442
              ],
              [
                127.02848378290126,
                37.151454534445385
              ],
              [
                127.02874666689078,
                37.15131058524088
              ],
              [
                127.02876513422169,
                37.15129678594344
              ],
              [
                127.0292039841735,
                37.15085066360923
              ],
              [
                127.02976083058624,
                37.14988640577297
              ],
              [
                127.03128485668502,
                37.14674135904149
              ],
              [
                127.03104774019141,
                37.144898705569815
              ],
              [
                127.03163256444083,
                37.14218492667554
              ],
              [
                127.03215471711526,
                37.14072617566066
              ],
              [
                127.03376297097091,
                37.13768061627001
              ],
              [
                127.03399357141542,
                37.13739672045028
              ],
              [
                127.03570053070482,
                37.13648843310539
              ],
              [
                127.03537722621606,
                37.13589157234671
              ],
              [
                127.03533218783814,
                37.13584652340919
              ],
              [
                127.03526463363409,
                37.135783478688445
              ],
              [
                127.03520834545105,
                37.135747452021434
              ],
              [
                127.02752079083861,
                37.133613458589856
              ],
              [
                127.02461707142238,
                37.13313650067848
              ],
              [
                127.02121818119342,
                37.13205587526513
              ],
              [
                127.02110552731381,
                37.13200180409581
              ],
              [
                127.01919213488732,
                37.13104698617234
              ],
              [
                127.0190345480798,
                37.13094788451667
              ],
              [
                127.01832579930647,
                37.130452625455334
              ],
              [
                127.01833677541595,
                37.130443833488144
              ],
              [
                127.01837054357756,
                37.130425808089626
              ],
              [
                127.01837027765757,
                37.130425488809976
              ],
              [
                127.01834801961911,
                37.13039877961
              ],
              [
                127.01821295227015,
                37.13029067218132
              ],
              [
                127.01757144051047,
                37.1300294456369
              ],
              [
                127.01694120620314,
                37.129867348656504
              ],
              [
                127.01335113605971,
                37.129065400521846
              ],
              [
                127.00853464825032,
                37.12828228660842
              ],
              [
                127.00571004915942,
                37.12802111436314
              ],
              [
                127.0039994853018,
                37.1278945846227
              ],
              [
                127.00311048844674,
                37.12793966160185
              ],
              [
                127.0021314428175,
                37.127993724864005
              ],
              [
                127.0018838700943,
                37.128011756081925
              ],
              [
                127.00142248542966,
                37.12801174735082
              ],
              [
                127.00112205661894,
                37.12786917326365
              ],
              [
                126.99772027717837,
                37.12552477221999
              ],
              [
                126.9977056830119,
                37.125509282678934
              ],
              [
                126.99761901789203,
                37.12541664216756
              ],
              [
                126.99754024115778,
                37.12532653464827
              ],
              [
                126.99742773143782,
                37.12495710611682
              ],
              [
                126.99743900617044,
                37.124560641521555
              ],
              [
                126.99760450700305,
                37.12431328355412
              ],
              [
                126.99758931050333,
                37.12429476535468
              ],
              [
                126.99750127682607,
                37.124187489886644
              ],
              [
                126.99740911693044,
                37.12418264803236
              ],
              [
                126.99731618967303,
                37.12419341174697
              ],
              [
                126.99723749746987,
                37.124228460372905
              ],
              [
                126.99685706644208,
                37.12457892087583
              ],
              [
                126.99676910671451,
                37.12471734552848
              ],
              [
                126.99685392001079,
                37.12581616906312
              ],
              [
                126.99689936925282,
                37.12637460057759
              ],
              [
                126.99694344306265,
                37.126463293864624
              ],
              [
                126.99701733348019,
                37.126615304581115
              ],
              [
                126.99711743928319,
                37.12682574074075
              ],
              [
                126.99717969291216,
                37.127004883226476
              ],
              [
                126.99722861193007,
                37.127157000615924
              ],
              [
                126.99725290360914,
                37.12725367753583
              ],
              [
                126.99738459828724,
                37.12788757307066
              ],
              [
                126.99736933396355,
                37.12796536167508
              ],
              [
                126.99733406180175,
                37.12805071664223
              ],
              [
                126.99724306016323,
                37.12819274693298
              ],
              [
                126.99698681257719,
                37.128528200989756
              ],
              [
                126.99633449192987,
                37.129157598199114
              ],
              [
                126.99613339186695,
                37.12932769853339
              ],
              [
                126.99566067279373,
                37.12952463755868
              ],
              [
                126.99319251660593,
                37.12986060210208
              ],
              [
                126.9928541984014,
                37.12978379886291
              ],
              [
                126.9928580896425,
                37.1297007232101
              ],
              [
                126.99186084603664,
                37.12925691991437
              ],
              [
                126.99145347253433,
                37.129085031221
              ],
              [
                126.99043649970787,
                37.12914451490445
              ],
              [
                126.99025703788352,
                37.129159510886126
              ],
              [
                126.9879765908378,
                37.129674350775716
              ],
              [
                126.98750722750424,
                37.129807464249986
              ],
              [
                126.98746237687696,
                37.12983464446332
              ],
              [
                126.9870375859559,
                37.130148682131754
              ],
              [
                126.98345305563831,
                37.1335976108415
              ],
              [
                126.98226118371889,
                37.134813163443006
              ],
              [
                126.9822494270614,
                37.13484823111886
              ],
              [
                126.98200271737072,
                37.13564703951338
              ],
              [
                126.98203950324147,
                37.13589036521464
              ],
              [
                126.98220178828558,
                37.1365721830395
              ],
              [
                126.98242576403327,
                37.13737808790534
              ],
              [
                126.98254440554828,
                37.1378559341545
              ],
              [
                126.98253897125011,
                37.138249468662174
              ],
              [
                126.98253126843787,
                37.13872478374002
              ],
              [
                126.98218677580304,
                37.14147816793893
              ],
              [
                126.97799422284729,
                37.142985631108985
              ],
              [
                126.97409263315583,
                37.14337718667266
              ],
              [
                126.96936040317195,
                37.14453706588329
              ],
              [
                126.96712406821277,
                37.143740240471246
              ],
              [
                126.96613859560826,
                37.1435687854046
              ],
              [
                126.9654111061556,
                37.14355569015645
              ],
              [
                126.96518175086769,
                37.14355688198037
              ],
              [
                126.96462544348564,
                37.14355979162364
              ],
              [
                126.96328943413566,
                37.14361050236227
              ],
              [
                126.96290781653478,
                37.143656804489034
              ],
              [
                126.96273702669956,
                37.143696530824435
              ],
              [
                126.9608894802349,
                37.144041655156464
              ],
              [
                126.95966898154246,
                37.14385391630564
              ],
              [
                126.9594243315241,
                37.14352526079328
              ],
              [
                126.95836906148809,
                37.14257845977785
              ],
              [
                126.95780704646803,
                37.14270919532633
              ],
              [
                126.95676675448169,
                37.143044647753264
              ],
              [
                126.95540436258699,
                37.14349384145258
              ],
              [
                126.95301360574331,
                37.145420700484514
              ],
              [
                126.9528083869899,
                37.145652268237406
              ],
              [
                126.95266161547413,
                37.146133649035626
              ],
              [
                126.95257536035895,
                37.14650271227455
              ],
              [
                126.95242525972859,
                37.147827756734
              ],
              [
                126.95243498978951,
                37.14816875519953
              ],
              [
                126.95236072951046,
                37.1484349037948
              ],
              [
                126.94974239557511,
                37.14924904428028
              ],
              [
                126.94635706390342,
                37.1504627321356
              ],
              [
                126.9457901626235,
                37.150963477981456
              ],
              [
                126.94525206711586,
                37.15145572189414
              ],
              [
                126.94470701472119,
                37.15217995341623
              ],
              [
                126.94390834981544,
                37.15370785973887
              ],
              [
                126.94382291159853,
                37.15492066006237
              ],
              [
                126.94376221096745,
                37.15715856302506
              ],
              [
                126.94382993528744,
                37.158254400717944
              ],
              [
                126.94467307923225,
                37.16060973293829
              ],
              [
                126.94530433376198,
                37.162922733485516
              ],
              [
                126.94565409865695,
                37.16485113713988
              ],
              [
                126.94556025747576,
                37.16549222718485
              ],
              [
                126.94534032223412,
                37.16673018250354
              ],
              [
                126.94509613439028,
                37.167688117278466
              ],
              [
                126.94469766312223,
                37.1691444638011
              ],
              [
                126.9440649875365,
                37.17131655275268
              ],
              [
                126.94369914080544,
                37.171845796053546
              ],
              [
                126.94369892128707,
                37.17184621867024
              ],
              [
                126.94424605463611,
                37.17241355957392
              ],
              [
                126.94442887112069,
                37.1725501828251
              ],
              [
                126.94451622218135,
                37.17261318059864
              ],
              [
                126.94516119267853,
                37.173047930141436
              ],
              [
                126.94568521241777,
                37.17328780396186
              ],
              [
                126.95003216128366,
                37.1763338107798
              ],
              [
                126.95085102828948,
                37.178735069015985
              ],
              [
                126.94937754407408,
                37.18220660877836
              ],
              [
                126.94926245905688,
                37.18283543408391
              ],
              [
                126.94937275423572,
                37.18352229712276
              ],
              [
                126.94946348458652,
                37.18378958839131
              ],
              [
                126.94953513234108,
                37.184000653111454
              ],
              [
                126.94961977203994,
                37.184249974329965
              ],
              [
                126.94973816258631,
                37.18452035964792
              ],
              [
                126.95019969152997,
                37.185347026779006
              ],
              [
                126.95096142775184,
                37.186631967020276
              ],
              [
                126.95188718153703,
                37.189688144479156
              ],
              [
                126.95078287666904,
                37.19173038282956
              ],
              [
                126.95031748918005,
                37.1934650301305
              ],
              [
                126.95379926416511,
                37.196756722766075
              ],
              [
                126.95576515066757,
                37.197258786606625
              ],
              [
                126.95591741212264,
                37.19729046177329
              ],
              [
                126.95631408010142,
                37.19737297822198
              ],
              [
                126.95641872822858,
                37.19739438335985
              ],
              [
                126.95685638450904,
                37.1974339954657
              ],
              [
                126.95817502164617,
                37.197475112732846
              ],
              [
                126.95834112515955,
                37.1974756163992
              ],
              [
                126.95844154379222,
                37.19747193985623
              ],
              [
                126.9586135888596,
                37.197382320922294
              ],
              [
                126.95878711161144,
                37.19714816707087
              ],
              [
                126.95919327760213,
                37.1970644789166
              ],
              [
                126.95975428579051,
                37.19699303512086
              ],
              [
                126.96039732696586,
                37.19699995555217
              ],
              [
                126.96068294764086,
                37.19701563339998
              ],
              [
                126.96311706980832,
                37.197314233273744
              ],
              [
                126.96476914146506,
                37.19761831158959
              ],
              [
                126.96725400272076,
                37.19807387632134
              ],
              [
                126.96886450149542,
                37.19829606887381
              ]
            ]
          ]
        ]
      },
      "properties": {
        "name": "정남면",
        "base_year": "2018",
        "name_eng": "Jeongnam-myeon",
        "code": "3124043"
      }
    },
    {
      "type": "Feature",
      "geometry": {
        "type": "MultiPolygon",
        "coordinates": [
          [
            [
              [
                127.05186351626966,
                37.20365967148366
              ],
              [
                127.05264367159509,
                37.203204061412
              ],
              [
                127.05267829503157,
                37.20318384018995
              ],
              [
                127.05288286529527,
                37.2030292230214
              ],
              [
                127.05291449485034,
                37.20299460942972
              ],
              [
                127.05306936439476,
                37.20280487118886
              ],
              [
                127.05339332800925,
                37.20181700523421
              ],
              [
                127.05341364654613,
                37.201716620181195
              ],
              [
                127.05341408275576,
                37.20169670786223
              ],
              [
                127.05339871708756,
                37.20162760417474
              ],
              [
                127.05338201226358,
                37.20157598097371
              ],
              [
                127.05254824098812,
                37.200747472187736
              ],
              [
                127.05249560312866,
                37.200696946159056
              ],
              [
                127.05224495659368,
                37.20049522019135
              ],
              [
                127.05201315358751,
                37.20034268239252
              ],
              [
                127.05194137005866,
                37.20029802022804
              ],
              [
                127.0515117751809,
                37.199975720032825
              ],
              [
                127.05011727720141,
                37.198187635114195
              ],
              [
                127.050034638996,
                37.19789762218979
              ],
              [
                127.05003582176302,
                37.196930260258576
              ],
              [
                127.0502876356278,
                37.19669489504834
              ],
              [
                127.05061549702948,
                37.19648618901491
              ],
              [
                127.05005765767152,
                37.19599960123866
              ],
              [
                127.04956204028598,
                37.195972772122694
              ],
              [
                127.0489313003975,
                37.19598653289594
              ],
              [
                127.04658293512543,
                37.19604601729516
              ],
              [
                127.04647593451263,
                37.1960500047493
              ],
              [
                127.04636329400442,
                37.196055121639986
              ],
              [
                127.04625632156669,
                37.196086697904086
              ],
              [
                127.04520370977437,
                37.196520314466305
              ],
              [
                127.04251667909759,
                37.19764413034573
              ],
              [
                127.04385473456931,
                37.198208382837265
              ],
              [
                127.04402666661625,
                37.199280993663585
              ],
              [
                127.0434187381566,
                37.200562647298504
              ],
              [
                127.04345455771177,
                37.201658637264075
              ],
              [
                127.044333590453,
                37.2024711318001
              ],
              [
                127.04907878359525,
                37.205235545009685
              ],
              [
                127.05186351626966,
                37.20365967148366
              ]
            ]
          ],
          [
            [
              [
                127.04253032370659,
                37.24702405182873
              ],
              [
                127.04189014983349,
                37.24483849892978
              ],
              [
                127.04127567036063,
                37.24316452347395
              ],
              [
                127.03921763069285,
                37.23755285069258
              ],
              [
                127.03917279715435,
                37.23724235162476
              ],
              [
                127.03921649457645,
                37.23716272096326
              ],
              [
                127.04141738679542,
                37.23548719271675
              ],
              [
                127.04193295732253,
                37.23523270700048
              ],
              [
                127.04290002017113,
                37.23478403545167
              ],
              [
                127.04305970465063,
                37.23475018029349
              ],
              [
                127.04371199644675,
                37.234584384313536
              ],
              [
                127.04398326146882,
                37.23447983009829
              ],
              [
                127.04407040121002,
                37.23442995244437
              ],
              [
                127.04430961040057,
                37.23429274623841
              ],
              [
                127.04433215331075,
                37.234279771538574
              ],
              [
                127.04438354443158,
                37.234244279473245
              ],
              [
                127.04442789108693,
                37.23421300736718
              ],
              [
                127.0447640659573,
                37.233969325010754
              ],
              [
                127.0448466095368,
                37.233907627692815
              ],
              [
                127.04492968276787,
                37.233844803875385
              ],
              [
                127.04494622946727,
                37.23383213802468
              ],
              [
                127.04504232272781,
                37.23373568057903
              ],
              [
                127.0450424904339,
                37.23373551003879
              ],
              [
                127.04505284033854,
                37.233683986141884
              ],
              [
                127.04499415082776,
                37.23323255284453
              ],
              [
                127.04463283103091,
                37.23089197824927
              ],
              [
                127.04435399135885,
                37.229062056819295
              ],
              [
                127.04431221123447,
                37.22876681899647
              ],
              [
                127.04507768457952,
                37.22900191031807
              ],
              [
                127.04589692408958,
                37.22844483586163
              ],
              [
                127.04883384134985,
                37.22494241596562
              ],
              [
                127.05086382057735,
                37.22168714296512
              ],
              [
                127.05089947865817,
                37.22161393646945
              ],
              [
                127.05108737964494,
                37.221417881909865
              ],
              [
                127.0511557477639,
                37.221349609321805
              ],
              [
                127.0550307524366,
                37.21951313855202
              ],
              [
                127.05651250024044,
                37.21867406006773
              ],
              [
                127.05534821880192,
                37.217139227518665
              ],
              [
                127.05296637008333,
                37.21492672550331
              ],
              [
                127.0529270740039,
                37.21489688150049
              ],
              [
                127.05289059429634,
                37.21486135088907
              ],
              [
                127.05284867832684,
                37.214820155616685
              ],
              [
                127.05277849179912,
                37.21473891202286
              ],
              [
                127.05322217079505,
                37.21430135439716
              ],
              [
                127.05331525602894,
                37.214226166157594
              ],
              [
                127.05333759470047,
                37.21420812669968
              ],
              [
                127.05532588145266,
                37.212691650552145
              ],
              [
                127.05708896207655,
                37.21173681232649
              ],
              [
                127.05459327293775,
                37.21093719916007
              ],
              [
                127.05401587642412,
                37.21023851780077
              ],
              [
                127.05393620323515,
                37.21003482671515
              ],
              [
                127.05391983852348,
                37.209991674413615
              ],
              [
                127.05390775330666,
                37.20994752865621
              ],
              [
                127.05389904952054,
                37.209902930621645
              ],
              [
                127.05389248345246,
                37.20985815108475
              ],
              [
                127.05388986012628,
                37.209813101754484
              ],
              [
                127.05389197144211,
                37.20976822880343
              ],
              [
                127.05389599536353,
                37.20972335414655
              ],
              [
                127.05390283679513,
                37.20967883965219
              ],
              [
                127.05391204312637,
                37.20963441333732
              ],
              [
                127.05392429217612,
                37.20959043876651
              ],
              [
                127.0539389062307,
                37.20954709120357
              ],
              [
                127.05395498672577,
                37.209503924074106
              ],
              [
                127.0539741083829,
                37.209461386496905
              ],
              [
                127.05399559661545,
                37.20941965857615
              ],
              [
                127.05412520169985,
                37.20917001242876
              ],
              [
                127.05414916536205,
                37.209127561685214
              ],
              [
                127.05417560913799,
                37.209083849331165
              ],
              [
                127.05434968979354,
                37.20880706136567
              ],
              [
                127.05440044176943,
                37.208729098937
              ],
              [
                127.05443026648274,
                37.20868592570832
              ],
              [
                127.05445333418837,
                37.208653387135435
              ],
              [
                127.05447831657038,
                37.20861300983972
              ],
              [
                127.05449156460207,
                37.208547949441936
              ],
              [
                127.05452100946037,
                37.2082890651295
              ],
              [
                127.05387449528553,
                37.20818027732134
              ],
              [
                127.0532578341428,
                37.208233400343886
              ],
              [
                127.05188026420515,
                37.20874513582914
              ],
              [
                127.05143975636405,
                37.209147387516005
              ],
              [
                127.05104699427379,
                37.20992821496143
              ],
              [
                127.05101796858858,
                37.209987156003294
              ],
              [
                127.05099728063429,
                37.21004834596689
              ],
              [
                127.050986282008,
                37.2101109734159
              ],
              [
                127.05097933728428,
                37.21017413896946
              ],
              [
                127.05097633569129,
                37.21023739356349
              ],
              [
                127.05098325130314,
                37.21030064411105
              ],
              [
                127.05099737109235,
                37.21036308040288
              ],
              [
                127.05101419882344,
                37.21042272143189
              ],
              [
                127.05104014505314,
                37.21048028797064
              ],
              [
                127.05107566865559,
                37.210534425533744
              ],
              [
                127.05134189402473,
                37.210876476440255
              ],
              [
                127.05140232780901,
                37.210882144459
              ],
              [
                127.05147610700759,
                37.210921029317014
              ],
              [
                127.05178140037876,
                37.21125198842714
              ],
              [
                127.05194069571628,
                37.2114567013126
              ],
              [
                127.05270230221899,
                37.2124602220375
              ],
              [
                127.05325769664721,
                37.21340372906864
              ],
              [
                127.0533308785278,
                37.21371049271247
              ],
              [
                127.05333783494657,
                37.21378787030699
              ],
              [
                127.05309935482033,
                37.21391750820343
              ],
              [
                127.05277403136553,
                37.21409135279897
              ],
              [
                127.05267168415293,
                37.214115680810245
              ],
              [
                127.05252762439629,
                37.21412854598879
              ],
              [
                127.05248446127743,
                37.214126109595334
              ],
              [
                127.05239937645567,
                37.21412130981634
              ],
              [
                127.05230440986858,
                37.214115955343374
              ],
              [
                127.05219131725651,
                37.214125518982186
              ],
              [
                127.0519311073046,
                37.21417976396457
              ],
              [
                127.05103173119517,
                37.21450709227738
              ],
              [
                127.04942031657416,
                37.21563168025678
              ],
              [
                127.04555178126644,
                37.218355553612696
              ],
              [
                127.04687383130754,
                37.21651888459591
              ],
              [
                127.0432249076346,
                37.214736415038566
              ],
              [
                127.04200649298704,
                37.21414118526841
              ],
              [
                127.04186539351956,
                37.214072203219146
              ],
              [
                127.04218247084009,
                37.21366045357724
              ],
              [
                127.04347359230788,
                37.21198374908401
              ],
              [
                127.04289976564127,
                37.211665580066914
              ],
              [
                127.04284601285173,
                37.21163955811009
              ],
              [
                127.04277153125761,
                37.211609702756824
              ],
              [
                127.04273266024865,
                37.21159646994761
              ],
              [
                127.04267328178014,
                37.21158009278486
              ],
              [
                127.04261254936168,
                37.21156713944583
              ],
              [
                127.04257846767054,
                37.211561932993014
              ],
              [
                127.04248827850469,
                37.211552101910854
              ],
              [
                127.0423951116083,
                37.211549791525165
              ],
              [
                127.04194786799869,
                37.211557605108155
              ],
              [
                127.03951865469901,
                37.21111629719402
              ],
              [
                127.03940564866362,
                37.211094685883545
              ],
              [
                127.03936340258879,
                37.211085054927814
              ],
              [
                127.03928768565135,
                37.21106408397192
              ],
              [
                127.03921365483069,
                37.211039775449635
              ],
              [
                127.03914142701906,
                37.21101213527394
              ],
              [
                127.03910615972065,
                37.21099709952401
              ],
              [
                127.03900024028788,
                37.21095054990527
              ],
              [
                127.03895088953948,
                37.21092834031538
              ],
              [
                127.03890423496381,
                37.21083179316191
              ],
              [
                127.03749059250002,
                37.20961486122413
              ],
              [
                127.03407153566015,
                37.206625587611036
              ],
              [
                127.03411634768193,
                37.20638925919553
              ],
              [
                127.03416810821317,
                37.206096793272344
              ],
              [
                127.03442229193504,
                37.20452889218238
              ],
              [
                127.03421061437327,
                37.204439846902446
              ],
              [
                127.0328366113691,
                37.20509342543364
              ],
              [
                127.03219828215751,
                37.20606061103913
              ],
              [
                127.031898809292,
                37.20651815771383
              ],
              [
                127.03162342568429,
                37.20694365634227
              ],
              [
                127.0316231642704,
                37.20694406113817
              ],
              [
                127.03106159733477,
                37.206744112861124
              ],
              [
                127.0291871770826,
                37.206076387216626
              ],
              [
                127.02793896292197,
                37.205629780803335
              ],
              [
                127.02444170596245,
                37.20458719926983
              ],
              [
                127.02428838691262,
                37.20579193834737
              ],
              [
                127.0239866189067,
                37.20616733111317
              ],
              [
                127.0236286872663,
                37.206578752905614
              ],
              [
                127.02358509609401,
                37.2066287329961
              ],
              [
                127.02257223755434,
                37.20746767978318
              ],
              [
                127.0220316314167,
                37.20782692238467
              ],
              [
                127.02601867849378,
                37.21013209719379
              ],
              [
                127.02874801378336,
                37.21110954978811
              ],
              [
                127.02881028307083,
                37.211133176532385
              ],
              [
                127.02858569072178,
                37.211460193384006
              ],
              [
                127.02709548851499,
                37.2130862277612
              ],
              [
                127.02709519167287,
                37.21308650606356
              ],
              [
                127.02671694494504,
                37.21344029158882
              ],
              [
                127.02640778231435,
                37.21371152644535
              ],
              [
                127.0262097247708,
                37.2138796933578
              ],
              [
                127.02574659337594,
                37.21428532932295
              ],
              [
                127.02557952003264,
                37.214432640048145
              ],
              [
                127.02531106784294,
                37.21467443466705
              ],
              [
                127.02369141724003,
                37.21614900770149
              ],
              [
                127.02352686328643,
                37.216310630610465
              ],
              [
                127.0234207808589,
                37.216429011785216
              ],
              [
                127.02329920958807,
                37.21656957782392
              ],
              [
                127.02344504407627,
                37.21668531672533
              ],
              [
                127.02427663508105,
                37.217257772197506
              ],
              [
                127.02515054714351,
                37.217912667470856
              ],
              [
                127.02534152830427,
                37.21806294158775
              ],
              [
                127.02535949335979,
                37.2180846342288
              ],
              [
                127.0254628821907,
                37.21821044418169
              ],
              [
                127.02563440348504,
                37.21855618408245
              ],
              [
                127.02563587031014,
                37.2185592384584
              ],
              [
                127.02624010092981,
                37.220100307538395
              ],
              [
                127.02610938817797,
                37.22039469582761
              ],
              [
                127.02351505942558,
                37.22535688914639
              ],
              [
                127.02327685963812,
                37.225887166896
              ],
              [
                127.02310174953291,
                37.22621504766179
              ],
              [
                127.0231015281288,
                37.22621546324965
              ],
              [
                127.02328961847368,
                37.23074597188213
              ],
              [
                127.02380225005898,
                37.23082345822082
              ],
              [
                127.02490501712973,
                37.23098515402828
              ],
              [
                127.02510857316292,
                37.231012424842575
              ],
              [
                127.02521086483242,
                37.231012404194516
              ],
              [
                127.02566229250064,
                37.23096134943878
              ],
              [
                127.02574099751804,
                37.23094893534805
              ],
              [
                127.02608993938664,
                37.230873969069606
              ],
              [
                127.02990951334412,
                37.23207078613615
              ],
              [
                127.03012397545217,
                37.23301682683212
              ],
              [
                127.03044531979161,
                37.2334942997384
              ],
              [
                127.03463304786565,
                37.236493663636544
              ],
              [
                127.03667977301133,
                37.23888942244529
              ],
              [
                127.03647132375444,
                37.2389795883251
              ],
              [
                127.03626851902177,
                37.239565738234646
              ],
              [
                127.0362962135637,
                37.239674701111966
              ],
              [
                127.0364999664989,
                37.24046670861348
              ],
              [
                127.03657329653781,
                37.24062887429611
              ],
              [
                127.04011131130245,
                37.24454687501245
              ],
              [
                127.04022809480207,
                37.24425050354734
              ],
              [
                127.04025918297349,
                37.24375925771926
              ],
              [
                127.04026322555876,
                37.24373391886841
              ],
              [
                127.04027288716567,
                37.24369308873549
              ],
              [
                127.040280474249,
                37.243675961065414
              ],
              [
                127.04037244790133,
                37.24356563174286
              ],
              [
                127.04039516551718,
                37.24358055518575
              ],
              [
                127.04056041690895,
                37.24369453640346
              ],
              [
                127.04071091849866,
                37.24393128829349
              ],
              [
                127.04088358147607,
                37.24426809106332
              ],
              [
                127.04040963134672,
                37.2456732100186
              ],
              [
                127.04034806200195,
                37.245713641933676
              ],
              [
                127.04027219155591,
                37.245789975384504
              ],
              [
                127.04002262818479,
                37.24608767891324
              ],
              [
                127.04002240799326,
                37.246088094519884
              ],
              [
                127.04001224644094,
                37.24653890520604
              ],
              [
                127.0402290654715,
                37.24693781348129
              ],
              [
                127.04067157626484,
                37.247434796537185
              ],
              [
                127.04110089268664,
                37.24744943206945
              ],
              [
                127.04253032370659,
                37.24702405182873
              ]
            ]
          ]
        ]
      },
      "properties": {
        "name": "진안동",
        "base_year": "2018",
        "name_eng": "Jinandong",
        "code": "3124052"
      }
    },
    {
      "type": "Feature",
      "geometry": {
        "type": "MultiPolygon",
        "coordinates": [
          [
            [
              [
                127.03982600092525,
                37.209650409240936
              ],
              [
                127.04065398476835,
                37.20857999486547
              ],
              [
                127.04281491490654,
                37.20572540947597
              ],
              [
                127.04282047337153,
                37.20571767705265
              ],
              [
                127.04369152931984,
                37.20450587726633
              ],
              [
                127.04392259680253,
                37.20418439887294
              ],
              [
                127.04451994438858,
                37.20326658253555
              ],
              [
                127.04448788747945,
                37.203129718949086
              ],
              [
                127.044333590453,
                37.2024711318001
              ],
              [
                127.04345455771177,
                37.201658637264075
              ],
              [
                127.0434187381566,
                37.200562647298504
              ],
              [
                127.04402666661625,
                37.199280993663585
              ],
              [
                127.04385473456931,
                37.198208382837265
              ],
              [
                127.04251667909759,
                37.19764413034573
              ],
              [
                127.04219983416573,
                37.19750969288963
              ],
              [
                127.04207083799044,
                37.19747651750007
              ],
              [
                127.04193090974915,
                37.19745544523252
              ],
              [
                127.04167060030214,
                37.197439197476356
              ],
              [
                127.04147473944384,
                37.19748487454717
              ],
              [
                127.03754003713382,
                37.19930230997535
              ],
              [
                127.03744435861996,
                37.199437495968624
              ],
              [
                127.03705596378597,
                37.19988363075008
              ],
              [
                127.036993839436,
                37.19990139081243
              ],
              [
                127.03692644476426,
                37.19991971074527
              ],
              [
                127.03680255582721,
                37.19995128485714
              ],
              [
                127.03515793240052,
                37.20013901811646
              ],
              [
                127.0277126924825,
                37.20055241445489
              ],
              [
                127.0272282983378,
                37.20043537571036
              ],
              [
                127.02685655110697,
                37.20033221068999
              ],
              [
                127.0260135859331,
                37.200197378268925
              ],
              [
                127.02279131420725,
                37.20050385264572
              ],
              [
                127.02245351213217,
                37.201214989916885
              ],
              [
                127.02248915862684,
                37.202015958638434
              ],
              [
                127.02285963710698,
                37.20424378832834
              ],
              [
                127.02298805806561,
                37.20465817240226
              ],
              [
                127.02308711157518,
                37.20478748248056
              ],
              [
                127.0233213398778,
                37.20502597217228
              ],
              [
                127.02403547639807,
                37.205675681522784
              ],
              [
                127.02409637446762,
                37.20570622418606
              ],
              [
                127.02424050457168,
                37.20577313398406
              ],
              [
                127.02426000500738,
                37.20578103266666
              ],
              [
                127.02428838691262,
                37.20579193834737
              ],
              [
                127.02444170596245,
                37.20458719926983
              ],
              [
                127.02793896292197,
                37.205629780803335
              ],
              [
                127.0291871770826,
                37.206076387216626
              ],
              [
                127.03106159733477,
                37.206744112861124
              ],
              [
                127.0316231642704,
                37.20694406113817
              ],
              [
                127.03162342568429,
                37.20694365634227
              ],
              [
                127.031898809292,
                37.20651815771383
              ],
              [
                127.03219828215751,
                37.20606061103913
              ],
              [
                127.0328366113691,
                37.20509342543364
              ],
              [
                127.03421061437327,
                37.204439846902446
              ],
              [
                127.03442229193504,
                37.20452889218238
              ],
              [
                127.03416810821317,
                37.206096793272344
              ],
              [
                127.03411634768193,
                37.20638925919553
              ],
              [
                127.03407153566015,
                37.206625587611036
              ],
              [
                127.03749059250002,
                37.20961486122413
              ],
              [
                127.03890423496381,
                37.21083179316191
              ],
              [
                127.03982600092525,
                37.209650409240936
              ]
            ]
          ]
        ]
      },
      "properties": {
        "name": "병점1동",
        "base_year": "2018",
        "name_eng": "Byeongjeom1-dong",
        "code": "3124053"
      }
    },
    {
      "type": "Feature",
      "geometry": {
        "type": "MultiPolygon",
        "coordinates": [
          [
            [
              [
                127.04555178126644,
                37.218355553612696
              ],
              [
                127.04942031657416,
                37.21563168025678
              ],
              [
                127.05103173119517,
                37.21450709227738
              ],
              [
                127.0519311073046,
                37.21417976396457
              ],
              [
                127.05219131725651,
                37.214125518982186
              ],
              [
                127.05230440986858,
                37.214115955343374
              ],
              [
                127.05239937645567,
                37.21412130981634
              ],
              [
                127.05248446127743,
                37.214126109595334
              ],
              [
                127.05252762439629,
                37.21412854598879
              ],
              [
                127.05267168415293,
                37.214115680810245
              ],
              [
                127.05277403136553,
                37.21409135279897
              ],
              [
                127.05309935482033,
                37.21391750820343
              ],
              [
                127.05333783494657,
                37.21378787030699
              ],
              [
                127.0533308785278,
                37.21371049271247
              ],
              [
                127.05325769664721,
                37.21340372906864
              ],
              [
                127.05270230221899,
                37.2124602220375
              ],
              [
                127.05194069571628,
                37.2114567013126
              ],
              [
                127.05178140037876,
                37.21125198842714
              ],
              [
                127.05147610700759,
                37.210921029317014
              ],
              [
                127.05140232780901,
                37.210882144459
              ],
              [
                127.05134189402473,
                37.210876476440255
              ],
              [
                127.05096802867347,
                37.21131747734433
              ],
              [
                127.05034748955758,
                37.21145045824316
              ],
              [
                127.04950987077,
                37.210533627698084
              ],
              [
                127.04938169215079,
                37.21039149543389
              ],
              [
                127.0492785264071,
                37.21025394719555
              ],
              [
                127.0491155766224,
                37.20999433222622
              ],
              [
                127.04902928604865,
                37.2098183941271
              ],
              [
                127.04897761129483,
                37.20969226771769
              ],
              [
                127.04894577742648,
                37.209590552926564
              ],
              [
                127.04887453925491,
                37.20933859176399
              ],
              [
                127.04881457121427,
                37.2089250049488
              ],
              [
                127.04879146837015,
                37.208730388651354
              ],
              [
                127.04878422341416,
                37.208666539877555
              ],
              [
                127.04873146417611,
                37.20788130105011
              ],
              [
                127.04871832268805,
                37.20758170911736
              ],
              [
                127.04875426668976,
                37.207053142073164
              ],
              [
                127.04881607554958,
                37.206636296135876
              ],
              [
                127.04907878359525,
                37.205235545009685
              ],
              [
                127.044333590453,
                37.2024711318001
              ],
              [
                127.04448788747945,
                37.203129718949086
              ],
              [
                127.04451994438858,
                37.20326658253555
              ],
              [
                127.04392259680253,
                37.20418439887294
              ],
              [
                127.04369152931984,
                37.20450587726633
              ],
              [
                127.04282047337153,
                37.20571767705265
              ],
              [
                127.04281491490654,
                37.20572540947597
              ],
              [
                127.04065398476835,
                37.20857999486547
              ],
              [
                127.03982600092525,
                37.209650409240936
              ],
              [
                127.03890423496381,
                37.21083179316191
              ],
              [
                127.03895088953948,
                37.21092834031538
              ],
              [
                127.03900024028788,
                37.21095054990527
              ],
              [
                127.03910615972065,
                37.21099709952401
              ],
              [
                127.03914142701906,
                37.21101213527394
              ],
              [
                127.03921365483069,
                37.211039775449635
              ],
              [
                127.03928768565135,
                37.21106408397192
              ],
              [
                127.03936340258879,
                37.211085054927814
              ],
              [
                127.03940564866362,
                37.211094685883545
              ],
              [
                127.03951865469901,
                37.21111629719402
              ],
              [
                127.04194786799869,
                37.211557605108155
              ],
              [
                127.0423951116083,
                37.211549791525165
              ],
              [
                127.04248827850469,
                37.211552101910854
              ],
              [
                127.04257846767054,
                37.211561932993014
              ],
              [
                127.04261254936168,
                37.21156713944583
              ],
              [
                127.04267328178014,
                37.21158009278486
              ],
              [
                127.04273266024865,
                37.21159646994761
              ],
              [
                127.04277153125761,
                37.211609702756824
              ],
              [
                127.04284601285173,
                37.21163955811009
              ],
              [
                127.04289976564127,
                37.211665580066914
              ],
              [
                127.04347359230788,
                37.21198374908401
              ],
              [
                127.04218247084009,
                37.21366045357724
              ],
              [
                127.04186539351956,
                37.214072203219146
              ],
              [
                127.04200649298704,
                37.21414118526841
              ],
              [
                127.0432249076346,
                37.214736415038566
              ],
              [
                127.04687383130754,
                37.21651888459591
              ],
              [
                127.04555178126644,
                37.218355553612696
              ]
            ]
          ]
        ]
      },
      "properties": {
        "name": "병점2동",
        "base_year": "2018",
        "name_eng": "Byeongjeom2-dong",
        "code": "3124054"
      }
    },
    {
      "type": "Feature",
      "geometry": {
        "type": "MultiPolygon",
        "coordinates": [
          [
            [
              [
                127.066468630111,
                37.240087735679005
              ],
              [
                127.0669170545229,
                37.24018519529667
              ],
              [
                127.06744966898341,
                37.239705095130304
              ],
              [
                127.0679252073395,
                37.236795609285224
              ],
              [
                127.06939346371848,
                37.23210472533446
              ],
              [
                127.06945953287334,
                37.23175439907609
              ],
              [
                127.06947910889548,
                37.23162193548218
              ],
              [
                127.06945643261042,
                37.231297831904044
              ],
              [
                127.06940378180497,
                37.23109259612792
              ],
              [
                127.06937166757432,
                37.23101855817912
              ],
              [
                127.06926604926929,
                37.23084488968409
              ],
              [
                127.06912905301712,
                37.23063772806055
              ],
              [
                127.06889633157,
                37.2303159610587
              ],
              [
                127.06887887047363,
                37.230300955633794
              ],
              [
                127.06885872303671,
                37.23017074699323
              ],
              [
                127.06887277956754,
                37.22988677031115
              ],
              [
                127.06888632683045,
                37.22986508324208
              ],
              [
                127.06890649147506,
                37.229842966854235
              ],
              [
                127.06973065794485,
                37.2289905910872
              ],
              [
                127.07056507395238,
                37.22888944106527
              ],
              [
                127.07062125856983,
                37.22890236444952
              ],
              [
                127.07154431952128,
                37.2290358526365
              ],
              [
                127.07200601900531,
                37.229100336184075
              ],
              [
                127.07259270186184,
                37.229123917265355
              ],
              [
                127.07261452640492,
                37.22912165148068
              ],
              [
                127.07264745581388,
                37.229113188968
              ],
              [
                127.07457498143788,
                37.22814987543853
              ],
              [
                127.07494025675224,
                37.22772784555945
              ],
              [
                127.07592086634038,
                37.22558105167752
              ],
              [
                127.0734422769623,
                37.22610452400902
              ],
              [
                127.07331861843102,
                37.226170284731715
              ],
              [
                127.0730689254148,
                37.22617286973307
              ],
              [
                127.0710819637741,
                37.22484318273426
              ],
              [
                127.07077179639207,
                37.224629187601344
              ],
              [
                127.06847980035703,
                37.223046564135814
              ],
              [
                127.06842163130932,
                37.22275682364413
              ],
              [
                127.06839870516005,
                37.22244255278618
              ],
              [
                127.06861350421471,
                37.22249261859192
              ],
              [
                127.07065866941187,
                37.2141371624312
              ],
              [
                127.07049136904578,
                37.2131478261797
              ],
              [
                127.06412191372404,
                37.212142377020406
              ],
              [
                127.06401283134296,
                37.21259751426707
              ],
              [
                127.06364528702073,
                37.21413069553923
              ],
              [
                127.06291717013082,
                37.21716776005405
              ],
              [
                127.0615182981664,
                37.22027022350618
              ],
              [
                127.06143204862613,
                37.22033838550433
              ],
              [
                127.06112284175516,
                37.2205730830441
              ],
              [
                127.06017360388324,
                37.22129042219629
              ],
              [
                127.05651250024044,
                37.21867406006773
              ],
              [
                127.0550307524366,
                37.21951313855202
              ],
              [
                127.0511557477639,
                37.221349609321805
              ],
              [
                127.05108737964494,
                37.221417881909865
              ],
              [
                127.05089947865817,
                37.22161393646945
              ],
              [
                127.05086382057735,
                37.22168714296512
              ],
              [
                127.04883384134985,
                37.22494241596562
              ],
              [
                127.04589692408958,
                37.22844483586163
              ],
              [
                127.04507768457952,
                37.22900191031807
              ],
              [
                127.04431221123447,
                37.22876681899647
              ],
              [
                127.04435399135885,
                37.229062056819295
              ],
              [
                127.04463283103091,
                37.23089197824927
              ],
              [
                127.04499415082776,
                37.23323255284453
              ],
              [
                127.04589960134392,
                37.23278234197425
              ],
              [
                127.04593058674598,
                37.23277641058501
              ],
              [
                127.04594677917625,
                37.23277331416295
              ],
              [
                127.0462530087491,
                37.2328106547191
              ],
              [
                127.04670396843153,
                37.232872430231254
              ],
              [
                127.04691493296126,
                37.23292922347941
              ],
              [
                127.0480318268886,
                37.233264994586044
              ],
              [
                127.04890614943189,
                37.2337165735422
              ],
              [
                127.04945376427328,
                37.23401876931441
              ],
              [
                127.04953460834204,
                37.23405336339606
              ],
              [
                127.04958039221906,
                37.234067986976164
              ],
              [
                127.04966263448547,
                37.23408625292455
              ],
              [
                127.05115188046825,
                37.234307528723456
              ],
              [
                127.05127268463012,
                37.234324083720054
              ],
              [
                127.05142852176557,
                37.23433697550114
              ],
              [
                127.05143098955986,
                37.23433697403177
              ],
              [
                127.05146179859162,
                37.23433668148923
              ],
              [
                127.05152817716476,
                37.23432511192206
              ],
              [
                127.05163449761166,
                37.234286763325116
              ],
              [
                127.05194837131572,
                37.23416301632821
              ],
              [
                127.05243949924153,
                37.23396177542299
              ],
              [
                127.05313128462682,
                37.23367804731078
              ],
              [
                127.05335391580384,
                37.23358053722458
              ],
              [
                127.05343436243041,
                37.233544740433175
              ],
              [
                127.05348944776797,
                37.23351571122819
              ],
              [
                127.05352288234084,
                37.23348133980432
              ],
              [
                127.05353854430247,
                37.233463600706955
              ],
              [
                127.05357143563356,
                37.23342613902462
              ],
              [
                127.05357165453424,
                37.23342572340301
              ],
              [
                127.05358607143428,
                37.23339811828968
              ],
              [
                127.05360417418518,
                37.23333982177789
              ],
              [
                127.05362154654634,
                37.233267731089335
              ],
              [
                127.05377622265003,
                37.232351990317994
              ],
              [
                127.05377532854797,
                37.232330014418594
              ],
              [
                127.0537628067011,
                37.23231003457508
              ],
              [
                127.05373214614686,
                37.23226442807984
              ],
              [
                127.05369497041215,
                37.23223151217476
              ],
              [
                127.05365604330795,
                37.23220674101906
              ],
              [
                127.05353449817582,
                37.232140631187164
              ],
              [
                127.05340028259258,
                37.23206832770375
              ],
              [
                127.05318803219494,
                37.2319481862292
              ],
              [
                127.0530275718922,
                37.23185701615071
              ],
              [
                127.05273535137286,
                37.23168904568843
              ],
              [
                127.05256308708394,
                37.23158887859385
              ],
              [
                127.0525093476698,
                37.231541039250445
              ],
              [
                127.05248503449549,
                37.23151458592923
              ],
              [
                127.05246686761404,
                37.23147742556072
              ],
              [
                127.05245461684595,
                37.23143359825503
              ],
              [
                127.05245408900245,
                37.231385769764984
              ],
              [
                127.05265562551656,
                37.2312806491181
              ],
              [
                127.05269665087282,
                37.23127641425661
              ],
              [
                127.05438233059114,
                37.23199762269516
              ],
              [
                127.05596015314075,
                37.23276363865158
              ],
              [
                127.05761317258317,
                37.23374415386552
              ],
              [
                127.05813618240165,
                37.234067720565875
              ],
              [
                127.05831622553099,
                37.2341842103797
              ],
              [
                127.05943578584785,
                37.23517509090452
              ],
              [
                127.05958825947643,
                37.23538281415946
              ],
              [
                127.05984739381958,
                37.235761969806696
              ],
              [
                127.0598987311117,
                37.23588611660183
              ],
              [
                127.05998926613502,
                37.23614456255029
              ],
              [
                127.06002107739782,
                37.236303075613975
              ],
              [
                127.06225073419112,
                37.23816005694513
              ],
              [
                127.06247433876118,
                37.23834578197593
              ],
              [
                127.06331812021067,
                37.23895270792374
              ],
              [
                127.06514673526343,
                37.24012674737091
              ],
              [
                127.06559072654957,
                37.24018169650984
              ],
              [
                127.06575255020938,
                37.2401934304259
              ],
              [
                127.06594310036041,
                37.24020374334968
              ],
              [
                127.06625105677603,
                37.240170632982135
              ],
              [
                127.066468630111,
                37.240087735679005
              ]
            ]
          ]
        ]
      },
      "properties": {
        "name": "반월동",
        "base_year": "2018",
        "name_eng": "Banwol-dong",
        "code": "3124055"
      }
    },
    {
      "type": "Feature",
      "geometry": {
        "type": "MultiPolygon",
        "coordinates": [
          [
            [
              [
                126.98742615902981,
                37.23336634678736
              ],
              [
                126.98734176427638,
                37.23373560137674
              ],
              [
                126.98733613202322,
                37.23385248285312
              ],
              [
                126.98734736654886,
                37.233969619424855
              ],
              [
                126.98738116003291,
                37.23404170624703
              ],
              [
                126.98741056359688,
                37.234087328856795
              ],
              [
                126.98746002343906,
                37.234149840313286
              ],
              [
                126.98751636348179,
                37.23418588764666
              ],
              [
                126.98767411990836,
                37.2342399780321
              ],
              [
                126.98795461800009,
                37.23416960398468
              ],
              [
                126.98827140740578,
                37.234077858917196
              ],
              [
                126.98953345029958,
                37.23355540566116
              ],
              [
                126.98958984108154,
                37.23305122113001
              ],
              [
                126.98957877677257,
                37.23275415565592
              ],
              [
                126.98938145059743,
                37.2324655229389
              ],
              [
                126.98934202049833,
                37.232402446169246
              ],
              [
                126.98927354853318,
                37.232268976574325
              ],
              [
                126.98925189790567,
                37.232222237664786
              ],
              [
                126.98921247233616,
                37.232132120735386
              ],
              [
                126.98922375057907,
                37.23207355507809
              ],
              [
                126.98925194351766,
                37.231947412454126
              ],
              [
                126.98929140378553,
                37.23181677356157
              ],
              [
                126.9892916320512,
                37.23181635810009
              ],
              [
                126.98929725398666,
                37.231811844706584
              ],
              [
                126.98938741584405,
                37.23173977190078
              ],
              [
                126.98946629337453,
                37.2316857161982
              ],
              [
                126.9912806493577,
                37.231041643524165
              ],
              [
                126.99159617899642,
                37.23096959582354
              ],
              [
                126.99333156585554,
                37.23062281946941
              ],
              [
                126.99384430240309,
                37.23053275023606
              ],
              [
                126.99526417369204,
                37.230059787146786
              ],
              [
                126.9967291229305,
                37.229388580846354
              ],
              [
                126.99700341318848,
                37.22925396840426
              ],
              [
                126.99765883529624,
                37.22771717550459
              ],
              [
                126.9982065825326,
                37.22649164246405
              ],
              [
                126.99876648853493,
                37.22575110904341
              ],
              [
                127.00089256948857,
                37.22643367823363
              ],
              [
                127.00111792662832,
                37.226519269105815
              ],
              [
                127.00336029760345,
                37.2288844945798
              ],
              [
                127.00337157177601,
                37.22911425976376
              ],
              [
                127.0032928008257,
                37.22936622916223
              ],
              [
                127.0028325458275,
                37.23000144648416
              ],
              [
                127.00332672906666,
                37.23019509436393
              ],
              [
                127.0035295855934,
                37.230141037264254
              ],
              [
                127.00358028125306,
                37.23011849307399
              ],
              [
                127.00564797208862,
                37.228856991613384
              ],
              [
                127.00728156449632,
                37.22755534437176
              ],
              [
                127.00844212504789,
                37.227019154166555
              ],
              [
                127.00862239579261,
                37.22696507207998
              ],
              [
                127.01071830299023,
                37.22655487442242
              ],
              [
                127.00940141604259,
                37.22658412147816
              ],
              [
                127.0085353438915,
                37.22626157765528
              ],
              [
                127.00840189371978,
                37.22618697026247
              ],
              [
                127.00835902368051,
                37.22601033266183
              ],
              [
                127.00835901330315,
                37.225896801201806
              ],
              [
                127.00908377527695,
                37.22480932679042
              ],
              [
                127.00398713342334,
                37.22409735085496
              ],
              [
                127.00381424957287,
                37.22394234873013
              ],
              [
                127.00329397157793,
                37.22347096933049
              ],
              [
                127.00293810191383,
                37.222912229247335
              ],
              [
                127.00322961304927,
                37.21953321117416
              ],
              [
                127.00241506826295,
                37.21810180591449
              ],
              [
                127.00090912916606,
                37.218740647279354
              ],
              [
                126.999517455845,
                37.218850824771394
              ],
              [
                126.99829911547185,
                37.21882168408951
              ],
              [
                126.99695969678402,
                37.21831852566096
              ],
              [
                126.99327140889234,
                37.2165725894211
              ],
              [
                126.99101933748449,
                37.21642131603457
              ],
              [
                126.98467135098694,
                37.214389223676314
              ],
              [
                126.98300071215135,
                37.21383794128334
              ],
              [
                126.98233965390803,
                37.21348324108762
              ],
              [
                126.98180741797009,
                37.213180971108045
              ],
              [
                126.98135692044286,
                37.21366872852227
              ],
              [
                126.98050210454683,
                37.214721980630486
              ],
              [
                126.97897483497952,
                37.21661990696178
              ],
              [
                126.97888932512595,
                37.216740482477476
              ],
              [
                126.97861379554598,
                37.21740021792973
              ],
              [
                126.97859326647158,
                37.21751584358317
              ],
              [
                126.97864589179868,
                37.21758696509752
              ],
              [
                126.9786258201954,
                37.21873434231069
              ],
              [
                126.97834688183178,
                37.22085955840477
              ],
              [
                126.97774336468504,
                37.221675610657634
              ],
              [
                126.97687333004473,
                37.22207601794881
              ],
              [
                126.97678798956439,
                37.22211323096889
              ],
              [
                126.97649099776623,
                37.22218348625054
              ],
              [
                126.97639391045355,
                37.222205577687674
              ],
              [
                126.97636709262306,
                37.22220740961633
              ],
              [
                126.9762710966766,
                37.22220742517763
              ],
              [
                126.97616698828955,
                37.2222042046285
              ],
              [
                126.97611024777274,
                37.2221675010622
              ],
              [
                126.9760675669939,
                37.222129738371166
              ],
              [
                126.97606779110599,
                37.22212932117335
              ],
              [
                126.97602336354014,
                37.22209392660043
              ],
              [
                126.97584699171286,
                37.22201132637428
              ],
              [
                126.97540990094525,
                37.221920523991
              ],
              [
                126.97528685375238,
                37.2219154322967
              ],
              [
                126.9752212867357,
                37.22192090536595
              ],
              [
                126.97502270082556,
                37.22195572253147
              ],
              [
                126.97418155550172,
                37.22238786797751
              ],
              [
                126.97304394682499,
                37.2233535569928
              ],
              [
                126.97285074973118,
                37.22357821118226
              ],
              [
                126.972266851478,
                37.22446560288464
              ],
              [
                126.97213219478841,
                37.22469583131845
              ],
              [
                126.97200996594877,
                37.22501029971132
              ],
              [
                126.97197060270676,
                37.225137823558896
              ],
              [
                126.97190428116514,
                37.225569045273346
              ],
              [
                126.97188686711804,
                37.22578268751281
              ],
              [
                126.97188214794234,
                37.225891270532856
              ],
              [
                126.97188945918607,
                37.226012317510786
              ],
              [
                126.97189774288847,
                37.22620875636913
              ],
              [
                126.97187652083194,
                37.226568040232024
              ],
              [
                126.97183310018491,
                37.22675075107996
              ],
              [
                126.9716485980317,
                37.22738492171
              ],
              [
                126.97157265694321,
                37.22762552474957
              ],
              [
                126.97154035161518,
                37.22771120440729
              ],
              [
                126.97147794327203,
                37.227869023825235
              ],
              [
                126.97144382600055,
                37.22794328025585
              ],
              [
                126.97112107736905,
                37.228525620576704
              ],
              [
                126.97068598735763,
                37.229198243315416
              ],
              [
                126.97047632607674,
                37.229359729399256
              ],
              [
                126.97134147969899,
                37.22903834959455
              ],
              [
                126.97142810936718,
                37.2290130356132
              ],
              [
                126.97167956002056,
                37.22895734250098
              ],
              [
                126.97289662109392,
                37.22872787750351
              ],
              [
                126.97771349070926,
                37.22968404512473
              ],
              [
                126.97895280863473,
                37.230364573566945
              ],
              [
                126.97905978575724,
                37.230616885699774
              ],
              [
                126.98070454640876,
                37.23223004647489
              ],
              [
                126.98106506641446,
                37.23252745283394
              ],
              [
                126.98232724260315,
                37.23224383550547
              ],
              [
                126.98509945499195,
                37.23178922770047
              ],
              [
                126.98662599841154,
                37.23364557173498
              ],
              [
                126.98742615902981,
                37.23336634678736
              ]
            ]
          ]
        ]
      },
      "properties": {
        "name": "기배동",
        "base_year": "2018",
        "name_eng": "Gibaedong",
        "code": "3124056"
      }
    },
    {
      "type": "Feature",
      "geometry": {
        "type": "MultiPolygon",
        "coordinates": [
          [
            [
              [
                126.98213614325303,
                37.20477515596575
              ],
              [
                126.98076724220532,
                37.20640851575092
              ],
              [
                126.97988929450273,
                37.20776018606795
              ],
              [
                126.97927082827235,
                37.20941439584939
              ],
              [
                126.9791668639322,
                37.20986701487298
              ],
              [
                126.97966853033151,
                37.212419466217874
              ],
              [
                126.97968499202875,
                37.212490895186505
              ],
              [
                126.97971609954918,
                37.21256321979247
              ],
              [
                126.98005865690115,
                37.21292514000746
              ],
              [
                126.98180741797009,
                37.213180971108045
              ],
              [
                126.98233965390803,
                37.21348324108762
              ],
              [
                126.98300071215135,
                37.21383794128334
              ],
              [
                126.98467135098694,
                37.214389223676314
              ],
              [
                126.99101933748449,
                37.21642131603457
              ],
              [
                126.99327140889234,
                37.2165725894211
              ],
              [
                126.99695969678402,
                37.21831852566096
              ],
              [
                126.99829911547185,
                37.21882168408951
              ],
              [
                126.999517455845,
                37.218850824771394
              ],
              [
                127.00090912916606,
                37.218740647279354
              ],
              [
                127.00241506826295,
                37.21810180591449
              ],
              [
                127.00322961304927,
                37.21953321117416
              ],
              [
                127.00293810191383,
                37.222912229247335
              ],
              [
                127.00329397157793,
                37.22347096933049
              ],
              [
                127.00381424957287,
                37.22394234873013
              ],
              [
                127.00398713342334,
                37.22409735085496
              ],
              [
                127.00908377527695,
                37.22480932679042
              ],
              [
                127.00835901330315,
                37.225896801201806
              ],
              [
                127.00835902368051,
                37.22601033266183
              ],
              [
                127.00840189371978,
                37.22618697026247
              ],
              [
                127.0085353438915,
                37.22626157765528
              ],
              [
                127.00940141604259,
                37.22658412147816
              ],
              [
                127.01071830299023,
                37.22655487442242
              ],
              [
                127.0107706501679,
                37.22651441236929
              ],
              [
                127.0109322640053,
                37.22641978974863
              ],
              [
                127.01117240066993,
                37.2263792245428
              ],
              [
                127.01138297163463,
                37.226361465237936
              ],
              [
                127.01256523136556,
                37.226433453313845
              ],
              [
                127.01298603006954,
                37.22650436123368
              ],
              [
                127.01357409853763,
                37.226685069576995
              ],
              [
                127.01370210286585,
                37.226703654040776
              ],
              [
                127.01390685703583,
                37.22671263382011
              ],
              [
                127.01404629327257,
                37.22670332881514
              ],
              [
                127.0207190784162,
                37.22552179151109
              ],
              [
                127.02118063398277,
                37.22528181426379
              ],
              [
                127.0211808553946,
                37.225281398679485
              ],
              [
                127.02147650874713,
                37.22472389328758
              ],
              [
                127.02147856211946,
                37.22472002012726
              ],
              [
                127.02172641864023,
                37.22460284234535
              ],
              [
                127.0218711257957,
                37.22454424966697
              ],
              [
                127.0220644677923,
                37.22463882649115
              ],
              [
                127.02256030893774,
                37.224909050141854
              ],
              [
                127.02270491327704,
                37.22509176489919
              ],
              [
                127.02327685963812,
                37.225887166896
              ],
              [
                127.02351505942558,
                37.22535688914639
              ],
              [
                127.02610938817797,
                37.22039469582761
              ],
              [
                127.02624010092981,
                37.220100307538395
              ],
              [
                127.02563587031014,
                37.2185592384584
              ],
              [
                127.02563440348504,
                37.21855618408245
              ],
              [
                127.0254628821907,
                37.21821044418169
              ],
              [
                127.02535949335979,
                37.2180846342288
              ],
              [
                127.02534152830427,
                37.21806294158775
              ],
              [
                127.02515054714351,
                37.217912667470856
              ],
              [
                127.02427663508105,
                37.217257772197506
              ],
              [
                127.02344504407627,
                37.21668531672533
              ],
              [
                127.02329920958807,
                37.21656957782392
              ],
              [
                127.0234207808589,
                37.216429011785216
              ],
              [
                127.02352686328643,
                37.216310630610465
              ],
              [
                127.02369141724003,
                37.21614900770149
              ],
              [
                127.02531106784294,
                37.21467443466705
              ],
              [
                127.02557952003264,
                37.214432640048145
              ],
              [
                127.02574659337594,
                37.21428532932295
              ],
              [
                127.0262097247708,
                37.2138796933578
              ],
              [
                127.02640778231435,
                37.21371152644535
              ],
              [
                127.02671694494504,
                37.21344029158882
              ],
              [
                127.02709519167287,
                37.21308650606356
              ],
              [
                127.02709548851499,
                37.2130862277612
              ],
              [
                127.02858569072178,
                37.211460193384006
              ],
              [
                127.02881028307083,
                37.211133176532385
              ],
              [
                127.02874801378336,
                37.21110954978811
              ],
              [
                127.02601867849378,
                37.21013209719379
              ],
              [
                127.0220316314167,
                37.20782692238467
              ],
              [
                127.02257223755434,
                37.20746767978318
              ],
              [
                127.02358509609401,
                37.2066287329961
              ],
              [
                127.0236286872663,
                37.206578752905614
              ],
              [
                127.0239866189067,
                37.20616733111317
              ],
              [
                127.02428838691262,
                37.20579193834737
              ],
              [
                127.02426000500738,
                37.20578103266666
              ],
              [
                127.02424050457168,
                37.20577313398406
              ],
              [
                127.02409637446762,
                37.20570622418606
              ],
              [
                127.02403547639807,
                37.205675681522784
              ],
              [
                127.0233213398778,
                37.20502597217228
              ],
              [
                127.02308711157518,
                37.20478748248056
              ],
              [
                127.02298805806561,
                37.20465817240226
              ],
              [
                127.02285963710698,
                37.20424378832834
              ],
              [
                127.02248915862684,
                37.202015958638434
              ],
              [
                127.02245351213217,
                37.201214989916885
              ],
              [
                127.02279131420725,
                37.20050385264572
              ],
              [
                127.0260135859331,
                37.200197378268925
              ],
              [
                127.02685655110697,
                37.20033221068999
              ],
              [
                127.02729572948381,
                37.19998484837628
              ],
              [
                127.02736323049245,
                37.19971001451046
              ],
              [
                127.02712662213595,
                37.19951184547388
              ],
              [
                127.02509866615462,
                37.19804805895501
              ],
              [
                127.02505923636367,
                37.19802554068982
              ],
              [
                127.01955078935237,
                37.1959270728286
              ],
              [
                127.01934240581748,
                37.1958730402987
              ],
              [
                127.01671801708127,
                37.19544583486592
              ],
              [
                127.01421187127453,
                37.19505417541629
              ],
              [
                127.01409924139902,
                37.195072208625334
              ],
              [
                127.0138739764521,
                37.1950722321607
              ],
              [
                127.01349101843154,
                37.195018208444665
              ],
              [
                127.00952052741917,
                37.193657539920835
              ],
              [
                127.00832097584582,
                37.19321610222489
              ],
              [
                127.00829282794462,
                37.19320258870233
              ],
              [
                127.00803938976995,
                37.193076455777906
              ],
              [
                127.00796055536799,
                37.19301789237874
              ],
              [
                127.00789296197614,
                37.19296383337116
              ],
              [
                127.00781411318057,
                37.19285572129152
              ],
              [
                127.00780285885261,
                37.19282417637466
              ],
              [
                127.00779159190513,
                37.19278813456575
              ],
              [
                127.00778037518947,
                37.19274332502366
              ],
              [
                127.00778036611992,
                37.192635382349415
              ],
              [
                127.00778035044166,
                37.19244616314078
              ],
              [
                127.00779160882044,
                37.19239209881385
              ],
              [
                127.00780286823785,
                37.19234704663357
              ],
              [
                127.0078479078992,
                37.19221188731925
              ],
              [
                127.00846163329905,
                37.1911486184589
              ],
              [
                127.0085573537738,
                37.1910224668702
              ],
              [
                127.00909219178811,
                37.18964833784978
              ],
              [
                127.00986344937999,
                37.18766147830133
              ],
              [
                127.00982957482114,
                37.18740876254547
              ],
              [
                127.00978452619667,
                37.187300639326054
              ],
              [
                127.00960993044389,
                37.187093411380665
              ],
              [
                127.00879335053705,
                37.1861293438122
              ],
              [
                127.00859624229115,
                37.18598969379752
              ],
              [
                127.00851177260627,
                37.18593113061614
              ],
              [
                127.00834283725801,
                37.185836530321204
              ],
              [
                127.00741373823769,
                37.18590415938278
              ],
              [
                127.00728985869712,
                37.18591318481129
              ],
              [
                127.00722228805924,
                37.1859311991827
              ],
              [
                127.00594949289702,
                37.186491335889215
              ],
              [
                127.00602841752728,
                37.18744644186032
              ],
              [
                127.00601887174565,
                37.18750797357468
              ],
              [
                127.00493897256428,
                37.18832397926083
              ],
              [
                127.0017066950918,
                37.19028617504174
              ],
              [
                127.00069194491114,
                37.190015299937855
              ],
              [
                126.99766577571003,
                37.191722344049595
              ],
              [
                126.99648952674912,
                37.192937801731404
              ],
              [
                126.9947156516065,
                37.19420996360704
              ],
              [
                126.99463201015348,
                37.19422738446091
              ],
              [
                126.98779199868662,
                37.194505131842256
              ],
              [
                126.98560073488633,
                37.19449252421817
              ],
              [
                126.98495964334283,
                37.19487225284855
              ],
              [
                126.98447087679692,
                37.19572775465739
              ],
              [
                126.98394640686334,
                37.19622824516062
              ],
              [
                126.98387498050663,
                37.19659164278543
              ],
              [
                126.9837547052586,
                37.197280537441856
              ],
              [
                126.98373007183868,
                37.19742239335817
              ],
              [
                126.98372992526801,
                37.19742371808544
              ],
              [
                126.98372219153804,
                37.19750602762913
              ],
              [
                126.98371891628926,
                37.19754089760512
              ],
              [
                126.98417518669807,
                37.1982657036524
              ],
              [
                126.98420508482423,
                37.19829531538118
              ],
              [
                126.98487133132043,
                37.19958122062005
              ],
              [
                126.98539583740751,
                37.20089000743814
              ],
              [
                126.98514356276624,
                37.202380272262765
              ],
              [
                126.98213614325303,
                37.20477515596575
              ]
            ]
          ]
        ]
      },
      "properties": {
        "name": "화산동",
        "base_year": "2018",
        "name_eng": "Hwasan-dong",
        "code": "3124057"
      }
    },
    {
      "type": "Feature",
      "geometry": {
        "type": "MultiPolygon",
        "coordinates": [
          [
            [
              [
                127.08298812622985,
                37.200079924527046
              ],
              [
                127.08324831092597,
                37.19933674383598
              ],
              [
                127.08336608838019,
                37.19877612290649
              ],
              [
                127.08338585275901,
                37.19840749202247
              ],
              [
                127.08332799551184,
                37.19809820353661
              ],
              [
                127.08327618659953,
                37.19782125710969
              ],
              [
                127.0832183072695,
                37.19762703118718
              ],
              [
                127.08296222919004,
                37.197050358460025
              ],
              [
                127.08262131068211,
                37.19606452446985
              ],
              [
                127.08253131423874,
                37.195461824355036
              ],
              [
                127.08235983166719,
                37.19428072503035
              ],
              [
                127.08233212701987,
                37.1940828911443
              ],
              [
                127.08220719643788,
                37.19302342004726
              ],
              [
                127.08218575005591,
                37.19283180803457
              ],
              [
                127.08213857110525,
                37.19229244694783
              ],
              [
                127.08239454571427,
                37.19170589881508
              ],
              [
                127.08275290348381,
                37.19097965540982
              ],
              [
                127.08283975403467,
                37.19080575705785
              ],
              [
                127.08297405624812,
                37.19060283809835
              ],
              [
                127.0832929064706,
                37.189993728753066
              ],
              [
                127.08342364839783,
                37.18963484059462
              ],
              [
                127.08350986543482,
                37.1893972478159
              ],
              [
                127.08355494636587,
                37.18912440595837
              ],
              [
                127.08355876163998,
                37.18897662276079
              ],
              [
                127.08356325890176,
                37.18868945727812
              ],
              [
                127.08354278769336,
                37.188338719670746
              ],
              [
                127.08327565496563,
                37.18622376961528
              ],
              [
                127.08323525726362,
                37.18590857636372
              ],
              [
                127.08319212446285,
                37.18558599453319
              ],
              [
                127.08309667775545,
                37.18492364647311
              ],
              [
                127.08300048786126,
                37.184270129453424
              ],
              [
                127.08299208438817,
                37.184247167085346
              ],
              [
                127.08277954379226,
                37.184237590394574
              ],
              [
                127.08257572589315,
                37.18424331667676
              ],
              [
                127.08080303750795,
                37.184436364924274
              ],
              [
                127.08007086355235,
                37.18455794390692
              ],
              [
                127.07996255374583,
                37.18459559851202
              ],
              [
                127.07991391570225,
                37.18461730144966
              ],
              [
                127.07984358389203,
                37.18464868608591
              ],
              [
                127.07971720222395,
                37.184715326062054
              ],
              [
                127.07968330659283,
                37.184738728070364
              ],
              [
                127.07940554733794,
                37.18497437917684
              ],
              [
                127.07935943683047,
                37.18501460578062
              ],
              [
                127.07933536163192,
                37.18507053020367
              ],
              [
                127.07920003384018,
                37.185230501205766
              ],
              [
                127.0786418783559,
                37.18565093361112
              ],
              [
                127.07853764214539,
                37.18569938763622
              ],
              [
                127.07522422959262,
                37.186903942567106
              ],
              [
                127.07514789567377,
                37.18692723707753
              ],
              [
                127.07493711316611,
                37.186971518993715
              ],
              [
                127.07424123590809,
                37.187092237430406
              ],
              [
                127.07348534053952,
                37.18710657514512
              ],
              [
                127.07333768348275,
                37.18709432069864
              ],
              [
                127.07322582130058,
                37.187062671420634
              ],
              [
                127.07320260363332,
                37.18704277214191
              ],
              [
                127.07311377920219,
                37.18672052159343
              ],
              [
                127.07118540153348,
                37.184032566436215
              ],
              [
                127.06878088574383,
                37.18389361507747
              ],
              [
                127.0687719336354,
                37.18389362936938
              ],
              [
                127.06860456380112,
                37.1838939945221
              ],
              [
                127.0664288818607,
                37.184192839936664
              ],
              [
                127.06641369754468,
                37.18420187687246
              ],
              [
                127.06619603036715,
                37.18433149491551
              ],
              [
                127.0660799491682,
                37.184415472271915
              ],
              [
                127.06578486585047,
                37.18483349356839
              ],
              [
                127.0655353878955,
                37.18528978383465
              ],
              [
                127.06518923725423,
                37.186403222638326
              ],
              [
                127.06669991299624,
                37.18834482323877
              ],
              [
                127.06685490613314,
                37.19117036543527
              ],
              [
                127.06644779595199,
                37.19148736049625
              ],
              [
                127.06587237978052,
                37.19193920453218
              ],
              [
                127.0658168075274,
                37.19198383865669
              ],
              [
                127.06571585734491,
                37.19207371929251
              ],
              [
                127.06565624657287,
                37.19213175146743
              ],
              [
                127.06562062796415,
                37.192244131752695
              ],
              [
                127.06541846552594,
                37.19311852543381
              ],
              [
                127.06541832175914,
                37.193161892474365
              ],
              [
                127.06571174616447,
                37.19428268918715
              ],
              [
                127.06570629361268,
                37.19635566452833
              ],
              [
                127.064974988072,
                37.19774910854788
              ],
              [
                127.06560304334182,
                37.19789229378821
              ],
              [
                127.06805676580119,
                37.19845164783525
              ],
              [
                127.07421811774464,
                37.19980909144636
              ],
              [
                127.07460210869708,
                37.19989252230145
              ],
              [
                127.07537631675815,
                37.20003181958118
              ],
              [
                127.0757108525759,
                37.20009151763978
              ],
              [
                127.08026842851685,
                37.20068639259824
              ],
              [
                127.0806649789961,
                37.200680257590726
              ],
              [
                127.08249625121701,
                37.20059072053367
              ],
              [
                127.08297248816027,
                37.20055175357639
              ],
              [
                127.08298418468672,
                37.20054998300583
              ],
              [
                127.08298812622985,
                37.200079924527046
              ]
            ]
          ]
        ]
      },
      "properties": {
        "name": "동탄2동",
        "base_year": "2018",
        "name_eng": "Dongtan2-dong",
        "code": "3124060"
      }
    },
    {
      "type": "Feature",
      "geometry": {
        "type": "MultiPolygon",
        "coordinates": [
          [
            [
              [
                127.0734422769623,
                37.22610452400902
              ],
              [
                127.07592086634038,
                37.22558105167752
              ],
              [
                127.07605133055927,
                37.225513412469354
              ],
              [
                127.07614317827469,
                37.225460418775526
              ],
              [
                127.07627987783037,
                37.225356712157215
              ],
              [
                127.07641445281132,
                37.22524765517036
              ],
              [
                127.0769236327553,
                37.22474162343549
              ],
              [
                127.07710443229105,
                37.22454806386368
              ],
              [
                127.07820117507121,
                37.22324544908232
              ],
              [
                127.07812344607703,
                37.22316065315031
              ],
              [
                127.07807834264804,
                37.22312746059566
              ],
              [
                127.07840864506106,
                37.222626600721135
              ],
              [
                127.07958859896318,
                37.221780681304125
              ],
              [
                127.08215892113748,
                37.21995294510733
              ],
              [
                127.08219052576398,
                37.21993239734299
              ],
              [
                127.0822959669949,
                37.21986387321001
              ],
              [
                127.08232095317989,
                37.21984921437153
              ],
              [
                127.08652788319142,
                37.21747005161662
              ],
              [
                127.086912470679,
                37.217263093589864
              ],
              [
                127.08823399110345,
                37.21660197883246
              ],
              [
                127.08778331971845,
                37.21494956865044
              ],
              [
                127.08769653803671,
                37.21476349447352
              ],
              [
                127.086883847572,
                37.21371886338099
              ],
              [
                127.08571698049113,
                37.212286410373345
              ],
              [
                127.085252169884,
                37.211719875543785
              ],
              [
                127.08493267533709,
                37.21134244717393
              ],
              [
                127.08461848849927,
                37.21096240083291
              ],
              [
                127.0844338819893,
                37.21046176772392
              ],
              [
                127.0843502038823,
                37.21020500111667
              ],
              [
                127.0842898347543,
                37.210012761260984
              ],
              [
                127.08425616860269,
                37.209822223198266
              ],
              [
                127.08435337552048,
                37.209385545351715
              ],
              [
                127.08458905912406,
                37.20886354116908
              ],
              [
                127.0847978070077,
                37.20846661112317
              ],
              [
                127.084908413477,
                37.20826566278624
              ],
              [
                127.08510679363006,
                37.20792857794559
              ],
              [
                127.08551805142697,
                37.207249251408655
              ],
              [
                127.08556100539337,
                37.207168253613034
              ],
              [
                127.08567590554885,
                37.20692123249024
              ],
              [
                127.08570010166106,
                37.20686878323101
              ],
              [
                127.08578928131601,
                37.20665276689483
              ],
              [
                127.08581284669857,
                37.20658083784288
              ],
              [
                127.085850715122,
                37.2064652063903
              ],
              [
                127.08589457931063,
                37.206301212060644
              ],
              [
                127.08594997060216,
                37.206009974180795
              ],
              [
                127.08595581015065,
                37.205933281403574
              ],
              [
                127.0859641080179,
                37.205808022292864
              ],
              [
                127.08596366755476,
                37.2056043860985
              ],
              [
                127.08594531997859,
                37.20511199783505
              ],
              [
                127.08586722013472,
                37.204816979698776
              ],
              [
                127.08586245103515,
                37.2048041883091
              ],
              [
                127.08582790374328,
                37.20471311566851
              ],
              [
                127.08567548509502,
                37.2043112608102
              ],
              [
                127.08546904312675,
                37.20386673340494
              ],
              [
                127.08534318023129,
                37.203709967557
              ],
              [
                127.08416767160827,
                37.20292570576642
              ],
              [
                127.08308269896845,
                37.20181842571975
              ],
              [
                127.08298418468672,
                37.20054998300583
              ],
              [
                127.08297248816027,
                37.20055175357639
              ],
              [
                127.08249625121701,
                37.20059072053367
              ],
              [
                127.0806649789961,
                37.200680257590726
              ],
              [
                127.08026842851685,
                37.20068639259824
              ],
              [
                127.0757108525759,
                37.20009151763978
              ],
              [
                127.07537631675815,
                37.20003181958118
              ],
              [
                127.07460210869708,
                37.19989252230145
              ],
              [
                127.07421811774464,
                37.19980909144636
              ],
              [
                127.06805676580119,
                37.19845164783525
              ],
              [
                127.06560304334182,
                37.19789229378821
              ],
              [
                127.064974988072,
                37.19774910854788
              ],
              [
                127.06443576344046,
                37.1990504616205
              ],
              [
                127.0643923120243,
                37.1990701994817
              ],
              [
                127.06344114434437,
                37.19918756673266
              ],
              [
                127.06108702930241,
                37.199466674350205
              ],
              [
                127.06080563803857,
                37.1994854128108
              ],
              [
                127.06074966471574,
                37.19948149419909
              ],
              [
                127.06058208714295,
                37.19946102468824
              ],
              [
                127.06054186924823,
                37.19945303507987
              ],
              [
                127.06053826415244,
                37.19945231590605
              ],
              [
                127.06051906453905,
                37.199446368379334
              ],
              [
                127.05947709964887,
                37.19950619607992
              ],
              [
                127.05934905670011,
                37.20460508303245
              ],
              [
                127.0594791464238,
                37.205466958024424
              ],
              [
                127.0598358436752,
                37.20641432046681
              ],
              [
                127.06119300769292,
                37.20908920291097
              ],
              [
                127.06179653477874,
                37.21027863646461
              ],
              [
                127.0622490783021,
                37.21099167051341
              ],
              [
                127.0628210719887,
                37.21159687610709
              ],
              [
                127.0635138470884,
                37.21220796310426
              ],
              [
                127.06412191372404,
                37.212142377020406
              ],
              [
                127.07049136904578,
                37.2131478261797
              ],
              [
                127.07065866941187,
                37.2141371624312
              ],
              [
                127.06861350421471,
                37.22249261859192
              ],
              [
                127.06839870516005,
                37.22244255278618
              ],
              [
                127.06842163130932,
                37.22275682364413
              ],
              [
                127.06847980035703,
                37.223046564135814
              ],
              [
                127.07077179639207,
                37.224629187601344
              ],
              [
                127.0710819637741,
                37.22484318273426
              ],
              [
                127.0730689254148,
                37.22617286973307
              ],
              [
                127.07331861843102,
                37.226170284731715
              ],
              [
                127.0734422769623,
                37.22610452400902
              ]
            ]
          ]
        ]
      },
      "properties": {
        "name": "동탄1동",
        "base_year": "2018",
        "name_eng": "Dongtan1-dong",
        "code": "3124061"
      }
    },
    {
      "type": "Feature",
      "geometry": {
        "type": "MultiPolygon",
        "coordinates": [
          [
            [
              [
                127.06017360388324,
                37.22129042219629
              ],
              [
                127.06112284175516,
                37.2205730830441
              ],
              [
                127.06143204862613,
                37.22033838550433
              ],
              [
                127.0615182981664,
                37.22027022350618
              ],
              [
                127.06291717013082,
                37.21716776005405
              ],
              [
                127.06364528702073,
                37.21413069553923
              ],
              [
                127.06401283134296,
                37.21259751426707
              ],
              [
                127.06412191372404,
                37.212142377020406
              ],
              [
                127.0635138470884,
                37.21220796310426
              ],
              [
                127.0628210719887,
                37.21159687610709
              ],
              [
                127.0622490783021,
                37.21099167051341
              ],
              [
                127.06179653477874,
                37.21027863646461
              ],
              [
                127.06119300769292,
                37.20908920291097
              ],
              [
                127.0598358436752,
                37.20641432046681
              ],
              [
                127.0594791464238,
                37.205466958024424
              ],
              [
                127.05934905670011,
                37.20460508303245
              ],
              [
                127.05947709964887,
                37.19950619607992
              ],
              [
                127.06051906453905,
                37.199446368379334
              ],
              [
                127.05957480920515,
                37.19873310048581
              ],
              [
                127.05926685578373,
                37.198524018991925
              ],
              [
                127.05809232580225,
                37.19791582177434
              ],
              [
                127.05671928691801,
                37.197283755551034
              ],
              [
                127.05580996602558,
                37.19726518254838
              ],
              [
                127.05559882205314,
                37.19733144264174
              ],
              [
                127.05521573790472,
                37.19741271074762
              ],
              [
                127.0551710502967,
                37.197421462368936
              ],
              [
                127.05505983529136,
                37.19743953345083
              ],
              [
                127.05488965528683,
                37.197457631686625
              ],
              [
                127.05445445373131,
                37.19749133624523
              ],
              [
                127.05232239107562,
                37.19712086872401
              ],
              [
                127.05178166957047,
                37.19701297393291
              ],
              [
                127.05172534009334,
                37.19699497697242
              ],
              [
                127.05061549702948,
                37.19648618901491
              ],
              [
                127.0502876356278,
                37.19669489504834
              ],
              [
                127.05003582176302,
                37.196930260258576
              ],
              [
                127.050034638996,
                37.19789762218979
              ],
              [
                127.05011727720141,
                37.198187635114195
              ],
              [
                127.0515117751809,
                37.199975720032825
              ],
              [
                127.05194137005866,
                37.20029802022804
              ],
              [
                127.05201315358751,
                37.20034268239252
              ],
              [
                127.05224495659368,
                37.20049522019135
              ],
              [
                127.05249560312866,
                37.200696946159056
              ],
              [
                127.05254824098812,
                37.200747472187736
              ],
              [
                127.05338201226358,
                37.20157598097371
              ],
              [
                127.05339871708756,
                37.20162760417474
              ],
              [
                127.05341408275576,
                37.20169670786223
              ],
              [
                127.05341364654613,
                37.201716620181195
              ],
              [
                127.05339332800925,
                37.20181700523421
              ],
              [
                127.05306936439476,
                37.20280487118886
              ],
              [
                127.05291449485034,
                37.20299460942972
              ],
              [
                127.05288286529527,
                37.2030292230214
              ],
              [
                127.05267829503157,
                37.20318384018995
              ],
              [
                127.05264367159509,
                37.203204061412
              ],
              [
                127.05186351626966,
                37.20365967148366
              ],
              [
                127.04907878359525,
                37.205235545009685
              ],
              [
                127.04881607554958,
                37.206636296135876
              ],
              [
                127.04875426668976,
                37.207053142073164
              ],
              [
                127.04871832268805,
                37.20758170911736
              ],
              [
                127.04873146417611,
                37.20788130105011
              ],
              [
                127.04878422341416,
                37.208666539877555
              ],
              [
                127.04879146837015,
                37.208730388651354
              ],
              [
                127.04881457121427,
                37.2089250049488
              ],
              [
                127.04887453925491,
                37.20933859176399
              ],
              [
                127.04894577742648,
                37.209590552926564
              ],
              [
                127.04897761129483,
                37.20969226771769
              ],
              [
                127.04902928604865,
                37.2098183941271
              ],
              [
                127.0491155766224,
                37.20999433222622
              ],
              [
                127.0492785264071,
                37.21025394719555
              ],
              [
                127.04938169215079,
                37.21039149543389
              ],
              [
                127.04950987077,
                37.210533627698084
              ],
              [
                127.05034748955758,
                37.21145045824316
              ],
              [
                127.05096802867347,
                37.21131747734433
              ],
              [
                127.05134189402473,
                37.210876476440255
              ],
              [
                127.05107566865559,
                37.210534425533744
              ],
              [
                127.05104014505314,
                37.21048028797064
              ],
              [
                127.05101419882344,
                37.21042272143189
              ],
              [
                127.05099737109235,
                37.21036308040288
              ],
              [
                127.05098325130314,
                37.21030064411105
              ],
              [
                127.05097633569129,
                37.21023739356349
              ],
              [
                127.05097933728428,
                37.21017413896946
              ],
              [
                127.050986282008,
                37.2101109734159
              ],
              [
                127.05099728063429,
                37.21004834596689
              ],
              [
                127.05101796858858,
                37.209987156003294
              ],
              [
                127.05104699427379,
                37.20992821496143
              ],
              [
                127.05143975636405,
                37.209147387516005
              ],
              [
                127.05188026420515,
                37.20874513582914
              ],
              [
                127.0532578341428,
                37.208233400343886
              ],
              [
                127.05387449528553,
                37.20818027732134
              ],
              [
                127.05452100946037,
                37.2082890651295
              ],
              [
                127.05449156460207,
                37.208547949441936
              ],
              [
                127.05447831657038,
                37.20861300983972
              ],
              [
                127.05445333418837,
                37.208653387135435
              ],
              [
                127.05443026648274,
                37.20868592570832
              ],
              [
                127.05440044176943,
                37.208729098937
              ],
              [
                127.05434968979354,
                37.20880706136567
              ],
              [
                127.05417560913799,
                37.209083849331165
              ],
              [
                127.05414916536205,
                37.209127561685214
              ],
              [
                127.05412520169985,
                37.20917001242876
              ],
              [
                127.05399559661545,
                37.20941965857615
              ],
              [
                127.0539741083829,
                37.209461386496905
              ],
              [
                127.05395498672577,
                37.209503924074106
              ],
              [
                127.0539389062307,
                37.20954709120357
              ],
              [
                127.05392429217612,
                37.20959043876651
              ],
              [
                127.05391204312637,
                37.20963441333732
              ],
              [
                127.05390283679513,
                37.20967883965219
              ],
              [
                127.05389599536353,
                37.20972335414655
              ],
              [
                127.05389197144211,
                37.20976822880343
              ],
              [
                127.05388986012628,
                37.209813101754484
              ],
              [
                127.05389248345246,
                37.20985815108475
              ],
              [
                127.05389904952054,
                37.209902930621645
              ],
              [
                127.05390775330666,
                37.20994752865621
              ],
              [
                127.05391983852348,
                37.209991674413615
              ],
              [
                127.05393620323515,
                37.21003482671515
              ],
              [
                127.05401587642412,
                37.21023851780077
              ],
              [
                127.05459327293775,
                37.21093719916007
              ],
              [
                127.05708896207655,
                37.21173681232649
              ],
              [
                127.05532588145266,
                37.212691650552145
              ],
              [
                127.05333759470047,
                37.21420812669968
              ],
              [
                127.05331525602894,
                37.214226166157594
              ],
              [
                127.05322217079505,
                37.21430135439716
              ],
              [
                127.05277849179912,
                37.21473891202286
              ],
              [
                127.05284867832684,
                37.214820155616685
              ],
              [
                127.05289059429634,
                37.21486135088907
              ],
              [
                127.0529270740039,
                37.21489688150049
              ],
              [
                127.05296637008333,
                37.21492672550331
              ],
              [
                127.05534821880192,
                37.217139227518665
              ],
              [
                127.05651250024044,
                37.21867406006773
              ],
              [
                127.06017360388324,
                37.22129042219629
              ]
            ]
          ]
        ]
      },
      "properties": {
        "name": "동탄3동",
        "base_year": "2018",
        "name_eng": "Dongtan3-dong",
        "code": "3124062"
      }
    },
    {
      "type": "Feature",
      "geometry": {
        "type": "MultiPolygon",
        "coordinates": [
          [
            [
              [
                127.1130790667881,
                37.183929969647146
              ],
              [
                127.11191502320855,
                37.18424036916004
              ],
              [
                127.11177208941203,
                37.184246566826545
              ],
              [
                127.11165199154118,
                37.18425176919805
              ],
              [
                127.10868591124238,
                37.18435147834574
              ],
              [
                127.10803457987588,
                37.18430102971561
              ],
              [
                127.10775541124777,
                37.18437772528671
              ],
              [
                127.10774131284072,
                37.18438159934289
              ],
              [
                127.10716101049505,
                37.18454105696283
              ],
              [
                127.1067555667531,
                37.18465246419872
              ],
              [
                127.10537899321852,
                37.185127917406824
              ],
              [
                127.10517622805835,
                37.18517927482957
              ],
              [
                127.10494096875733,
                37.185310807547694
              ],
              [
                127.10481384432445,
                37.18538388538883
              ],
              [
                127.10471819296416,
                37.18543842786261
              ],
              [
                127.10468680749918,
                37.18544724078812
              ],
              [
                127.10466845634653,
                37.18545123950427
              ],
              [
                127.10466261261803,
                37.18545251442892
              ],
              [
                127.10462614845305,
                37.185472868970926
              ],
              [
                127.10455987116259,
                37.18550986534287
              ],
              [
                127.1044601059811,
                37.18557847658667
              ],
              [
                127.10411780086442,
                37.18585990067229
              ],
              [
                127.10406717380178,
                37.18590660025225
              ],
              [
                127.10337651364607,
                37.18631483866302
              ],
              [
                127.10313514675032,
                37.186440156433086
              ],
              [
                127.10277681332406,
                37.18665030800409
              ],
              [
                127.10100691351171,
                37.18909592229809
              ],
              [
                127.10011418634585,
                37.189411602695934
              ],
              [
                127.09966483771863,
                37.190053475137525
              ],
              [
                127.09914165894126,
                37.19081266033281
              ],
              [
                127.09882324600571,
                37.19257959382994
              ],
              [
                127.09881443805098,
                37.194513938243155
              ],
              [
                127.0987896242751,
                37.20135655612266
              ],
              [
                127.09879165256663,
                37.20407761770422
              ],
              [
                127.09879697646696,
                37.20471537134481
              ],
              [
                127.09958538339812,
                37.20471003622651
              ],
              [
                127.10067425982203,
                37.204650291583725
              ],
              [
                127.10442634050314,
                37.20418972146163
              ],
              [
                127.10546379417634,
                37.204015185109526
              ],
              [
                127.1071296539825,
                37.203652212296525
              ],
              [
                127.10764992045637,
                37.2035418196791
              ],
              [
                127.10797537523689,
                37.20347863499908
              ],
              [
                127.1084575066458,
                37.20340719849666
              ],
              [
                127.1089826853691,
                37.203348515504665
              ],
              [
                127.10931429817008,
                37.203339924912704
              ],
              [
                127.10946028008736,
                37.203336187687015
              ],
              [
                127.10960311176288,
                37.20333452575386
              ],
              [
                127.11039905056913,
                37.2033296518389
              ],
              [
                127.11121860864202,
                37.203377372338124
              ],
              [
                127.11290512605609,
                37.20353203932312
              ],
              [
                127.11374771033988,
                37.20360855350619
              ],
              [
                127.11466791288235,
                37.20368841143352
              ],
              [
                127.11526530945254,
                37.203715051673946
              ],
              [
                127.1159755332332,
                37.20371256520374
              ],
              [
                127.11633631207772,
                37.20369689774357
              ],
              [
                127.11663760493485,
                37.20367543084552
              ],
              [
                127.11680136689182,
                37.20365932343486
              ],
              [
                127.1173246243767,
                37.2036001555459
              ],
              [
                127.11773142269246,
                37.20355055931939
              ],
              [
                127.11837793181016,
                37.203431076505666
              ],
              [
                127.120965032902,
                37.20292436203184
              ],
              [
                127.12093385084746,
                37.20272309982845
              ],
              [
                127.12092486061245,
                37.202665171903384
              ],
              [
                127.12081618145783,
                37.201963187973995
              ],
              [
                127.12721223916904,
                37.201414956229215
              ],
              [
                127.12837228219693,
                37.20131550617554
              ],
              [
                127.12924324935706,
                37.201242270042286
              ],
              [
                127.12962971572438,
                37.2012117854522
              ],
              [
                127.13001234083778,
                37.20120104464683
              ],
              [
                127.13034255320353,
                37.201247076878694
              ],
              [
                127.13045786721496,
                37.20095778740013
              ],
              [
                127.13073648762813,
                37.20017961312189
              ],
              [
                127.13131298830676,
                37.19825150415159
              ],
              [
                127.13132778290365,
                37.198162186436505
              ],
              [
                127.13134197948254,
                37.19807279474457
              ],
              [
                127.13135557905835,
                37.197983352515735
              ],
              [
                127.1313810098503,
                37.197804294885046
              ],
              [
                127.131392830868,
                37.19771469207149
              ],
              [
                127.13140405265486,
                37.19762503510928
              ],
              [
                127.13141467967637,
                37.19753533302658
              ],
              [
                127.13142470741866,
                37.19744558761229
              ],
              [
                127.1314341381462,
                37.19735579707082
              ],
              [
                127.13144241917813,
                37.19727163674952
              ],
              [
                127.13145861519756,
                37.19708681198743
              ],
              [
                127.13146565656788,
                37.196996880596494
              ],
              [
                127.13147211436778,
                37.196906922148955
              ],
              [
                127.1314779524896,
                37.19681694734953
              ],
              [
                127.1314832048443,
                37.196726934670004
              ],
              [
                127.13148787244674,
                37.19663690755021
              ],
              [
                127.13149191814153,
                37.1965468604662
              ],
              [
                127.13149538022385,
                37.196456797142794
              ],
              [
                127.13149823160937,
                37.196366726509865
              ],
              [
                127.13150048787708,
                37.19627645751747
              ],
              [
                127.1315021463566,
                37.19618654001616
              ],
              [
                127.13150320849945,
                37.19609644398264
              ],
              [
                127.13150366334312,
                37.196006338847475
              ],
              [
                127.13150352073636,
                37.195916053373836
              ],
              [
                127.13150279043836,
                37.19582613023967
              ],
              [
                127.13150146603063,
                37.195736035791484
              ],
              [
                127.13150050838512,
                37.19569202095041
              ],
              [
                127.12999597214264,
                37.19604643062648
              ],
              [
                127.1264145465532,
                37.19620991637859
              ],
              [
                127.12523031666795,
                37.196032941734906
              ],
              [
                127.12273054346078,
                37.19513619238476
              ],
              [
                127.11981176516021,
                37.19350682745184
              ],
              [
                127.1201299445403,
                37.19285118846756
              ],
              [
                127.1207412591012,
                37.191615704828536
              ],
              [
                127.12143237676955,
                37.191254047243426
              ],
              [
                127.12091518621494,
                37.19088428534205
              ],
              [
                127.11931478407308,
                37.18974005459305
              ],
              [
                127.11783913696893,
                37.1893235260537
              ],
              [
                127.117486981169,
                37.18926940301876
              ],
              [
                127.11662017719371,
                37.18915282372258
              ],
              [
                127.11358485835423,
                37.184638950696176
              ],
              [
                127.1130790667881,
                37.183929969647146
              ]
            ]
          ]
        ]
      },
      "properties": {
        "name": "동탄4동",
        "base_year": "2018",
        "name_eng": "Dongtan4-dong",
        "code": "3124064"
      }
    },
    {
      "type": "Feature",
      "geometry": {
        "type": "MultiPolygon",
        "coordinates": [
          [
            [
              [
                127.11934086867723,
                37.219328932460066
              ],
              [
                127.12029468606183,
                37.2193367110786
              ],
              [
                127.12205758430353,
                37.21899675103214
              ],
              [
                127.13075250878458,
                37.21701514909484
              ],
              [
                127.13193465301042,
                37.216731998692936
              ],
              [
                127.13276606729372,
                37.21652158816273
              ],
              [
                127.13284400745479,
                37.216501507607944
              ],
              [
                127.13288940415113,
                37.21648485153718
              ],
              [
                127.13362163697063,
                37.21613318925814
              ],
              [
                127.13376909135846,
                37.21589453675726
              ],
              [
                127.13379019935972,
                37.215885223801045
              ],
              [
                127.13420901887604,
                37.2158042205554
              ],
              [
                127.13466939658424,
                37.21572880021649
              ],
              [
                127.13472325609283,
                37.21572000815935
              ],
              [
                127.1361493609219,
                37.21554580116097
              ],
              [
                127.13620075908592,
                37.215540660575336
              ],
              [
                127.1362796195715,
                37.21553859786599
              ],
              [
                127.1366846652745,
                37.21553251432881
              ],
              [
                127.13680878407683,
                37.215544473521895
              ],
              [
                127.13731533788528,
                37.21560105554214
              ],
              [
                127.13733771338316,
                37.21560750870622
              ],
              [
                127.13746562862208,
                37.21566959696537
              ],
              [
                127.13904504125209,
                37.21655866928674
              ],
              [
                127.14322677616225,
                37.21860726767989
              ],
              [
                127.14323628959997,
                37.21860979683261
              ],
              [
                127.14587399158303,
                37.219191441313875
              ],
              [
                127.14595286128055,
                37.21919275156768
              ],
              [
                127.14604281864071,
                37.2191940561433
              ],
              [
                127.1461038947408,
                37.219187782784445
              ],
              [
                127.14645139360852,
                37.21908571155021
              ],
              [
                127.14665141692025,
                37.21901759974665
              ],
              [
                127.14666373485134,
                37.21901335842546
              ],
              [
                127.14677497947453,
                37.21900562716384
              ],
              [
                127.15025413566309,
                37.21973311662005
              ],
              [
                127.15069057440905,
                37.22000964674334
              ],
              [
                127.15084382153825,
                37.21986950376576
              ],
              [
                127.15086559175847,
                37.21984273311459
              ],
              [
                127.15179905705708,
                37.21854883866467
              ],
              [
                127.15179928663522,
                37.21854842559461
              ],
              [
                127.15200668823147,
                37.218170020382466
              ],
              [
                127.15186527173735,
                37.21785044696639
              ],
              [
                127.15159568936724,
                37.21728453898475
              ],
              [
                127.15154522665766,
                37.21713649876686
              ],
              [
                127.15127637149091,
                37.21622340771048
              ],
              [
                127.15148950573531,
                37.21433207740219
              ],
              [
                127.15172699692317,
                37.21387484463603
              ],
              [
                127.15509351653866,
                37.209691876927856
              ],
              [
                127.15542713224582,
                37.20954305119654
              ],
              [
                127.15630131891456,
                37.20880080449418
              ],
              [
                127.1564256186451,
                37.208646338554175
              ],
              [
                127.15672572200228,
                37.208213658061574
              ],
              [
                127.15720967421147,
                37.20737133541049
              ],
              [
                127.15721845853835,
                37.20734001350024
              ],
              [
                127.15732692374078,
                37.20694824139753
              ],
              [
                127.1553453696609,
                37.2043572414368
              ],
              [
                127.15337705804642,
                37.20189345379874
              ],
              [
                127.15274443914144,
                37.20098589358467
              ],
              [
                127.1520607909676,
                37.19953580372256
              ],
              [
                127.15200236651818,
                37.19918475090681
              ],
              [
                127.15202552492235,
                37.199061106076954
              ],
              [
                127.15214687454538,
                37.198665349457045
              ],
              [
                127.15223177894303,
                37.198418980653834
              ],
              [
                127.14984717051036,
                37.19780271250491
              ],
              [
                127.14914836855357,
                37.19732483306025
              ],
              [
                127.14898215139837,
                37.19724943365365
              ],
              [
                127.14862536803504,
                37.197092987615335
              ],
              [
                127.14768085064644,
                37.19693334732644
              ],
              [
                127.14403526857467,
                37.19632609678029
              ],
              [
                127.13762145618544,
                37.195347877894356
              ],
              [
                127.1360944828379,
                37.19531585946138
              ],
              [
                127.13583149307789,
                37.19537669956324
              ],
              [
                127.13519926291784,
                37.19566405512458
              ],
              [
                127.13372108974765,
                37.19646515315553
              ],
              [
                127.13150050838512,
                37.19569202095041
              ],
              [
                127.13150146603063,
                37.195736035791484
              ],
              [
                127.13150279043836,
                37.19582613023967
              ],
              [
                127.13150352073636,
                37.195916053373836
              ],
              [
                127.13150366334312,
                37.196006338847475
              ],
              [
                127.13150320849945,
                37.19609644398264
              ],
              [
                127.1315021463566,
                37.19618654001616
              ],
              [
                127.13150048787708,
                37.19627645751747
              ],
              [
                127.13149823160937,
                37.196366726509865
              ],
              [
                127.13149538022385,
                37.196456797142794
              ],
              [
                127.13149191814153,
                37.1965468604662
              ],
              [
                127.13148787244674,
                37.19663690755021
              ],
              [
                127.1314832048443,
                37.196726934670004
              ],
              [
                127.1314779524896,
                37.19681694734953
              ],
              [
                127.13147211436778,
                37.196906922148955
              ],
              [
                127.13146565656788,
                37.196996880596494
              ],
              [
                127.13145861519756,
                37.19708681198743
              ],
              [
                127.13144241917813,
                37.19727163674952
              ],
              [
                127.1314341381462,
                37.19735579707082
              ],
              [
                127.13142470741866,
                37.19744558761229
              ],
              [
                127.13141467967637,
                37.19753533302658
              ],
              [
                127.13140405265486,
                37.19762503510928
              ],
              [
                127.131392830868,
                37.19771469207149
              ],
              [
                127.1313810098503,
                37.197804294885046
              ],
              [
                127.13135557905835,
                37.197983352515735
              ],
              [
                127.13134197948254,
                37.19807279474457
              ],
              [
                127.13132778290365,
                37.198162186436505
              ],
              [
                127.13131298830676,
                37.19825150415159
              ],
              [
                127.13073648762813,
                37.20017961312189
              ],
              [
                127.13045786721496,
                37.20095778740013
              ],
              [
                127.13034255320353,
                37.201247076878694
              ],
              [
                127.13001234083778,
                37.20120104464683
              ],
              [
                127.12962971572438,
                37.2012117854522
              ],
              [
                127.12924324935706,
                37.201242270042286
              ],
              [
                127.12837228219693,
                37.20131550617554
              ],
              [
                127.12721223916904,
                37.201414956229215
              ],
              [
                127.12081618145783,
                37.201963187973995
              ],
              [
                127.12092486061245,
                37.202665171903384
              ],
              [
                127.12093385084746,
                37.20272309982845
              ],
              [
                127.120965032902,
                37.20292436203184
              ],
              [
                127.11837793181016,
                37.203431076505666
              ],
              [
                127.11773142269246,
                37.20355055931939
              ],
              [
                127.1173246243767,
                37.2036001555459
              ],
              [
                127.11680136689182,
                37.20365932343486
              ],
              [
                127.11663760493485,
                37.20367543084552
              ],
              [
                127.11633631207772,
                37.20369689774357
              ],
              [
                127.1159755332332,
                37.20371256520374
              ],
              [
                127.11526530945254,
                37.203715051673946
              ],
              [
                127.11466791288235,
                37.20368841143352
              ],
              [
                127.11374771033988,
                37.20360855350619
              ],
              [
                127.11290512605609,
                37.20353203932312
              ],
              [
                127.11121860864202,
                37.203377372338124
              ],
              [
                127.11039905056913,
                37.2033296518389
              ],
              [
                127.10960311176288,
                37.20333452575386
              ],
              [
                127.10946028008736,
                37.203336187687015
              ],
              [
                127.10931429817008,
                37.203339924912704
              ],
              [
                127.1089826853691,
                37.203348515504665
              ],
              [
                127.1084575066458,
                37.20340719849666
              ],
              [
                127.10797537523689,
                37.20347863499908
              ],
              [
                127.10764992045637,
                37.2035418196791
              ],
              [
                127.1071296539825,
                37.203652212296525
              ],
              [
                127.10546379417634,
                37.204015185109526
              ],
              [
                127.10442634050314,
                37.20418972146163
              ],
              [
                127.10067425982203,
                37.204650291583725
              ],
              [
                127.09958538339812,
                37.20471003622651
              ],
              [
                127.09879697646696,
                37.20471537134481
              ],
              [
                127.08582790374328,
                37.20471311566851
              ],
              [
                127.08586245103515,
                37.2048041883091
              ],
              [
                127.08586722013472,
                37.204816979698776
              ],
              [
                127.08594531997859,
                37.20511199783505
              ],
              [
                127.08596366755476,
                37.2056043860985
              ],
              [
                127.0859641080179,
                37.205808022292864
              ],
              [
                127.08595581015065,
                37.205933281403574
              ],
              [
                127.08594997060216,
                37.206009974180795
              ],
              [
                127.08589457931063,
                37.206301212060644
              ],
              [
                127.085850715122,
                37.2064652063903
              ],
              [
                127.08581284669857,
                37.20658083784288
              ],
              [
                127.08578928131601,
                37.20665276689483
              ],
              [
                127.08570010166106,
                37.20686878323101
              ],
              [
                127.08567590554885,
                37.20692123249024
              ],
              [
                127.08556100539337,
                37.207168253613034
              ],
              [
                127.08551805142697,
                37.207249251408655
              ],
              [
                127.08510679363006,
                37.20792857794559
              ],
              [
                127.084908413477,
                37.20826566278624
              ],
              [
                127.0847978070077,
                37.20846661112317
              ],
              [
                127.08458905912406,
                37.20886354116908
              ],
              [
                127.08435337552048,
                37.209385545351715
              ],
              [
                127.08425616860269,
                37.209822223198266
              ],
              [
                127.0842898347543,
                37.210012761260984
              ],
              [
                127.0843502038823,
                37.21020500111667
              ],
              [
                127.0844338819893,
                37.21046176772392
              ],
              [
                127.08461848849927,
                37.21096240083291
              ],
              [
                127.08493267533709,
                37.21134244717393
              ],
              [
                127.085252169884,
                37.211719875543785
              ],
              [
                127.08571698049113,
                37.212286410373345
              ],
              [
                127.086883847572,
                37.21371886338099
              ],
              [
                127.08769653803671,
                37.21476349447352
              ],
              [
                127.08778331971845,
                37.21494956865044
              ],
              [
                127.08823399110345,
                37.21660197883246
              ],
              [
                127.08893336341622,
                37.21660473255799
              ],
              [
                127.09199945781052,
                37.21729409514829
              ],
              [
                127.09931339994904,
                37.21880653789504
              ],
              [
                127.10389458649554,
                37.21973073866942
              ],
              [
                127.10463834159252,
                37.21983371392913
              ],
              [
                127.10483024023249,
                37.21984340442122
              ],
              [
                127.1048640391646,
                37.21984224800564
              ],
              [
                127.10502141932106,
                37.219836758768544
              ],
              [
                127.10644167727773,
                37.219784826024885
              ],
              [
                127.1070489456415,
                37.21971642821909
              ],
              [
                127.10743459283553,
                37.21967074388934
              ],
              [
                127.1080747339694,
                37.219576128775316
              ],
              [
                127.10868421811136,
                37.21945872238337
              ],
              [
                127.11511604356379,
                37.21913313713377
              ],
              [
                127.11520142889829,
                37.21913615483088
              ],
              [
                127.11549697245725,
                37.219228516990405
              ],
              [
                127.11568208533647,
                37.21928914948294
              ],
              [
                127.11585784348787,
                37.219449762126246
              ],
              [
                127.11633328511127,
                37.21976466544051
              ],
              [
                127.11729133440569,
                37.22000223091993
              ],
              [
                127.11741634825455,
                37.22001477670554
              ],
              [
                127.11758429419802,
                37.22001545968841
              ],
              [
                127.11767453817916,
                37.22001209132329
              ],
              [
                127.11770822593758,
                37.22001083172874
              ],
              [
                127.11783538775073,
                37.2200033376204
              ],
              [
                127.11788794970956,
                37.220000239552974
              ],
              [
                127.11798986256004,
                37.219988019847065
              ],
              [
                127.11809018571402,
                37.21997498276252
              ],
              [
                127.1182137307592,
                37.219947541194934
              ],
              [
                127.11838407882257,
                37.21990654715924
              ],
              [
                127.11845251915508,
                37.2198805746506
              ],
              [
                127.11851181007535,
                37.21985377308829
              ],
              [
                127.11934086867723,
                37.219328932460066
              ]
            ]
          ]
        ]
      },
      "properties": {
        "name": "동탄5동",
        "base_year": "2018",
        "name_eng": "Dongtan5-dong",
        "code": "3124065"
      }
    },
    {
      "type": "Feature",
      "geometry": {
        "type": "MultiPolygon",
        "coordinates": [
          [
            [
              [
                127.13372108974765,
                37.19646515315553
              ],
              [
                127.13519926291784,
                37.19566405512458
              ],
              [
                127.13583149307789,
                37.19537669956324
              ],
              [
                127.1360944828379,
                37.19531585946138
              ],
              [
                127.13762145618544,
                37.195347877894356
              ],
              [
                127.14403526857467,
                37.19632609678029
              ],
              [
                127.14768085064644,
                37.19693334732644
              ],
              [
                127.14862536803504,
                37.197092987615335
              ],
              [
                127.14898215139837,
                37.19724943365365
              ],
              [
                127.14914836855357,
                37.19732483306025
              ],
              [
                127.14984717051036,
                37.19780271250491
              ],
              [
                127.15223177894303,
                37.198418980653834
              ],
              [
                127.15473092328241,
                37.19739267991786
              ],
              [
                127.1560774088625,
                37.19633980852702
              ],
              [
                127.15939102309952,
                37.19335030485641
              ],
              [
                127.16092990858131,
                37.190293421734815
              ],
              [
                127.16042362709686,
                37.18827857102055
              ],
              [
                127.15945834798141,
                37.185006117959084
              ],
              [
                127.15943662784098,
                37.18279899850087
              ],
              [
                127.15971730770653,
                37.18238864801042
              ],
              [
                127.16022164351487,
                37.181230128176004
              ],
              [
                127.16049463673372,
                37.180601561698616
              ],
              [
                127.16057810481651,
                37.18035155196315
              ],
              [
                127.16065790383101,
                37.17987552088891
              ],
              [
                127.1598038491486,
                37.179506029871106
              ],
              [
                127.15954880494539,
                37.17895673085244
              ],
              [
                127.15927152246059,
                37.17828722627558
              ],
              [
                127.15912026218153,
                37.17797488121186
              ],
              [
                127.15795436759936,
                37.17709142642652
              ],
              [
                127.15774206484711,
                37.17695147679092
              ],
              [
                127.15687122740366,
                37.17665218558249
              ],
              [
                127.15658459502451,
                37.17655991511365
              ],
              [
                127.15632570357208,
                37.176520832884876
              ],
              [
                127.1553968777321,
                37.17668958289225
              ],
              [
                127.15388931870152,
                37.175869046390595
              ],
              [
                127.15384760431645,
                37.17551233868073
              ],
              [
                127.15311338771868,
                37.173659095414514
              ],
              [
                127.15297645129601,
                37.17345456160137
              ],
              [
                127.15165919953698,
                37.17167357702206
              ],
              [
                127.14871325565419,
                37.16989178255366
              ],
              [
                127.14838405736927,
                37.16978462342809
              ],
              [
                127.14055760461906,
                37.16913925252186
              ],
              [
                127.140262275242,
                37.169165791737754
              ],
              [
                127.13885484816839,
                37.16936256271917
              ],
              [
                127.13404789727046,
                37.16932692078355
              ],
              [
                127.13374549905909,
                37.169307249786584
              ],
              [
                127.13348991159734,
                37.16925377472433
              ],
              [
                127.13302414306428,
                37.16896852903035
              ],
              [
                127.13251923151297,
                37.16822132425777
              ],
              [
                127.13252110518837,
                37.16810606918181
              ],
              [
                127.13286290274948,
                37.167473917072684
              ],
              [
                127.13346208291834,
                37.16653531019948
              ],
              [
                127.13359844902227,
                37.166349881362606
              ],
              [
                127.13378250956117,
                37.16627815071071
              ],
              [
                127.13400048262214,
                37.16612006642207
              ],
              [
                127.13408487104866,
                37.16509061441796
              ],
              [
                127.1312018167254,
                37.16262803669296
              ],
              [
                127.13078586914135,
                37.16244607401427
              ],
              [
                127.1304675983088,
                37.162329211669636
              ],
              [
                127.13006859676548,
                37.16220643561911
              ],
              [
                127.12992672796202,
                37.16217186338112
              ],
              [
                127.1294354200304,
                37.16212867564039
              ],
              [
                127.12900727816793,
                37.16199538456106
              ],
              [
                127.12831555717152,
                37.16099441524191
              ],
              [
                127.12826117176019,
                37.160665300921664
              ],
              [
                127.12830839601588,
                37.16029243248084
              ],
              [
                127.1290211554158,
                37.15585301632396
              ],
              [
                127.12958297175867,
                37.15282516603881
              ],
              [
                127.12991302417421,
                37.1510998446615
              ],
              [
                127.12912332911425,
                37.14832645351079
              ],
              [
                127.12830752684258,
                37.14639005739729
              ],
              [
                127.12769623925817,
                37.14547051858552
              ],
              [
                127.12628092409261,
                37.145537343096414
              ],
              [
                127.12469903879224,
                37.14538018682971
              ],
              [
                127.12464203763335,
                37.14536559540114
              ],
              [
                127.12438700549984,
                37.145256337282405
              ],
              [
                127.12327578476248,
                37.144771464666455
              ],
              [
                127.12313545355232,
                37.14467700722894
              ],
              [
                127.1229413627459,
                37.14449320161362
              ],
              [
                127.11982166426323,
                37.14459560859682
              ],
              [
                127.11598294726643,
                37.1442569783079
              ],
              [
                127.11485746130124,
                37.14431212229717
              ],
              [
                127.1138222318269,
                37.14451133986513
              ],
              [
                127.11196416882709,
                37.14414647403847
              ],
              [
                127.11114234321718,
                37.14379300667652
              ],
              [
                127.10882228842189,
                37.142803980078504
              ],
              [
                127.10434115195987,
                37.141726679561316
              ],
              [
                127.10375610584448,
                37.14188937509443
              ],
              [
                127.10303835872602,
                37.14386329056271
              ],
              [
                127.1007827530591,
                37.1461250620879
              ],
              [
                127.10074726092616,
                37.146133210234865
              ],
              [
                127.10037768165611,
                37.14634892535603
              ],
              [
                127.09829045423523,
                37.15284090517944
              ],
              [
                127.09870520252171,
                37.15397857083845
              ],
              [
                127.09870525436153,
                37.15397899017124
              ],
              [
                127.0983534462829,
                37.155346623489024
              ],
              [
                127.09810206317619,
                37.15573033401182
              ],
              [
                127.09486123733265,
                37.15855392874105
              ],
              [
                127.09386262381462,
                37.15912714890316
              ],
              [
                127.08748057744346,
                37.16073906806159
              ],
              [
                127.08391976765778,
                37.16115608046943
              ],
              [
                127.08016280007409,
                37.161595373445856
              ],
              [
                127.07966752909842,
                37.16168579710623
              ],
              [
                127.0794426141296,
                37.16192922854446
              ],
              [
                127.07856872198683,
                37.162205285064196
              ],
              [
                127.07696611835968,
                37.16226421995047
              ],
              [
                127.07572808603435,
                37.162715099789814
              ],
              [
                127.07590907819262,
                37.163535369444986
              ],
              [
                127.07589798825789,
                37.163706575371314
              ],
              [
                127.07576299941081,
                37.16382379669133
              ],
              [
                127.07337803926856,
                37.16583419101449
              ],
              [
                127.07130263283254,
                37.16823588168099
              ],
              [
                127.07069106191697,
                37.17057502944065
              ],
              [
                127.07058106033998,
                37.17311111897823
              ],
              [
                127.0707560302757,
                37.17397574414748
              ],
              [
                127.07202652056141,
                37.17614496986482
              ],
              [
                127.07210498299476,
                37.177030629085856
              ],
              [
                127.07221902257761,
                37.17894359370288
              ],
              [
                127.07200733077592,
                37.1816320837212
              ],
              [
                127.0717390997552,
                37.183204148670626
              ],
              [
                127.07152549572744,
                37.18375299290729
              ],
              [
                127.07118540153348,
                37.184032566436215
              ],
              [
                127.07311377920219,
                37.18672052159343
              ],
              [
                127.07320260363332,
                37.18704277214191
              ],
              [
                127.07322582130058,
                37.187062671420634
              ],
              [
                127.07333768348275,
                37.18709432069864
              ],
              [
                127.07348534053952,
                37.18710657514512
              ],
              [
                127.07424123590809,
                37.187092237430406
              ],
              [
                127.07493711316611,
                37.186971518993715
              ],
              [
                127.07514789567377,
                37.18692723707753
              ],
              [
                127.07522422959262,
                37.186903942567106
              ],
              [
                127.07853764214539,
                37.18569938763622
              ],
              [
                127.0786418783559,
                37.18565093361112
              ],
              [
                127.07920003384018,
                37.185230501205766
              ],
              [
                127.07933536163192,
                37.18507053020367
              ],
              [
                127.07935943683047,
                37.18501460578062
              ],
              [
                127.07940554733794,
                37.18497437917684
              ],
              [
                127.07968330659283,
                37.184738728070364
              ],
              [
                127.07971720222395,
                37.184715326062054
              ],
              [
                127.07984358389203,
                37.18464868608591
              ],
              [
                127.07991391570225,
                37.18461730144966
              ],
              [
                127.07996255374583,
                37.18459559851202
              ],
              [
                127.08007086355235,
                37.18455794390692
              ],
              [
                127.08080303750795,
                37.184436364924274
              ],
              [
                127.08257572589315,
                37.18424331667676
              ],
              [
                127.08277954379226,
                37.184237590394574
              ],
              [
                127.08299208438817,
                37.184247167085346
              ],
              [
                127.08300048786126,
                37.184270129453424
              ],
              [
                127.08309667775545,
                37.18492364647311
              ],
              [
                127.08319212446285,
                37.18558599453319
              ],
              [
                127.08323525726362,
                37.18590857636372
              ],
              [
                127.08327565496563,
                37.18622376961528
              ],
              [
                127.08354278769336,
                37.188338719670746
              ],
              [
                127.08356325890176,
                37.18868945727812
              ],
              [
                127.08355876163998,
                37.18897662276079
              ],
              [
                127.08355494636587,
                37.18912440595837
              ],
              [
                127.08350986543482,
                37.1893972478159
              ],
              [
                127.08342364839783,
                37.18963484059462
              ],
              [
                127.0832929064706,
                37.189993728753066
              ],
              [
                127.08297405624812,
                37.19060283809835
              ],
              [
                127.08283975403467,
                37.19080575705785
              ],
              [
                127.08275290348381,
                37.19097965540982
              ],
              [
                127.08239454571427,
                37.19170589881508
              ],
              [
                127.08213857110525,
                37.19229244694783
              ],
              [
                127.08218575005591,
                37.19283180803457
              ],
              [
                127.08220719643788,
                37.19302342004726
              ],
              [
                127.08233212701987,
                37.1940828911443
              ],
              [
                127.08235983166719,
                37.19428072503035
              ],
              [
                127.08253131423874,
                37.195461824355036
              ],
              [
                127.08262131068211,
                37.19606452446985
              ],
              [
                127.08296222919004,
                37.197050358460025
              ],
              [
                127.0832183072695,
                37.19762703118718
              ],
              [
                127.08327618659953,
                37.19782125710969
              ],
              [
                127.08332799551184,
                37.19809820353661
              ],
              [
                127.08338585275901,
                37.19840749202247
              ],
              [
                127.08336608838019,
                37.19877612290649
              ],
              [
                127.08324831092597,
                37.19933674383598
              ],
              [
                127.08298812622985,
                37.200079924527046
              ],
              [
                127.08298418468672,
                37.20054998300583
              ],
              [
                127.08308269896845,
                37.20181842571975
              ],
              [
                127.08416767160827,
                37.20292570576642
              ],
              [
                127.08534318023129,
                37.203709967557
              ],
              [
                127.08546904312675,
                37.20386673340494
              ],
              [
                127.08567548509502,
                37.2043112608102
              ],
              [
                127.08582790374328,
                37.20471311566851
              ],
              [
                127.09879697646696,
                37.20471537134481
              ],
              [
                127.09879165256663,
                37.20407761770422
              ],
              [
                127.0987896242751,
                37.20135655612266
              ],
              [
                127.09881443805098,
                37.194513938243155
              ],
              [
                127.09882324600571,
                37.19257959382994
              ],
              [
                127.09914165894126,
                37.19081266033281
              ],
              [
                127.09966483771863,
                37.190053475137525
              ],
              [
                127.10011418634585,
                37.189411602695934
              ],
              [
                127.10100691351171,
                37.18909592229809
              ],
              [
                127.10277681332406,
                37.18665030800409
              ],
              [
                127.10313514675032,
                37.186440156433086
              ],
              [
                127.10337651364607,
                37.18631483866302
              ],
              [
                127.10406717380178,
                37.18590660025225
              ],
              [
                127.10411780086442,
                37.18585990067229
              ],
              [
                127.1044601059811,
                37.18557847658667
              ],
              [
                127.10455987116259,
                37.18550986534287
              ],
              [
                127.10462614845305,
                37.185472868970926
              ],
              [
                127.10466261261803,
                37.18545251442892
              ],
              [
                127.10466845634653,
                37.18545123950427
              ],
              [
                127.10468680749918,
                37.18544724078812
              ],
              [
                127.10471819296416,
                37.18543842786261
              ],
              [
                127.10481384432445,
                37.18538388538883
              ],
              [
                127.10494096875733,
                37.185310807547694
              ],
              [
                127.10517622805835,
                37.18517927482957
              ],
              [
                127.10537899321852,
                37.185127917406824
              ],
              [
                127.1067555667531,
                37.18465246419872
              ],
              [
                127.10716101049505,
                37.18454105696283
              ],
              [
                127.10774131284072,
                37.18438159934289
              ],
              [
                127.10775541124777,
                37.18437772528671
              ],
              [
                127.10803457987588,
                37.18430102971561
              ],
              [
                127.10868591124238,
                37.18435147834574
              ],
              [
                127.11165199154118,
                37.18425176919805
              ],
              [
                127.11177208941203,
                37.184246566826545
              ],
              [
                127.11191502320855,
                37.18424036916004
              ],
              [
                127.1130790667881,
                37.183929969647146
              ],
              [
                127.11358485835423,
                37.184638950696176
              ],
              [
                127.11662017719371,
                37.18915282372258
              ],
              [
                127.117486981169,
                37.18926940301876
              ],
              [
                127.11783913696893,
                37.1893235260537
              ],
              [
                127.11931478407308,
                37.18974005459305
              ],
              [
                127.12091518621494,
                37.19088428534205
              ],
              [
                127.12143237676955,
                37.191254047243426
              ],
              [
                127.1207412591012,
                37.191615704828536
              ],
              [
                127.1201299445403,
                37.19285118846756
              ],
              [
                127.11981176516021,
                37.19350682745184
              ],
              [
                127.12273054346078,
                37.19513619238476
              ],
              [
                127.12523031666795,
                37.196032941734906
              ],
              [
                127.1264145465532,
                37.19620991637859
              ],
              [
                127.12999597214264,
                37.19604643062648
              ],
              [
                127.13150050838512,
                37.19569202095041
              ],
              [
                127.13372108974765,
                37.19646515315553
              ]
            ]
          ]
        ]
      },
      "properties": {
        "name": "동탄6동",
        "base_year": "2018",
        "name_eng": "Dongtan6-dong",
        "code": "3124066"
      }
    },
    {
      "type": "Feature",
      "geometry": {
        "type": "MultiPolygon",
        "coordinates": [
          [
            [
              [
                126.82312170419573,
                37.28679005435786
              ],
              [
                126.82402863145339,
                37.285507384447136
              ],
              [
                126.82496771678183,
                37.28396255008909
              ],
              [
                126.82545589260447,
                37.28277287612967
              ],
              [
                126.82585473090123,
                37.28155884194306
              ],
              [
                126.82640724119759,
                37.27984484846272
              ],
              [
                126.82698808305835,
                37.278297957022474
              ],
              [
                126.82753375394147,
                37.277347091616335
              ],
              [
                126.82810459048217,
                37.27692104805542
              ],
              [
                126.82918126818461,
                37.276664813501384
              ],
              [
                126.8301965625524,
                37.27659901518517
              ],
              [
                126.83118053538736,
                37.27669997540487
              ],
              [
                126.8322608359282,
                37.27690912007461
              ],
              [
                126.83396189104315,
                37.276918703297646
              ],
              [
                126.8350109372992,
                37.27678732521324
              ],
              [
                126.83560665558696,
                37.27656855890037
              ],
              [
                126.83667424175488,
                37.27564442788487
              ],
              [
                126.83706585531723,
                37.275229260898996
              ],
              [
                126.83720171021903,
                37.27502468427203
              ],
              [
                126.8372029273117,
                37.27488586479725
              ],
              [
                126.83718061227465,
                37.27402716901211
              ],
              [
                126.83723949650805,
                37.273238407601816
              ],
              [
                126.83733821573247,
                37.2721865655273
              ],
              [
                126.83922081791286,
                37.26985032695298
              ],
              [
                126.84006450619792,
                37.26892014397597
              ],
              [
                126.8413879336138,
                37.267725513375126
              ],
              [
                126.84277083447934,
                37.267233938539945
              ],
              [
                126.84143930511597,
                37.26628788840661
              ],
              [
                126.84093851722034,
                37.266910031497346
              ],
              [
                126.83826272915144,
                37.26987825051356
              ],
              [
                126.8379700429288,
                37.27015572619196
              ],
              [
                126.83737123151691,
                37.2707201332981
              ],
              [
                126.83643206482292,
                37.2708654437931
              ],
              [
                126.83628820225452,
                37.27088732709135
              ],
              [
                126.8353919446616,
                37.27102758061932
              ],
              [
                126.83508522113904,
                37.27121558158368
              ],
              [
                126.83358781699677,
                37.272133881176984
              ],
              [
                126.832698487949,
                37.2727695186433
              ],
              [
                126.83198296707839,
                37.27328091600711
              ],
              [
                126.83060852909445,
                37.272955884832754
              ],
              [
                126.82999593508153,
                37.27212496733912
              ],
              [
                126.82890075221864,
                37.27064164450665
              ],
              [
                126.82779500989243,
                37.270499088748664
              ],
              [
                126.82731274398948,
                37.27051844603107
              ],
              [
                126.82642153473572,
                37.27105337103599
              ],
              [
                126.82546169762605,
                37.27163113265539
              ],
              [
                126.82541060145093,
                37.27171860932473
              ],
              [
                126.82550390978886,
                37.271858021041076
              ],
              [
                126.82565206873696,
                37.272251163863785
              ],
              [
                126.82560242533513,
                37.27239748040479
              ],
              [
                126.82544181834956,
                37.272576393328784
              ],
              [
                126.82543612704292,
                37.272580647756584
              ],
              [
                126.82537983509124,
                37.272622725410606
              ],
              [
                126.82534190855336,
                37.272651075064964
              ],
              [
                126.8233237832071,
                37.27402797715458
              ],
              [
                126.82064656107741,
                37.2756642198931
              ],
              [
                126.82021679149204,
                37.27588379274259
              ],
              [
                126.82013593233984,
                37.27592315123159
              ],
              [
                126.81981894607044,
                37.2760554507259
              ],
              [
                126.81843064042891,
                37.27663026084479
              ],
              [
                126.81545686466893,
                37.27780944631373
              ],
              [
                126.81416697987196,
                37.278263675388594
              ],
              [
                126.81273116072565,
                37.27875389945983
              ],
              [
                126.81237966931742,
                37.27881912301402
              ],
              [
                126.81221446563076,
                37.27886079132641
              ],
              [
                126.81199850781587,
                37.27892209564104
              ],
              [
                126.81169740784055,
                37.27900931936766
              ],
              [
                126.81007146904615,
                37.280181799133366
              ],
              [
                126.8097100305818,
                37.28050164738984
              ],
              [
                126.80964662977273,
                37.28058010571103
              ],
              [
                126.80967906361352,
                37.28065977322015
              ],
              [
                126.81062804859528,
                37.28260140670532
              ],
              [
                126.81094439076604,
                37.28300435278519
              ],
              [
                126.8112321499437,
                37.2832737563805
              ],
              [
                126.81233006664252,
                37.283919111831594
              ],
              [
                126.81406582925825,
                37.28476431032113
              ],
              [
                126.81396888813029,
                37.284939982915844
              ],
              [
                126.81376841717355,
                37.28515644543513
              ],
              [
                126.81307601276146,
                37.285720569969854
              ],
              [
                126.81258498555542,
                37.28607859502691
              ],
              [
                126.81173403990417,
                37.286330100404435
              ],
              [
                126.81055355732649,
                37.286631776875616
              ],
              [
                126.80839305700535,
                37.285890742466265
              ],
              [
                126.80816962375324,
                37.285769305565964
              ],
              [
                126.80769924912087,
                37.28536000026722
              ],
              [
                126.80750289049253,
                37.28520117817901
              ],
              [
                126.80688219900948,
                37.28482145637984
              ],
              [
                126.80497281025106,
                37.28427587240352
              ],
              [
                126.80462869119145,
                37.28427203854259
              ],
              [
                126.80467032208604,
                37.28736934736719
              ],
              [
                126.80475546645951,
                37.29370370091967
              ],
              [
                126.80626075750489,
                37.29376401386279
              ],
              [
                126.80703684616203,
                37.29376856034802
              ],
              [
                126.80805216845188,
                37.29372680247887
              ],
              [
                126.80924702314711,
                37.293638385671336
              ],
              [
                126.81124955123583,
                37.29336386700778
              ],
              [
                126.81361134070914,
                37.292972152980106
              ],
              [
                126.81521454319183,
                37.29247081517698
              ],
              [
                126.81683842634845,
                37.2917622677484
              ],
              [
                126.81788830315887,
                37.291195944647264
              ],
              [
                126.81920830411886,
                37.29046422243258
              ],
              [
                126.82149412522564,
                37.28854557029429
              ],
              [
                126.82312170419573,
                37.28679005435786
              ]
            ]
          ]
        ]
      },
      "properties": {
        "name": "새솔동",
        "base_year": "2018",
        "name_eng": "Saesol-dong",
        "code": "3124067"
      }
    }
  ]
}